CASE_ID,ACCIDENT_YEAR,PROC_DATE,JURIS,COLLISION_DATE,COLLISION_TIME,OFFICER_ID,REPORTING_DISTRICT,DAY_OF_WEEK,CHP_SHIFT,POPULATION,CNTY_CITY_LOC,SPECIAL_COND,BEAT_TYPE,CHP_BEAT_TYPE,CITY_DIVISION_LAPD,CHP_BEAT_CLASS,BEAT_NUMBER,PRIMARY_RD,SECONDARY_RD,DISTANCE,DIRECTION,INTERSECTION,WEATHER_1,WEATHER_2,STATE_HWY_IND,CALTRANS_COUNTY,CALTRANS_DISTRICT,STATE_ROUTE,ROUTE_SUFFIX,POSTMILE_PREFIX,POSTMILE,LOCATION_TYPE,RAMP_INTERSECTION,SIDE_OF_HWY,TOW_AWAY,COLLISION_SEVERITY,NUMBER_KILLED,NUMBER_INJURED,PARTY_COUNT,PRIMARY_COLL_FACTOR,PCF_CODE_OF_VIOL,PCF_VIOL_CATEGORY,PCF_VIOLATION,PCF_VIOL_SUBSECTION,HIT_AND_RUN,TYPE_OF_COLLISION,MVIW,PED_ACTION,ROAD_SURFACE,ROAD_COND_1,ROAD_COND_2,LIGHTING,CONTROL_DEVICE,CHP_ROAD_TYPE,PEDESTRIAN_ACCIDENT,BICYCLE_ACCIDENT,MOTORCYCLE_ACCIDENT,TRUCK_ACCIDENT,NOT_PRIVATE_PROPERTY,ALCOHOL_INVOLVED,STWD_VEHTYPE_AT_FAULT,CHP_VEHTYPE_AT_FAULT,COUNT_SEVERE_INJ,COUNT_VISIBLE_INJ,COUNT_COMPLAINT_PAIN,COUNT_PED_KILLED,COUNT_PED_INJURED,COUNT_BICYCLIST_KILLED,COUNT_BICYCLIST_INJURED,COUNT_MC_KILLED,COUNT_MC_INJURED,PRIMARY_RAMP,SECONDARY_RAMP,LATITUDE,LONGITUDE,COUNTY,CITY,POINT_X,POINT_Y
81384521,2021,2021-01-11,3015,2021-01-06,1428,1651,RD57S,3,5,6,3015,0,0,0,,0,711M,"E. LINCOLN AVE","N. SANTA FE PL",50.00,E,N,A,-,N,,,,,,,,,,Y,2,0,1,1,A,-,03,22350,,N,H,J,A,A,H,-,A,D,0,,,Y,,Y,,C,02,1,0,0,0,0,0,0,0,1,"- ","- ",,,ORANGE,ORANGE,-117.84700775146484,33.836189270019531
81385592,2021,2021-01-12,3001,2021-01-07,1623,A1047,,4,5,7,3001,0,0,0,,0,D-1,"BROOKHURST STREET","CRESCENT AVENUE",166.00,N,N,A,-,N,,,,,,,,,,Y,2,0,1,2,A,-,03,22350,,N,C,C,A,A,H,-,A,A,0,,,Y,,Y,,C,02,1,0,0,0,0,0,0,0,1,"- ","- ",33.839550018310547,-117.95919036865234,ORANGE,ANAHEIM,-117.95906066894531,33.840274810791016
81390140,2021,2021-01-18,3014,2021-01-04,1129,1418,RD29,1,5,5,3014,0,0,0,,0,"A2  ","DOVER DR","WESTCLIFF DR",0.00,,N,A,-,N,,,,,,,,,,Y,2,0,1,2,A,-,09,21802,,N,D,C,A,A,H,-,A,D,0,,,Y,,Y,,A,01,1,0,0,0,0,0,0,0,1,"- ","- ",,,ORANGE,"NEWPORT BEACH",-117.90422821044922,33.625186920166016
81390315,2021,2021-01-19,3001,2021-01-17,1848,A2440,D-2,7,5,7,3001,0,0,0,,0,D-2,"LINCOLN AVENUE","ILLINOIS STREET",0.00,,Y,A,-,N,,,,,,,,,,Y,3,0,1,2,A,-,09,21804,A,N,D,C,A,A,H,-,C,A,0,,,Y,,Y,,A,08,0,1,0,0,0,0,0,0,1,"- ","- ",33.832740783691406,-117.92588806152344,ORANGE,ANAHEIM,-117.92584991455078,33.832744598388672
81390327,2021,2021-01-19,3010,2021-01-15,1115,3042,252,5,5,6,3010,0,0,0,,0,007,"HEIL AVE","GOTHARD ST",175.00,E,N,A,-,N,,,,,,,,,,Y,4,0,1,2,A,-,09,21804,A,N,D,C,A,A,H,-,A,D,0,,,Y,,Y,,A,01,0,0,1,0,0,0,0,0,1,"- ","- ",33.721839904785156,-118.00007629394531,ORANGE,"HUNTINGTON BEACH",-117.99956512451172,33.722858428955078
81391842,2021,2021-01-21,3001,2021-01-03,0914,A2110,D-3,7,5,7,3001,0,0,0,,0,D-3,"HARBOR BOULEVARD","CONVENTION WAY",0.00,,Y,A,-,N,,,,,,,,,,Y,3,0,1,2,A,-,12,21453,A,N,D,C,A,A,H,-,A,A,0,,,Y,,Y,,C,02,0,1,0,0,0,0,0,0,1,"- ","- ",33.798549652099609,-117.91571807861328,ORANGE,ANAHEIM,-117.91529083251953,33.799671173095703
81396081,2021,2021-01-28,3014,2021-01-14,1658,1462,RD44,4,5,5,3014,0,0,0,,0,"A4  ","MARGUERITE AVE","BAYSIDE DR",0.00,,Y,A,-,N,,,,,,,,,,N,3,0,1,2,A,-,06,21750,A,N,D,C,A,A,H,-,A,D,0,,,Y,,Y,,C,02,0,1,0,0,0,0,0,0,1,"- ","- ",33.596000671386719,-117.87120056152344,ORANGE,"NEWPORT BEACH",-117.87123107910156,33.595954895019531
81398234,2021,2021-01-29,3015,2021-01-15,1415,1098,35E,5,5,6,3015,0,0,0,,0,731M,"BATAVIA ST","STRUCK AVE",713.00,S,N,A,-,N,,,,,,,,,,Y,2,0,1,1,A,-,03,22350,,N,A,I,A,A,H,-,A,D,0,,,Y,,Y,,C,03,1,0,0,0,0,0,0,0,1,"- ","- ",33.806129455566406,-117.86180114746094,ORANGE,ORANGE,-117.86174011230469,33.804065704345703
81399110,2021,2021-02-01,3001,2021-01-22,1805,A2292,D-1,5,5,7,3001,0,0,0,,0,D-1,"BALL ROAD","HALLIDAY STREET",12.00,E,N,B,-,N,,,,,,,,,,Y,2,0,1,2,A,-,09,21801,A,N,D,C,A,A,H,-,C,D,0,,,Y,,Y,,A,01,1,0,0,0,0,0,0,0,1,"- ","- ",33.817310333251953,-117.99678802490234,ORANGE,ANAHEIM,-117.99668884277344,33.817378997802734
81402071,2021,2021-02-03,3007,2021-01-20,1811,301,45,3,5,5,3007,0,0,0,,0,001,SLATER,"SAN MATEO",0.00,,Y,A,-,N,,,,,,,,,,N,3,0,1,1,A,-,03,22350,,N,H,A,A,A,H,-,C,A,0,,,Y,,Y,,C,02,0,1,0,0,0,0,0,0,1,"- ","- ",,,ORANGE,"FOUNTAIN VALLEY",-117.95133972167969,33.708950042724609
81404836,2021,2021-02-09,3010,2021-01-30,2256,2090,178,6,5,6,3010,0,0,0,,0,007,"WARNER AVE","SPRINGDALE ST",705.00,W,N,A,-,N,,,,,,,,,,Y,2,0,1,1,A,-,03,22350,,N,F,I,A,A,G,-,C,D,0,,,Y,,Y,,C,02,1,0,0,0,0,0,0,0,1,"- ","- ",33.715450286865234,-118.02381134033203,ORANGE,"HUNTINGTON BEACH",-118.02628326416016,33.715362548828125
81406526,2021,2021-02-11,3024,2021-01-06,1301,184,P-17,3,5,5,3024,0,0,0,,0,WEST,"OLIVE STREET","PARK STREET",0.00,,Y,A,-,N,,,,,,,,,,N,3,0,1,1,A,-,21,22106,,N,E,I,A,A,H,-,A,A,0,,,Y,,Y,,C,02,0,1,0,0,0,0,0,0,1,"- ","- ",33.756729125976562,-118.00064849853516,ORANGE,WESTMINSTER,-118.00057983398438,33.756786346435547
81408470,2021,2021-02-16,3001,2021-02-09,1750,A2292,D-3,2,5,7,3001,0,0,0,,0,D-3,"WALNUT STREET","KIMBERLY PLACE",170.00,S,N,B,-,N,,,,,,,,,,N,3,0,1,2,A,-,08,22107,,N,B,C,A,A,H,-,C,D,0,,,Y,,Y,,D,22,0,1,0,0,0,0,0,0,1,"- ","- ",33.805618286132812,-117.92833709716797,ORANGE,ANAHEIM,-117.92840576171875,33.805194854736328
81409510,2021,2021-02-17,3015,2021-02-10,1459,1240,RD84,3,5,6,3015,0,0,0,,0,723-M,"CANNON ST","PINYON PINE DR",140.00,N,N,A,-,N,,,,,,,,,,Y,4,0,1,2,A,-,03,22350,,M,C,C,A,A,H,-,A,D,0,,,Y,,Y,,D,22,0,0,1,0,0,0,0,0,1,"- ","- ",33.794139862060547,-117.79271697998047,ORANGE,ORANGE,-117.79258728027344,33.794486999511719
81409566,2021,2021-02-17,3010,2021-02-12,1749,4094,436,5,5,6,3010,0,0,0,,0,003,"BROOKHURST ST","BEACHMONT PLAZA",0.00,,Y,A,-,N,,,,,,,,,,Y,3,0,1,2,A,-,09,21801,A,N,D,C,A,A,H,-,C,A,0,,,Y,,Y,,A,01,0,1,0,0,0,0,0,0,1,"- ","- ",,,ORANGE,"HUNTINGTON BEACH",,
81410302,2021,2021-02-17,3014,2021-02-07,1254,1418,RD15,7,5,5,3014,0,0,0,,0,"A1  ","MCFADDEN PL","22ND ST",30.00,S,N,A,-,N,,,,,,,,,,N,2,0,1,1,A,-,03,22350,,N,F,A,A,A,H,-,A,D,0,,,Y,,Y,,C,03,1,0,0,0,0,0,0,0,1,"- ","- ",,,ORANGE,"NEWPORT BEACH",,
81413140,2021,2021-02-23,3001,2021-02-12,1159,A2332,D-1,5,5,7,3001,0,0,0,,0,D-1,"LINCOLN AVENUE","MULLER STREET",24.00,W,Y,A,-,N,,,,,,,,,,Y,3,0,1,2,A,-,09,21801,A,N,E,I,A,A,H,-,A,A,0,,,Y,,Y,,H,13,0,1,0,0,0,0,0,0,1,"- ","- ",33.831821441650391,-117.95001220703125,ORANGE,ANAHEIM,-117.95024108886719,33.83245849609375
81413176,2021,2021-02-23,3010,2021-02-21,1338,1225,359,7,5,6,3010,0,0,0,,0,004,"PACIFIC COAST HWY - SR1","17TH ST (S)",17.00,E,N,A,-,Y,,,1,,,,,,,N,3,0,1,1,A,-,08,22107,,N,E,I,A,A,H,-,A,A,0,,,Y,,Y,,C,02,0,1,0,0,0,0,0,0,1,"- ","- ",33.664798736572266,-118.01255798339844,ORANGE,"HUNTINGTON BEACH",-118.01252746582031,33.664840698242188
81413178,2021,2021-02-23,3010,2021-02-21,1545,1243,422,7,5,6,3010,0,0,0,,0,005,"BEACH BL - SR39","YORKTOWN AVE",6.00,N,N,A,-,Y,,,,,,,,,,N,3,0,4,2,A,-,04,21703,,N,C,C,A,A,H,-,A,A,0,,,Y,,Y,,C,02,0,2,2,0,0,0,0,0,4,"- ","- ",33.679279327392578,-117.98873138427734,ORANGE,"HUNTINGTON BEACH",-117.98856353759766,33.679454803466797
81414030,2021,2021-02-24,3001,2021-02-19,1827,A2332,D-1,5,5,7,3001,0,0,0,,0,D-1,"ORANGE AVENUE","DALE AVENUE",275.00,W,N,A,-,N,,,,,,,,,,Y,4,0,1,1,A,-,03,22350,,N,F,A,A,A,H,-,C,D,0,,,Y,,Y,,C,02,0,0,1,0,0,0,0,0,1,"- ","- ",33.824588775634766,-117.98467254638672,ORANGE,ANAHEIM,-117.98554992675781,33.824817657470703
81418473,2021,2021-03-02,3001,2021-02-28,0805,A2461,D-3,7,5,7,3001,0,0,0,,0,D-3,"MOUNTAIN VIEW AVENUE","ORANGEWOOD AVENUE",9.00,N,N,G,-,N,,,,,,,,,,N,4,0,1,2,A,-,12,21453,A,N,D,G,A,A,H,-,A,A,0,,Y,Y,,Y,,L,04,0,0,1,0,0,0,1,0,0,"- ","- ",33.796329498291016,-117.90396881103516,ORANGE,ANAHEIM,-117.90363311767578,33.796154022216797
81419118,2021,2021-03-02,3014,2021-02-12,2213,1537,RD13,5,5,5,3014,0,0,0,,0,"A1  ","9TH ST","W. BALBOA BLVD.",19.00,N,N,A,-,N,,,,,,,,,,N,3,0,1,2,A,-,01,23152,A,N,B,C,A,A,H,-,C,D,0,,,Y,,Y,Y,C,02,0,1,0,0,0,0,0,0,1,"- ","- ",,,ORANGE,"NEWPORT BEACH",-117.91194152832031,33.605049133300781
81419217,2021,2021-03-02,3014,2021-02-06,1834,1530,RD17,6,5,5,3014,0,0,0,,0,"A2  ",SR-1,"HIGHLAND ST",60.00,W,N,A,-,N,,,1,,,,,,,Y,3,0,1,2,A,-,09,21801,A,M,H,A,A,A,H,-,C,D,0,,,Y,,Y,,A,01,0,1,0,0,0,0,0,0,1,"- ","- ",33.628990173339844,-117.95398712158203,ORANGE,"NEWPORT BEACH",-117.95395660400391,33.629051208496094
81419806,2021,2021-03-03,3014,2021-02-18,1457,1146,RD68,4,5,5,3014,0,0,0,,0,"A4  ","SR-1 (E COAST HWY)","REEF POINT DR",380.00,W,N,A,-,Y,,,1,,,,,,,N,3,0,1,1,A,-,03,22350,,N,F,A,A,A,H,-,A,A,0,,,Y,,Y,,C,02,0,1,0,0,0,0,0,0,1,"- ","- ",33.567501068115234,-117.83110046386719,ORANGE,"NEWPORT BEACH",-117.83110046386719,33.567501068115234
81420279,2021,2021-03-04,3001,2021-02-26,1442,A2227,,5,5,7,3001,0,0,0,,0,,"BALL ROAD","STATE COLLEGE BOULEVARD",214.00,E,N,A,-,N,,,,,,,,,,Y,3,0,2,2,A,-,09,21801,A,N,D,C,A,A,H,-,A,D,0,,,Y,,Y,,A,01,0,1,1,0,0,0,0,0,1,"- ","- ",33.818111419677734,-117.88915252685547,ORANGE,ANAHEIM,-117.88868713378906,33.818088531494141
81420294,2021,2021-03-04,3002,2021-02-02,1645,1672,,2,5,4,3002,0,0,0,,0,012,"IMPERIAL HY","ASSOCIATED RD",138.00,W,N,A,-,Y,,,,,,,,,,Y,4,0,1,2,A,-,08,22100,A,N,C,C,A,A,H,-,A,A,0,,,Y,,Y,,A,01,0,0,1,0,0,0,0,0,1,"- ","- ",33.910839080810547,-117.88008880615234,ORANGE,BREA,-117.88058471679688,33.910839080810547
81423834,2021,2021-03-10,3001,2021-03-04,0248,A2258,,4,5,7,3001,0,0,0,,0,D-1,"BALL ROAD","NUTWOOD STREET",0.00,,Y,A,-,N,,,,,,,,,,Y,2,0,1,2,A,-,09,21801,A,F,D,C,A,A,H,-,C,A,0,,,Y,,Y,Y,A,01,1,0,0,0,0,0,0,0,1,"- ","- ",33.817611694335938,-117.95014190673828,ORANGE,ANAHEIM,-117.95011138916016,33.817878723144531
81423849,2021,2021-03-10,3010,2021-03-05,1057,1029,293,5,5,6,3010,0,0,0,,0,005,"TALBERT AVE","BEACH BL - SR39",45.00,E,N,A,-,N,,,,,,,,,,Y,3,0,1,2,A,-,09,21453,B,N,B,C,A,A,H,-,A,A,0,,,Y,,Y,,A,01,0,1,0,0,0,0,0,0,1,"- ","- ",33.701221466064453,-117.98912048339844,ORANGE,"HUNTINGTON BEACH",-117.988878,33.701149000000001
81423853,2021,2021-03-10,3010,2021-03-08,1600,1261,359,1,5,6,3010,0,0,0,,0,004,"PACIFIC COAST HWY - SR1","21ST ST (S)",70.00,E,N,A,-,Y,,,1,,,,,,,Y,3,0,1,1,A,-,08,22107,,N,E,J,A,A,H,-,A,D,0,,,Y,,Y,,C,02,0,1,0,0,0,0,0,0,1,"- ","- ",33.667190551757812,-118.01577758789062,ORANGE,"HUNTINGTON BEACH",-118.01578521728516,33.667182922363281
81425699,2021,2021-03-12,3015,2021-03-03,1106,1598,33,3,5,6,3015,0,0,0,,0,712M,"TUSTIN ST","PALMYRA AVE",420.00,S,N,C,-,N,,,,,,,,,,Y,3,0,1,2,A,-,09,21804,A,N,D,C,A,B,H,-,A,D,0,,,Y,,Y,,A,07,0,1,0,0,0,0,0,0,1,"- ","- ",33.784191131591797,-117.83574676513672,ORANGE,ORANGE,-117.83574676513672,33.782989501953125
81425718,2021,2021-03-12,3001,2021-03-10,1557,A1397,,3,5,7,3001,0,0,0,,0,D-2,BROADWAY,"WEST STREET",70.00,E,N,C,-,N,,,,,,,,,,N,3,0,1,1,A,-,03,22350,,N,F,A,A,B,H,-,A,A,0,,,Y,,Y,,C,02,0,1,0,0,0,0,0,0,1,"- ","- ",,,ORANGE,ANAHEIM,-117.9261474609375,33.830348968505859
81427817,2021,2021-03-16,3010,2021-03-06,1630,3042,455,6,5,6,3010,0,0,0,,0,002,"MAGNOLIA ST","ELLSWORTH DR",0.00,,Y,A,-,N,,,,,,,,,,Y,2,0,1,2,A,-,01,23152,A,N,A,C,A,A,H,-,A,D,0,,,Y,,Y,Y,A,07,1,0,0,0,0,0,0,0,1,"- ","- ",33.661861419677734,-117.97226715087891,ORANGE,"HUNTINGTON BEACH",-117.97113800048828,33.663257598876953
81428588,2021,2021-03-16,3014,2021-03-05,1918,1484,RD28,5,5,5,3014,0,0,0,,0,"A2  ","IRVINE AVE","16TH ST",180.00,N,N,A,-,N,,,,,,,,,,N,3,0,1,1,A,-,03,22350,,N,E,I,A,A,H,-,C,D,0,,,Y,,Y,,O,05,0,1,0,0,0,0,0,0,1,"- ","- ",33.625991821289062,-117.910888671875,ORANGE,"NEWPORT BEACH",-117.91107940673828,33.625991821289062
81429766,2021,2021-03-18,3002,2021-02-24,1607,1628,,3,5,4,3002,0,0,0,,0,011,"LAMBERT RD","STATE COLLEGE BL",0.00,,Y,A,-,N,,,,,,,,,,Y,4,0,1,2,A,-,12,21453,A,N,D,C,A,A,H,-,A,A,0,,,Y,,Y,,C,02,0,0,1,0,0,0,0,0,0,"- ","- ",33.925251007080078,-117.88269805908203,ORANGE,BREA,-117.88270568847656,33.925201416015625
81436592,2021,2021-03-26,3010,2021-03-18,0841,3042,149,4,5,6,3010,0,0,0,,0,009,"GOLDENWEST ST","EDINGER AVE",342.00,N,N,A,-,N,,,,,,,,,,Y,4,0,1,2,A,-,06,21755,A,N,D,C,A,A,H,-,A,D,0,,,Y,,Y,,C,02,0,0,1,0,0,0,0,0,1,"- ","- ",33.730068206787109,-118.00662231445312,ORANGE,"HUNTINGTON BEACH",-118.00679016113281,33.731037139892578
81436602,2021,2021-03-26,3010,2021-03-24,2119,1261,465,3,5,6,3010,0,0,0,,0,002,"MAGNOLIA ST","ATLANTA AVE",42.00,S,N,A,-,N,,,,,,,,,,Y,3,0,3,3,A,-,01,23152,,N,C,C,A,A,H,-,C,A,0,,,Y,,Y,,A,01,0,1,2,0,0,0,0,0,1,"- ","- ",33.657588958740234,-117.97104644775391,ORANGE,"HUNTINGTON BEACH",-117.97104644775391,33.657615661621094
81436604,2021,2021-03-26,3019,2021-02-14,1317,3424,SE,7,5,7,3019,0,0,0,,0,003,"EDINGER AVENUE","ROSS STREET",0.00,,Y,A,-,N,,,,,,,,,,N,2,0,1,1,A,-,08,22107,,N,E,I,A,A,H,-,A,D,0,,,Y,,Y,,C,02,1,0,0,0,0,0,0,0,1,"- ","- ",33.72650146484375,-117.87288665771484,ORANGE,"SANTA ANA",-117.87239837646484,33.727203369140625
81437508,2021,2021-03-29,3010,2021-03-23,1540,1243,252,2,5,6,3010,0,0,0,,0,007,"BEACH BL - SR39","GLENCOE AVE",35.00,S,N,A,-,Y,,,,,,,,,,N,4,0,1,2,A,-,09,21802,A,N,B,C,A,A,H,-,A,A,0,,,Y,,Y,,A,01,0,0,1,0,0,0,0,0,1,"- ","- ",33.723129272460938,-117.98921203613281,ORANGE,"HUNTINGTON BEACH",-117.98931884765625,33.724174499511719
81440359,2021,2021-03-31,3014,2021-03-15,1347,1418,RD39,1,5,5,3014,0,0,0,,0,"A3  ","JAMBOREE RD","BACK BAY DR",52.00,N,N,A,-,N,,,,,,,,,,Y,3,0,1,2,A,-,08,22107,,N,F,A,A,A,H,-,A,D,0,,,Y,,Y,,A,01,0,1,0,0,0,0,0,0,1,"- ","- ",33.615398406982422,-117.88858795166016,ORANGE,"NEWPORT BEACH",-117.88883209228516,33.6153564453125
81440488,2021,2021-04-01,3001,2021-03-28,1302,A1252,,7,5,7,3001,0,0,0,,0,D-2,"SANTA ANA STREET","HARBOR BOULEVARD",20.00,W,N,A,-,Y,,,,,,,,,,Y,4,0,1,1,A,-,03,22350,,N,F,A,A,B,H,-,A,A,0,,,Y,,Y,,C,02,0,0,1,0,0,0,0,0,1,"- ","- ",33.828659057617188,-117.91800689697266,ORANGE,ANAHEIM,-117.91825103759766,33.829776763916016
81440493,2021,2021-04-01,3001,2021-03-30,1925,A2312,D-2,2,5,7,3001,0,0,0,,0,D-2,"LOARA STREET","NORTH STREET",388.00,N,N,A,-,N,,,,,,,,,,Y,4,0,1,2,A,-,09,21801,A,N,D,C,A,A,H,-,C,D,0,,,Y,,Y,,A,01,0,0,1,0,0,0,0,0,1,"- ","- ",33.840938568115234,-117.93718719482422,ORANGE,ANAHEIM,-117.93727874755859,33.841854095458984
81440527,2021,2021-04-01,3019,2021-02-28,1332,3716,SC,7,5,7,3019,0,0,0,,0,004,"CUBBON STREET","WESTERN AVENUE",465.00,E,N,A,-,N,,,,,,,,,,N,3,0,1,2,A,-,06,21750,A,N,A,E,A,A,H,-,A,D,0,,,Y,,Y,,C,03,0,1,0,0,0,0,0,0,1,"- ","- ",33.735549926757812,-117.89261627197266,ORANGE,"SANTA ANA",-117.89116668701172,33.735328674316406
81442600,2021,2021-04-05,3010,2021-03-31,0510,3042,252,3,5,6,3010,0,0,0,,0,007,"BEACH BL - SR39","EDINGER AVE",100.00,S,N,A,-,Y,,,,,,,,,,N,4,0,1,1,A,-,03,22350,,N,F,A,A,A,H,-,C,A,0,,,Y,,Y,,C,02,0,0,1,0,0,0,0,0,1,"- ","- ",33.729030609130859,-117.98916625976562,ORANGE,"HUNTINGTON BEACH",-117.98919677734375,33.729995727539062
81443618,2021,2021-04-06,3010,2021-03-26,2238,1015,451,5,5,6,3010,0,0,0,,0,004,"LAKE ST","INDIANAPOLIS AVE",0.00,,Y,A,-,N,,,,,,,,,,Y,3,0,1,1,A,-,01,23152,A,N,F,A,A,A,H,-,C,D,0,,,Y,,Y,Y,C,02,0,1,0,0,0,0,0,0,1,"- ","- ",33.663799285888672,-117.99897003173828,ORANGE,"HUNTINGTON BEACH",-117.99781799316406,33.664840698242188
81444629,2021,2021-04-07,3015,2021-03-28,1903,1533,45W,7,5,6,3015,0,0,0,,0,123,"KATELLA AVE","PARKER ST",84.00,W,N,-,-,N,,,,,,,,,,N,3,0,1,1,A,-,01,23152,A,N,H,I,A,A,H,-,A,D,0,,,Y,,Y,Y,C,02,0,1,0,0,0,0,0,0,1,"- ","- ",33.809101104736328,-117.85977172851562,ORANGE,ORANGE,-117.86007690429688,33.809024810791016
81444653,2021,2021-04-07,3001,2021-04-02,1645,A2367,D-1,5,5,7,3001,0,0,0,,0,D-1,BROADWAY,"NUTWOOD STREET",142.00,E,N,A,-,N,,,,,,,,,,N,3,0,1,2,A,-,03,22350,,N,C,C,A,A,H,-,A,D,0,,,Y,,Y,,C,02,0,1,0,0,0,0,0,0,1,"- ","- ",33.828140258789062,-117.94972229003906,ORANGE,ANAHEIM,-117.9493408203125,33.828868865966797
81446666,2021,2021-04-09,3001,2021-04-06,1411,A1740,,2,5,7,3001,0,0,0,,0,D-2,"ORANGETHORPE AVENUE","RAYMOND AVENUE",1584.00,W,N,A,-,N,,,,,,,,,,Y,3,0,1,2,A,-,09,21801,A,N,D,C,A,A,H,-,A,D,0,,,Y,,Y,,A,01,0,1,0,0,0,0,0,0,1,"- ","- ",33.858249664306641,-117.90611267089844,ORANGE,ANAHEIM,-117.91197204589844,33.859539031982422
81446781,2021,2021-04-09,3024,2021-02-17,2349,149,P-14,3,5,5,3024,0,0,0,,0,WEST,"BOLSA CHICA ROAD","RANCHO ROAD",21.00,N,N,A,-,N,,,,,,,,,,Y,2,0,1,1,A,-,01,23152,A,N,E,I,A,A,H,-,C,A,0,,,Y,,Y,Y,C,02,1,0,0,0,0,0,0,0,1,"- ","- ",33.750389099121094,-118.04469299316406,ORANGE,WESTMINSTER,-118.04197692871094,33.750186920166016
81449867,2021,2021-04-14,3010,2021-04-06,1910,3149,461,2,5,6,3010,0,0,0,,0,004,"2ND ST","PACIFIC COAST HWY - SR1",160.00,N,N,A,-,N,,,,,,,,,,N,3,0,1,2,A,-,08,22107,,N,D,C,A,A,H,-,B,D,0,,,Y,,Y,,A,01,0,1,0,0,0,0,0,0,1,"- ","- ",33.65631103515625,-118.00048828125,ORANGE,"HUNTINGTON BEACH",-118.00007629394531,33.656421661376953
81450773,2021,2021-04-15,3015,2021-03-27,1335,1519,RD13N,6,5,6,3015,0,0,0,,0,001,"CHAPMAN AVE","GRAND ST",0.00,,Y,A,-,N,,,,,,,,,,Y,3,0,1,2,A,-,08,22107,,N,B,C,A,A,H,-,A,A,0,,,Y,,Y,,A,01,0,1,0,0,0,0,0,0,1,"- ","- ",33.787899017333984,-117.85089111328125,ORANGE,ORANGE,-117.85094451904297,33.787872314453125
81450812,2021,2021-04-15,3019,2021-04-09,2031,3549,SE,5,5,7,3019,0,0,0,,0,003,"WARNER AVENUE","MAIN STREET",0.00,,Y,A,-,N,,,,,,,,,,N,3,0,1,3,A,-,03,22350,,N,C,C,A,A,H,-,C,A,0,,,Y,,Y,,O,05,0,1,0,0,0,0,0,0,1,"- ","- ",33.716220855712891,-117.86795806884766,ORANGE,"SANTA ANA",-117.86792755126953,33.716033935546875
81454445,2021,2021-04-20,3014,2021-04-18,1624,1503,RD44,7,5,5,3014,0,0,0,,0,"A4  ","FERNLEAF AVE","SEAVIEW AVE",137.00,N,N,A,-,N,,,,,,,,,,Y,3,0,1,2,A,-,03,22350,,N,C,C,A,A,H,-,A,D,0,,,Y,,Y,,A,01,0,1,0,0,0,0,0,0,1,"- ","- ",33.598300933837891,-117.87648773193359,ORANGE,"NEWPORT BEACH",-117.87660980224609,33.598316192626953
81454696,2021,2021-04-21,3022,2021-02-26,1935,1302,,5,5,5,3022,0,0,0,,0,,"NEWPORT AV","BRYAN AV",401.00,S,N,A,-,N,,,,,,,,,,Y,4,0,1,2,A,-,09,21804,A,N,D,C,A,A,H,-,C,D,0,,,Y,,Y,,A,01,0,0,1,0,0,0,0,0,1,"- ","- ",33.743598937988281,-117.81642150878906,ORANGE,TUSTIN,-117.8173828125,33.742912292480469
81454752,2021,2021-04-21,3010,2021-04-19,1100,0147,272,1,5,6,3010,0,0,0,,0,006,"SLATER AVE","GRIFFIN LN",0.00,,Y,A,-,N,,,,,,,,,,N,3,0,1,2,A,-,09,21801,A,N,D,C,A,A,H,-,A,D,0,,,Y,,Y,,A,01,0,1,0,0,0,0,0,0,1,"- ","- ",33.708480834960938,-117.99630737304688,ORANGE,"HUNTINGTON BEACH",-117.99631500244141,33.708366394042969
81456707,2021,2021-04-23,3001,2021-04-19,1538,A1852,D-3,1,5,7,3001,0,0,0,,0,033,"ANAHEIM BOULEVARD","CERRITOS AVENUE",334.00,N,N,A,-,N,,,,,,,,,,N,3,0,1,2,A,-,11,21954,A,N,D,B,D,A,H,-,A,D,0,Y,,Y,,Y,,N,60,0,1,0,0,1,0,0,0,0,"- ","- ",33.810829162597656,-117.90608215332031,ORANGE,ANAHEIM,-117.90621185302734,33.811515808105469
81456709,2021,2021-04-23,3001,2021-04-19,1851,A1252,,1,5,7,3001,0,0,0,,0,D-4,"LA PALMA AVENUE","IMPERIAL HIGHWAY (W)",528.00,W,N,A,-,N,,,,,,,,,,Y,4,0,1,2,A,-,09,21453,B,N,D,C,A,A,H,-,A,A,0,,,Y,,Y,,A,01,0,0,1,0,0,0,0,0,1,"- ","- ",33.860149383544922,-117.79058837890625,ORANGE,ANAHEIM,-117.79226684570312,33.859722137451172
81458834,2021,2021-04-27,3015,2021-04-10,0151,1658,RD32,6,5,6,3015,0,0,0,,0,111,"LITTLE MAIN ST","MAIN ST",20.00,S,N,A,-,N,,,,,,,,,,Y,2,0,1,1,A,-,01,23152,A,N,E,I,A,A,H,-,C,D,0,,,Y,,Y,Y,C,02,1,0,0,0,0,0,0,0,1,"- ","- ",33.789619445800781,-117.86643981933594,ORANGE,ORANGE,-117.86655426025391,33.789436340332031
81459918,2021,2021-04-28,3010,2021-04-22,2056,1208,272,4,5,6,3010,0,0,0,,0,006,"BEACH BL - SR39","BLAYLOCK DR",0.00,,Y,A,-,Y,,,,,,,,,,Y,4,0,1,2,A,-,04,21703,,N,C,C,A,A,H,-,C,D,0,,,Y,,Y,,C,02,0,0,1,0,0,0,0,0,1,"- ","- ",33.712699890136719,-117.98928070068359,ORANGE,"HUNTINGTON BEACH",-117.98897552490234,33.713848114013672
81460992,2021,2021-04-29,3024,2021-03-17,1529,435,P-27,3,5,5,3024,0,0,0,,0,EAST,"MAGNOLIA STREET","HAZARD AVENUE",0.00,,Y,A,-,N,,,,,,,,,,Y,3,0,1,1,A,-,03,22350,,N,F,A,A,A,H,-,A,A,0,,,Y,,Y,,C,02,0,1,0,0,0,0,0,0,1,"- ","- ",33.752101898193359,-117.97215270996094,ORANGE,WESTMINSTER,-117.97234344482422,33.752151489257812
81463655,2021,2021-05-03,3010,2021-04-28,0930,1122,178,3,5,6,3010,0,0,0,,0,007,"SPRINGDALE ST","WARNER AVE",48.00,E,N,B,-,N,,,,,,,,,,N,3,0,1,1,A,-,08,22107,,N,E,I,A,A,H,-,A,A,0,,,Y,,Y,,C,03,0,1,0,0,0,0,0,0,1,"- ","- ",33.715450286865234,-118.02381134033203,ORANGE,"HUNTINGTON BEACH",-118.02397155761719,33.715389251708984
81464770,2021,2021-05-04,3001,2021-04-08,1527,A1825,,4,5,7,3001,0,0,0,,0,D-2,"LEMON STREET","SR-91 EB ON RAMP",0.00,,Y,A,-,Y,,,,,,,,,,N,3,0,1,2,A,-,08,22107,,N,B,C,A,A,H,-,A,A,0,,,Y,,Y,,C,02,0,1,0,0,0,0,0,0,1,"- ","- ",,,ORANGE,ANAHEIM,-117.91980743408203,33.854312896728516
81465761,2021,2021-05-05,3010,2021-04-30,2310,1015,,5,5,6,3010,0,0,0,,0,,"ELLIS AVE","NEWLAND ST",0.00,,Y,A,-,N,,,,,,,,,,Y,4,0,1,2,A,-,12,21453,A,F,D,C,A,A,H,-,C,A,0,,,Y,,Y,,-,99,0,0,1,0,0,0,0,0,1,"- ","- ",33.693878173828125,-117.98049163818359,ORANGE,"HUNTINGTON BEACH",-117.980224609375,33.693965911865234
81465763,2021,2021-05-05,3010,2021-05-01,1540,3042,264,6,5,6,3010,0,0,0,,0,006,"WARNER AVE","ROSS LN",150.00,E,N,A,-,N,,,,,,,,,,N,3,0,1,2,A,-,07,21658,A,N,B,C,A,A,H,-,A,D,0,,,Y,,Y,,D,22,0,1,0,0,0,0,0,0,1,"- ","- ",33.715599060058594,-117.97644805908203,ORANGE,"HUNTINGTON BEACH",-117.97616577148438,33.715847015380859
81466275,2021,2021-05-05,3014,2021-04-17,1216,1462,RD44,6,5,5,3014,0,0,0,,0,"A4  ","SR-1 (E. COAST HWY)","FERNLEAF AVE",154.00,W,N,A,-,Y,,,,,,,,,,Y,3,0,1,3,A,-,08,22107,,N,F,A,A,A,H,-,A,D,0,,,Y,,Y,,D,22,0,1,0,0,0,0,0,0,1,"- ","- ",33.602130889892578,-117.87309265136719,ORANGE,"NEWPORT BEACH",-117.87322998046875,33.602497100830078
81469683,2021,2021-05-11,3019,2021-03-20,1058,3677,SE,6,5,7,3019,0,0,0,,0,003,"EDINGER AVENUE","SYCAMORE STREET",0.00,,Y,A,-,N,,,,,,,,,,Y,4,0,1,2,A,-,03,22350,,N,D,C,A,A,H,-,A,D,0,,,Y,,Y,,C,02,0,0,1,0,0,0,0,0,0,"- ","- ",33.734390258789062,-117.86875915527344,ORANGE,"SANTA ANA",-117.86884307861328,33.727283477783203
81470619,2021,2021-05-12,3022,2021-04-09,1739,1193,South,5,5,5,3022,0,0,0,,0,,"WALNUT AV","OXFORD AV (E)",0.00,,Y,A,-,N,,,,,,,,,,Y,2,0,1,2,A,-,03,22350,,N,D,D,A,A,H,-,A,A,0,,,Y,,Y,,C,02,1,0,0,0,0,0,0,0,1,"- ","- ",33.724658966064453,-117.81636810302734,ORANGE,TUSTIN,-117.81678771972656,33.725051879882812
81470677,2021,2021-05-12,3019,2021-03-26,1838,3730,SE,5,5,7,3019,0,0,0,,0,003,"1ST STREET","RAITT STREET",0.00,,Y,A,-,N,,,,,,,,,,N,3,0,1,1,A,-,08,22107,,N,F,A,A,A,H,-,B,A,0,,,Y,,Y,,C,02,0,1,0,0,0,0,0,0,1,"- ","- ",33.74530029296875,-117.89309692382812,ORANGE,"SANTA ANA",-117.89315032958984,33.745399475097656
81472445,2021,2021-05-13,3014,2021-05-01,1505,1462,RD44,6,5,5,3014,0,0,0,,0,"A4  ","SR-1 (E. COAST HWY.)","HELIOTROPE AVE",12.00,E,N,A,-,Y,,,,,,,,,,Y,3,0,1,2,A,-,09,21802,A,N,B,C,A,A,H,-,A,D,0,,,Y,,Y,,A,01,0,1,0,0,0,0,0,0,1,"- ","- ",33.599708557128906,-117.87229919433594,ORANGE,"NEWPORT BEACH",-117.87371063232422,33.598628997802734
81474033,2021,2021-05-17,3001,2021-04-30,1518,A2292,,5,5,7,3001,0,0,0,,0,D-3,"BALL ROAD","DISNEYLAND DRIVE",113.00,W,N,A,-,N,,,,,,,,,,Y,4,0,1,2,A,-,05,21651,A,N,D,C,A,A,H,-,A,D,0,,,Y,,Y,,C,02,0,0,1,0,0,0,0,0,1,"- ","- ",33.817928314208984,-117.92196655273438,ORANGE,ANAHEIM,-117.92271423339844,33.818149566650391
81474228,2021,2021-05-17,3022,2021-05-05,1444,1323,,3,5,5,3022,0,0,0,,0,,"IRVINE BLVD","B ST",288.00,E,N,-,-,N,,,,,,,,,,Y,2,0,1,2,A,-,07,21658,A,N,B,C,A,A,H,-,A,D,0,,,Y,,Y,,A,07,1,0,0,0,0,0,0,0,1,"- ","- ",33.748161315917969,-117.8255615234375,ORANGE,TUSTIN,-117.82492828369141,33.748268127441406
81477399,2021,2021-05-20,3010,2021-05-14,1104,4094,339,5,5,6,3010,0,0,0,,0,004,"GOLDENWEST ST","DEEP HARBOR DR",30.00,N,N,A,-,N,,,,,,,,,,Y,4,0,1,2,A,-,09,21801,A,N,D,C,A,A,H,-,A,B,0,,,Y,,Y,,A,08,0,0,1,0,0,0,0,0,1,"- ","- ",33.67626953125,-118.00901794433594,ORANGE,"HUNTINGTON BEACH",-118.00914764404297,33.676403045654297
81477404,2021,2021-05-20,3010,2021-05-14,1402,1015,424,5,5,6,3010,0,0,0,,0,003,"MAGNOLIA ST","GARFIELD AVE",306.00,S,N,A,-,N,,,,,,,,,,Y,4,0,1,3,A,-,05,21651,A,N,D,C,A,A,H,-,A,D,0,,,Y,,Y,,D,22,0,0,1,0,0,0,0,0,1,"- ","- ",33.685340881347656,-117.97209930419922,ORANGE,"HUNTINGTON BEACH",-117.97142791748047,33.685970306396484
81477409,2021,2021-05-20,3019,2021-04-04,2315,3621,WE,7,5,7,3019,0,0,0,,0,001,"NEWHOPE STREET","KENT AVENUE (S)",150.00,S,N,A,-,N,,,,,,,,,,N,2,0,1,1,D,-,00,,,N,H,A,A,A,H,-,C,A,0,,,Y,,Y,,-,"- ",1,0,0,0,0,0,0,0,1,"- ","- ",33.734390258789062,-117.92899322509766,ORANGE,"SANTA ANA",-117.92862701416016,33.733997344970703
81477432,2021,2021-05-20,3019,2021-04-08,1035,2776,NE,4,5,7,3019,0,0,0,,0,002,"17TH STREET","MAIN STREET",120.00,E,N,A,-,N,,,,,,,,,,N,4,0,1,2,A,-,03,22350,,N,C,C,A,A,H,-,A,D,0,,,Y,,Y,,C,02,0,0,1,0,0,0,0,0,1,"- ","- ",,,ORANGE,"SANTA ANA",-117.86719512939453,33.759960174560547
81477475,2021,2021-05-20,3019,2021-04-24,1656,3638,NE,6,5,7,3019,0,0,0,,0,002,"GRAND AVENUE","14TH STREET (N)",150.00,S,N,A,-,N,,,,,,,,,,N,4,0,1,2,A,-,03,22350,,N,C,C,A,A,H,-,A,A,0,,,Y,,Y,,A,01,0,0,1,0,0,0,0,0,1,"- ","- ",33.757118225097656,-117.85195159912109,ORANGE,"SANTA ANA",-117.85198211669922,33.756450653076172
81478259,2021,2021-05-20,3014,2021-05-15,1052,1520,RD31,6,5,5,3014,0,0,0,,0,"A2  ","IRVINE AVE","SANTA ISABEL AVE",415.00,S,N,A,B,N,,,,,,,,,,Y,2,0,1,2,A,-,03,22350,,N,H,E,A,A,H,-,A,D,0,,,Y,,Y,,C,02,1,0,0,0,0,0,0,0,1,"- ","- ",33.648689270019531,-117.89260101318359,ORANGE,"NEWPORT BEACH",-117.89254760742188,33.648788452148438
81478514,2021,2021-05-21,3019,2021-04-10,0005,3551,SC,6,5,7,3019,0,0,0,,0,,"FAIRVIEW STREET","HARVARD STREET",0.00,,Y,A,-,N,,,,,,,,,,Y,4,0,1,2,A,-,03,22350,,N,D,C,A,A,H,-,C,A,0,,,Y,,Y,Y,A,01,0,0,1,0,0,0,0,0,1,"- ","- ",33.720241546630859,-117.90865325927734,ORANGE,"SANTA ANA",-117.90851593017578,33.720237731933594
81478517,2021,2021-05-21,3019,2021-04-10,1355,3570,SE,6,5,7,3019,0,0,0,,0,003,"MACARTHUR BOULEVARD","MAIN STREET",500.00,W,N,A,-,N,,,,,,,,,,Y,3,0,1,2,A,-,09,21804,A,N,D,C,A,A,H,-,A,D,0,,,Y,,Y,,A,01,0,1,0,0,0,0,0,0,1,"- ","- ",33.699211120605469,-117.869140625,ORANGE,"SANTA ANA",-117.86985015869141,33.700088500976562
81480323,2021,2021-05-24,3014,2021-05-09,1300,1462,RD16,7,5,5,3014,0,0,0,,0,"A2  ","SR-1 (W. COAST HWY.)","PROSPECT AVE.",80.00,E,N,A,-,Y,,,1,,,,,,,Y,2,0,1,2,A,-,09,21802,A,N,F,A,A,A,H,-,A,D,0,,,Y,,Y,,A,07,1,0,0,0,0,0,0,0,1,"- ","- ",33.626529693603516,-117.94924926757812,ORANGE,"NEWPORT BEACH",-117.94926452636719,33.626502990722656
81480553,2021,2021-05-25,3001,2021-04-30,1103,A1825,,5,5,7,3001,0,0,0,,0,D-4,"KRAEMER BOULEVARD","CORONADO STREET",655.00,S,N,A,-,N,,,,,,,,,,Y,3,0,1,2,A,-,09,21804,A,N,D,C,A,A,H,-,A,D,0,,,Y,,Y,,A,08,0,1,0,0,0,0,0,0,1,"- ","- ",33.854740142822266,-117.85868835449219,ORANGE,ANAHEIM,-117.85792541503906,33.852851867675781
81481535,2021,2021-05-26,3019,2021-04-15,1438,3449,NE,4,5,7,3019,0,0,0,,0,002,"1ST STREET","CEDAR STREET",0.00,,Y,A,-,N,,,,,,,,,,N,3,0,1,2,D,-,00,,,N,B,C,A,A,H,-,A,D,0,,,Y,,Y,,-,"- ",0,1,0,0,0,0,0,0,1,"- ","- ",33.744579315185547,-117.85841369628906,ORANGE,"SANTA ANA",-117.85826873779297,33.745445251464844
81482539,2021,2021-05-27,3015,2021-05-11,1632,1240,RD34,2,5,6,3015,0,0,0,,0,723-M,"CHAPMAN AVE","JAMES ST",156.00,E,N,A,-,N,,,,,,,,,,Y,3,0,1,2,A,-,07,21658,A,N,D,C,A,A,H,-,A,D,0,,,Y,,Y,,D,22,0,1,0,0,0,0,0,0,1,"- ","- ",33.786689758300781,-117.81362915039062,ORANGE,ORANGE,-117.81315612792969,33.78778076171875
81484549,2021,2021-05-28,3010,2021-05-12,1311,4094,424,3,5,6,3010,0,0,0,,0,003,"NEWLAND ST","GARFIELD AVE",0.00,,Y,A,-,N,,,,,,,,,,Y,3,0,1,2,A,-,09,21801,A,N,D,C,A,A,H,-,A,A,0,,,Y,,Y,,A,01,0,1,0,0,0,0,0,0,1,"- ","- ",33.685428619384766,-117.98078918457031,ORANGE,"HUNTINGTON BEACH",-117.98011016845703,33.686729431152344
81484619,2021,2021-05-28,3024,2021-04-03,1718,437,P-08,6,5,5,3024,0,0,0,,0,WEST,"VALLECITO DRIVE","HAMMON PL",162.00,E,N,A,-,N,,,,,,,,,,N,3,0,2,2,A,-,09,21801,A,N,A,C,A,A,H,-,A,D,0,,,Y,,Y,,A,01,0,2,0,0,0,0,0,0,1,"- ","- ",,,ORANGE,WESTMINSTER,-118.02877044677734,33.763706207275391
81485360,2021,2021-05-31,3015,2021-05-23,1137,1386,"RD 20",7,5,6,3015,0,0,0,,0,711M,"SANTIAGO CANYON RD","JAMBOREE RD (S)",616.00,E,N,A,-,N,,,,,,,,,,Y,2,0,2,1,A,-,03,22350,,N,E,I,A,A,H,-,A,D,0,,,Y,,Y,,C,02,1,1,0,0,0,0,0,0,2,"- ","- ",33.792270660400391,-117.76119232177734,ORANGE,ORANGE,-117.75932312011719,33.791660308837891
81485954,2021,2021-06-01,3019,2021-05-23,1505,3720,SC,7,5,7,3019,0,0,0,,0,004,"FAIRVIEW STREET","CASTOR STREET",96.00,N,N,A,-,N,,,,,,,,,,Y,3,0,1,2,A,-,08,22107,,N,B,C,A,A,H,-,A,D,0,,,Y,,Y,,C,02,0,1,0,0,0,0,0,0,1,"- ","- ",33.720890045166016,-117.90895843505859,ORANGE,"SANTA ANA",-117.90830993652344,33.721412658691406
81488043,2021,2021-06-03,3001,2021-05-21,1314,A1555,D-3,5,5,7,3001,0,0,0,,0,D-3,"LOARA STREET","RENE DRIVE",0.00,,Y,A,-,N,,,,,,,,,,Y,3,0,1,2,A,-,09,21802,A,N,D,C,A,A,H,-,A,A,0,,,Y,,Y,,C,02,0,1,0,0,0,0,0,0,1,"- ","- ",33.825130462646484,-117.93711090087891,ORANGE,ANAHEIM,-117.93714904785156,33.826015472412109
81488105,2021,2021-06-03,3019,2021-05-26,0036,3758,SC,3,5,7,3019,0,0,0,,0,003,"SHELTON STREET","MCFADDEN AVENUE",0.00,,Y,A,-,N,,,,,,,,,,Y,2,0,1,1,D,-,00,,,N,F,A,A,A,H,-,C,A,0,,,Y,,Y,,-,"- ",1,0,0,0,0,0,0,0,1,"- ","- ",33.734519958496094,-117.88075256347656,ORANGE,"SANTA ANA",-117.88078308105469,33.734466552734375
81491456,2021,2021-06-08,3019,2021-05-26,1715,3201,SC,3,5,7,3019,0,0,0,,0,003,"MACARTHUR BOULEVARD","HOME DEPOT",0.00,,Y,A,-,N,,,,,,,,,,Y,2,0,1,2,A,-,09,21801,A,N,D,C,A,A,H,-,A,A,0,,,Y,,Y,,D,22,1,0,0,0,0,0,0,0,1,"- ","- ",33.701869964599609,-117.918212890625,ORANGE,"SANTA ANA",-117.9171142578125,33.70196533203125
81494596,2021,2021-06-11,3001,2021-05-20,2201,A1047,,4,5,7,3001,0,0,0,,0,D-2,"LA PALMA AVENUE","STATE COLLEGE BOULEVARD",247.00,E,N,A,-,N,,,,,,,,,,Y,3,0,1,1,A,-,03,22350,,N,F,A,A,A,H,-,C,D,0,,,Y,,Y,,C,02,0,1,0,0,0,0,0,0,1,"- ","- ",33.847259521484375,-117.88919830322266,ORANGE,ANAHEIM,-117.88848876953125,33.847263336181641
81494606,2021,2021-06-11,3001,2021-06-02,2330,A1252,,3,5,7,3001,0,0,0,,0,D-1,"LINCOLN AVENUE","GAIN STREET",0.00,,Y,A,-,N,,,,,,,,,,Y,4,0,2,2,A,-,09,21802,A,N,D,C,A,A,H,-,C,A,0,,,Y,,Y,,A,01,0,0,2,0,0,0,0,0,2,"- ","- ",33.832241058349609,-117.97328948974609,ORANGE,ANAHEIM,-117.97298431396484,33.832195281982422
81495600,2021,2021-06-14,3022,2021-06-05,1756,1370,,6,5,5,3022,0,0,0,,0,,"1ST ST","NEWPORT AV",133.00,W,N,A,-,N,,,,,,,,,,N,3,0,1,1,A,-,01,23152,A,N,E,I,A,A,H,-,A,A,0,,,Y,,Y,Y,C,02,0,1,0,0,0,0,0,0,1,"- ","- ",33.745601654052734,-117.81472778320312,ORANGE,TUSTIN,-117.81514739990234,33.745651245117188
81496901,2021,2021-06-15,3019,2021-04-28,1101,3730,SE,3,5,7,3019,0,0,0,,0,003,"WARNER AVENUE","ORANGE AVENUE (E)",0.00,,Y,A,-,N,,,,,,,,,,Y,2,0,2,2,A,-,03,22350,,F,D,C,A,A,H,-,A,D,0,,,Y,,Y,,C,02,1,1,0,0,0,0,0,0,1,"- ","- ",33.715179443359375,-117.86582183837891,ORANGE,"SANTA ANA",-117.86534881591797,33.716033935546875
81497920,2021,2021-06-16,3015,2021-05-26,2213,1643,RD23,3,5,6,3015,0,0,0,,0,131,"CHAPMAN AVE","TUSTIN ST",35.00,E,N,A,-,N,,,,,,,,,,Y,2,0,4,3,A,-,01,23152,A,N,B,C,A,A,H,-,C,A,0,,,Y,,Y,Y,C,02,1,0,3,0,0,0,0,0,1,"- ","- ",33.787860870361328,-117.83567810058594,ORANGE,ORANGE,-117.83562469482422,33.787830352783203
81498935,2021,2021-06-17,3001,2021-05-27,1509,A2292,,4,5,7,3001,0,0,0,,0,,"LA PALMA AVENUE","SUNKIST STREET",0.00,,Y,A,-,N,,,,,,,,,,Y,4,0,1,2,A,-,12,21453,A,N,D,C,A,A,H,-,A,A,0,,,Y,,Y,,A,01,0,0,1,0,0,0,0,0,1,"- ","- ",33.847160339355469,-117.88050079345703,ORANGE,ANAHEIM,-117.88045501708984,33.847270965576172
81498941,2021,2021-06-17,3001,2021-06-04,1600,A2503,D-3,5,5,7,3001,0,0,0,,0,D-3,"DISNEYLAND DRIVE","KATELLA AVENUE",220.00,N,N,A,-,N,,,,,,,,,,N,3,0,1,2,A,-,07,21658,A,N,B,C,A,A,H,-,A,D,0,,,Y,,Y,,A,07,0,1,0,0,0,0,0,0,1,"- ","- ",33.803199768066406,-117.92401885986328,ORANGE,ANAHEIM,-117.92407989501953,33.804012298583984
81498946,2021,2021-06-17,3001,2021-06-05,1815,A1397,,6,5,7,3001,0,0,0,,0,D-3,"ANAHEIM WAY","ANAHEIM BLVD",33.00,E,N,A,-,N,,,,,,,,,,N,4,0,1,2,A,-,03,22350,,N,C,C,A,A,H,-,A,A,0,,,Y,,Y,,A,01,0,0,1,0,0,0,0,0,1,"- ","- ",,,ORANGE,ANAHEIM,-117.90592956542969,33.807117462158203
81498989,2021,2021-06-17,3019,2021-05-31,1818,3524,NE,1,5,7,3019,0,0,0,,0,002,"SPURGEON STREET","17TH STREET",20.00,S,N,A,-,N,,,,,,,,,,N,4,0,1,2,A,-,03,22350,,N,C,C,A,A,H,-,A,A,0,,,Y,,Y,,A,01,0,0,1,0,0,0,0,0,0,"- ","- ",33.760200500488281,-117.86518096923828,ORANGE,"SANTA ANA",-117.86519622802734,33.759906768798828
81499272,2021,2021-06-17,3014,2021-05-23,1316,1582,RD41,7,5,5,3014,0,0,0,,0,"A4  ","BAYSIDE DR","SR-1 (W. COAST HWY)",115.00,S,N,A,-,N,,,1,,,,,,,N,3,0,1,2,A,-,08,22107,,N,H,G,A,A,H,-,A,D,0,,Y,Y,,Y,,C,02,0,1,0,0,0,0,1,0,0,"- ","- ",33.615779876708984,-117.90049743652344,ORANGE,"NEWPORT BEACH",-117.90043640136719,33.616134643554688
81500005,2021,2021-06-18,3010,2021-06-09,0523,0147,435,3,5,6,3010,0,0,0,,0,005,"YORKTOWN AVE","MAGNOLIA ST",0.00,,Y,A,-,N,,,,,,,,,,Y,3,0,2,3,A,-,12,21453,A,F,D,C,A,A,H,-,B,A,0,,,Y,,Y,,A,01,0,1,1,0,0,0,0,0,1,"- ","- ",33.678089141845703,-117.97215270996094,ORANGE,"HUNTINGTON BEACH",-117.97132873535156,33.679466247558594
81500007,2021,2021-06-18,3010,2021-06-10,0648,2169,242,4,5,6,3010,0,0,0,,0,009,"CENTER AVE","HUNTINGTON VILLAGE LN",175.00,E,N,A,-,N,,,,,,,,,,Y,2,0,1,3,A,-,09,21801,A,N,A,C,A,A,H,-,A,D,0,,,Y,,Y,,A,07,1,0,0,0,0,0,0,0,1,"- ","- ",33.732860565185547,-117.99555969238281,ORANGE,"HUNTINGTON BEACH",-117.99538421630859,33.733936309814453
81500025,2021,2021-06-18,3010,2021-06-12,2039,1015,413,6,5,6,3010,0,0,0,,0,005,"GARFIELD AVE","LISTER LN",207.00,W,N,A,-,N,,,,,,,,,,Y,3,0,2,2,A,-,07,21658,A,N,H,G,A,A,H,-,C,D,0,,Y,Y,,Y,Y,L,04,0,1,1,0,0,0,1,0,1,"- ","- ",33.685478210449219,-117.98500061035156,ORANGE,"HUNTINGTON BEACH",-117.98503875732422,33.686710357666016
81500028,2021,2021-06-18,3010,2021-06-13,1223,1243,348,7,5,6,3010,0,0,0,,0,004,"PACIFIC COAST HWY - SR1","SEAPOINT AVE",1300.00,S,N,A,-,Y,,,1,,,,,,,Y,3,0,1,4,A,-,03,22350,,N,C,C,A,A,H,-,A,D,0,,,Y,,Y,,C,02,0,1,0,0,0,0,0,0,1,"- ","- ",33.679508209228516,-118.03296661376953,ORANGE,"HUNTINGTON BEACH",-118.03241729736328,33.680160522460938
81500108,2021,2021-06-18,3024,2021-05-05,1309,329,P-37,3,5,5,3024,0,0,0,,0,EAST,"NEWLAND STREET","OBERLIN AVENUE",0.00,,Y,A,-,N,,,,,,,,,,N,3,0,1,2,A,-,05,21650,,N,D,C,A,A,H,-,A,D,0,,,Y,,Y,,C,02,0,1,0,0,0,0,0,0,1,"- ","- ",33.731418609619141,-117.98072814941406,ORANGE,WESTMINSTER,-117.9808349609375,33.731407165527344
81500852,2021,2021-06-21,3010,2021-06-16,1429,2084,447,3,5,6,3010,0,0,0,,0,003,"BROOKHURST ST","ADAMS AVE",482.00,S,N,A,-,N,,,,,,,,,,Y,3,0,1,2,A,-,09,21804,A,N,C,C,A,A,H,-,A,A,0,,,Y,,Y,,A,01,0,1,0,0,0,0,0,0,1,"- ","- ",33.672378540039062,-117.95387268066406,ORANGE,"HUNTINGTON BEACH",-117.95392608642578,33.670978546142578
81503445,2021,2021-06-23,3019,2021-04-11,1930,3627,,7,5,7,3019,0,0,0,,0,,"17TH STREET","COLLEGE AVENUE",0.00,,Y,A,-,N,,,,,,,,,,N,2,0,1,2,A,-,03,22350,,N,C,C,A,A,H,-,C,A,0,,,Y,,Y,,C,02,1,0,0,0,0,0,0,0,1,"- ","- ",33.76007080078125,-117.8917236328125,ORANGE,"SANTA ANA",-117.89163970947266,33.759979248046875
81504792,2021,2021-06-24,3010,2021-06-19,1652,3042,427,6,5,6,3010,0,0,0,,0,003,"YORKTOWN AVE","PITCAIRN LN",0.00,,Y,A,-,N,,,,,,,,,,Y,3,0,1,2,A,-,09,21801,A,N,D,C,A,A,H,-,A,A,0,,,Y,,Y,,A,01,0,1,0,0,0,0,0,0,1,"- ","- ",33.677921295166016,-117.94928741455078,ORANGE,"HUNTINGTON BEACH",-117.94849395751953,33.679645538330078
81506216,2021,2021-06-25,3001,2021-06-22,2219,A1267,,2,5,7,3001,0,0,0,,0,D-1,"BROOKHURST STREET","NIOBE AVENUE",213.00,S,N,A,-,N,,,,,,,,,,Y,4,0,1,2,A,-,07,21658,A,N,B,C,A,A,H,-,C,D,0,,,Y,,Y,,A,01,0,0,1,0,0,0,0,0,1,"- ","- ",33.822048187255859,-117.95899200439453,ORANGE,ANAHEIM,-117.95893859863281,33.822074890136719
81507074,2021,2021-06-28,3010,2021-06-21,1911,1243,273,1,5,6,3010,0,0,0,,0,006,"BEACH BL - SR39","WARNER AVE",15.00,N,N,A,-,Y,,,,,,,,,,N,3,0,1,2,A,-,09,21453,B,N,D,C,A,A,H,-,A,A,0,,,Y,,Y,,A,01,0,1,0,0,0,0,0,0,1,"- ","- ",33.714511871337891,-117.98928070068359,ORANGE,"HUNTINGTON BEACH",-117.98899078369141,33.715591430664062
81507353,2021,2021-06-28,3010,2021-06-25,1840,1261,195,5,5,6,3010,0,0,0,,0,004,"PACIFIC COAST HWY - SR1","ECOLOGY WAY",0.00,,Y,A,-,Y,,,,,,,,,,Y,4,0,1,1,A,-,21,22106,,N,F,A,A,A,H,-,B,A,0,,,Y,,Y,,C,02,0,0,1,0,0,0,0,0,1,"- ","- ",,,ORANGE,"HUNTINGTON BEACH",,
81507557,2021,2021-06-28,3014,2021-06-25,1756,1447,RD24,5,5,5,3014,0,0,0,,0,"A2  ","SUPERIOR AVE","COAST HWY W (SR-1)",0.00,,Y,A,-,N,,,,,,,,,,N,3,0,1,2,A,-,08,22107,,N,B,C,A,A,H,-,A,A,0,,,Y,,Y,,A,01,0,1,0,0,0,0,0,0,1,"- ","- ",33.623241424560547,-117.93926239013672,ORANGE,"NEWPORT BEACH",-117.93923950195312,33.623073577880859
81507598,2021,2021-06-28,3014,2021-06-17,1852,1572,RD13,4,5,5,3014,0,0,0,,0,"A1  ","W. BALBOA BLVD","21ST ST",0.00,,Y,A,-,N,,,,,,,,,,N,3,0,1,2,A,-,09,21801,A,N,F,A,A,A,H,-,A,A,0,,,Y,,Y,,A,01,0,1,0,0,0,0,0,0,1,"- ","- ",33.608871459960938,-117.92787933349609,ORANGE,"NEWPORT BEACH",-117.92872619628906,33.60821533203125
81509685,2021,2021-06-30,3014,2021-06-21,1134,1418,RD64,1,5,5,3014,0,0,0,,0,"A4  ","NEWPORT COAST DR","SAN JOAQUIN HILLS RD",1112.00,N,N,A,-,N,,,,,,,,,,Y,3,0,1,1,A,-,03,22350,,N,F,A,A,A,H,-,A,D,0,,,Y,,Y,,C,02,0,1,0,0,0,0,0,0,1,"- ","- ",33.611690521240234,-117.82569122314453,ORANGE,"NEWPORT BEACH",-117.82582092285156,33.611499786376953
81511604,2021,2021-07-02,3001,2021-06-29,2015,A1252,,2,5,7,3001,0,0,0,,0,D-2,"TEDMAR AVENUE","LOARA STREET",45.00,W,N,B,-,N,,,,,,,,,,Y,4,0,1,2,A,-,01,23152,A,N,B,E,A,A,H,-,C,D,0,,,Y,,Y,,C,03,0,0,1,0,0,0,0,0,1,"- ","- ",33.826999664306641,-117.93733215332031,ORANGE,ANAHEIM,-117.93729400634766,33.826824188232422
81511703,2021,2021-07-02,3024,2021-05-12,1757,426,P-01,3,5,5,3024,0,0,0,,0,WEST,"GARDEN GROVE BOULEVARD","MELANIE LANE",0.00,,Y,A,-,N,,,,,,,,,,Y,2,0,1,2,A,-,09,21801,A,N,D,C,A,A,H,-,A,D,0,,,Y,,Y,Y,A,01,1,0,0,0,0,0,0,0,1,"- ","- ",33.773731231689453,-118.02675628662109,ORANGE,WESTMINSTER,-118.02690887451172,33.773914337158203
81512469,2021,2021-07-05,3015,2021-06-30,1628,1098,61,3,5,6,3015,0,0,0,,0,731M,"LA VETA AVE","CREST RD",0.00,,Y,A,-,N,,,,,,,,,,Y,2,0,2,2,A,-,09,21802,A,N,D,C,A,A,H,-,A,A,0,,,Y,,Y,,C,02,1,1,0,0,0,0,0,0,1,"- ","- ",33.77996826171875,-117.87053680419922,ORANGE,ORANGE,-117.87038421630859,33.780311584472656
81512490,2021,2021-07-05,3010,2021-06-26,1937,3042,484,6,5,6,3010,0,0,0,,0,004,"PACIFIC COAST HWY - SR1","MAGNOLIA ST",0.00,,Y,A,-,N,,,1,,,,,,,Y,3,0,1,2,A,-,00,23103,A,N,B,C,A,A,H,-,B,A,0,,,Y,,Y,,C,02,0,1,0,0,0,0,0,0,1,"- ","- ",33.639869689941406,-117.97354888916016,ORANGE,"HUNTINGTON BEACH",-117.97351837158203,33.639926910400391
81512674,2021,2021-07-05,3024,2021-05-30,1336,498,P-23,7,5,5,3024,0,0,0,,0,WEST,"BOLSA AVENUE","GOLDENWEST STREET",100.00,E,N,A,-,N,,,,,,,,,,N,3,0,1,2,A,-,07,21658,A,N,B,C,A,A,D,-,A,A,0,,,Y,,Y,,-,"- ",0,1,0,0,0,0,0,0,1,"- ","- ",33.744400024414062,-118.00694274902344,ORANGE,WESTMINSTER,-118.00666046142578,33.744499206542969
81513062,2021,2021-07-06,3001,2021-06-24,2305,A2545,,4,5,7,3001,0,0,0,,0,,"BROOKHURST STREET",BROADWAY,33.00,N,N,-,-,N,,,,,,,,,,Y,3,0,1,2,A,-,01,23152,A,M,D,C,A,A,H,-,C,A,0,,,Y,,Y,Y,C,02,0,1,0,0,0,0,0,0,1,"- ","- ",33.828781127929688,-117.95873260498047,ORANGE,ANAHEIM,-117.95894622802734,33.8289794921875
81513064,2021,2021-07-06,3001,2021-06-29,1146,A1825,D-2,2,5,7,3001,0,0,0,,0,D-2,"EUCLID STREET","GLENOAKS AVENUE",0.00,,Y,A,-,N,,,,,,,,,,Y,4,0,2,2,A,-,12,21453,A,N,A,C,A,A,H,-,A,A,0,,,Y,,Y,,C,02,0,0,2,0,0,0,0,0,1,"- ","- ",33.843238830566406,-117.941650390625,ORANGE,ANAHEIM,-117.94161224365234,33.842952728271484
81514366,2021,2021-07-07,3014,2021-07-01,1906,1572,RD38,4,5,5,3014,0,0,0,,0,"A3  ","JAMBOREE RD","FORD RD",726.00,S,N,A,-,N,,,,,,,,,,Y,3,0,1,2,A,-,08,22107,,M,D,A,A,A,H,-,A,A,0,,,Y,,Y,,-,99,0,1,0,0,0,0,0,0,1,"- ","- ",33.629688262939453,-117.89618682861328,ORANGE,"NEWPORT BEACH",-117.87604522705078,33.629634857177734
81516370,2021,2021-07-09,3010,2021-07-04,2123,2166,128,7,5,6,3010,0,0,0,,0,009,"VANGUARD LN","CORTEZ DR",3.00,S,N,A,-,N,,,,,,,,,,N,2,0,1,2,A,-,01,23153,A,N,G,B,D,A,H,-,C,D,0,Y,,Y,,Y,Y,C,02,1,0,0,0,1,0,0,0,0,"- ","- ",33.745479583740234,-118.02262878417969,ORANGE,"HUNTINGTON BEACH",-118.02339172363281,33.746189117431641
81518568,2021,2021-07-13,3001,2021-07-08,1019,A1404,,4,5,7,3001,0,0,0,,0,,"GILBERT STREET","STONYBROOK DRIVE (N)",97.00,S,N,A,-,N,,,,,,,,,,Y,3,0,1,2,B,-,22,,,N,F,A,A,A,H,-,A,D,0,,,Y,,Y,,C,02,0,1,0,0,0,0,0,0,1,"- ","- ",33.821239471435547,-117.96769714355469,ORANGE,ANAHEIM,-117.96762084960938,33.820953369140625
81518570,2021,2021-07-13,3001,2021-07-08,1922,A1252,D-1,4,5,7,3001,0,0,0,,0,D-1,"EUCLID STREET","KATELLA AVENUE",0.00,,Y,A,-,N,,,,,,,,,,Y,4,0,1,2,A,-,09,21453,C,N,D,C,A,A,H,-,A,A,0,,,Y,,Y,,A,01,0,0,1,0,0,0,0,0,1,"- ","- ",33.803279876708984,-117.94143676757812,ORANGE,ANAHEIM,-117.94142150878906,33.803253173828125
81519587,2021,2021-07-14,3010,2021-07-09,1725,3042,262,5,5,6,3010,0,0,0,,0,007,"GLENCOE AVE","BEACH BL - SR39",300.00,W,N,A,-,N,,,,,,,,,,N,4,0,1,2,A,-,21,22106,,N,H,C,A,A,H,-,A,D,0,,,Y,,Y,,A,01,0,0,1,0,0,0,0,0,1,"- ","- ",33.724048614501953,-117.98928833007812,ORANGE,"HUNTINGTON BEACH",-117.99030303955078,33.724269866943359
81519592,2021,2021-07-14,3010,2021-07-10,2216,2166,425,6,5,6,3010,0,0,0,,0,003,"BUSHARD ST","GARFIELD AVE",293.00,S,N,A,-,N,,,,,,,,,,Y,3,0,1,2,A,-,05,21650,1,N,D,G,A,A,H,-,C,A,0,,Y,Y,,Y,,L,04,0,1,0,0,0,0,0,0,1,"- ","- ",33.685279846191406,-117.96340179443359,ORANGE,"HUNTINGTON BEACH",-117.96273803710938,33.685966491699219
81519598,2021,2021-07-14,3019,2021-06-17,1830,3750,SC,4,5,7,3019,0,0,0,,0,004,"MCFADDEN AVENUE","BRISTOL STREET",100.00,W,N,A,-,N,,,,,,,,,,N,2,0,1,2,A,-,09,21804,A,N,D,C,A,A,H,-,A,D,0,,,Y,,Y,,C,02,1,0,0,0,0,0,0,0,1,"- ","- ",33.734580993652344,-117.88507843017578,ORANGE,"SANTA ANA",-117.88552856445312,33.734470367431641
81520559,2021,2021-07-15,3019,2021-06-21,2005,3591,NE,1,5,7,3019,0,0,0,,0,002,"TUSTIN AVENUE","FAIRHAVEN AVENUE",500.00,S,N,A,-,N,,,,,,,,,,N,4,0,1,2,A,-,03,22350,,N,C,D,A,A,H,-,A,D,0,,,Y,,Y,,C,02,0,0,1,0,0,0,0,0,1,"- ","- ",33.772048950195312,-117.83537292480469,ORANGE,"SANTA ANA",-117.83637237548828,33.772563934326172
81522575,2021,2021-07-19,3019,2021-07-09,1836,3201,SC,5,5,7,3019,0,0,0,,0,004,"FAIRVIEW STREET","MCFADDEN AVENUE",500.00,S,N,A,-,N,,,,,,,,,,Y,2,0,1,1,A,-,03,22350,,N,E,I,A,A,H,-,A,D,0,,,Y,,Y,,C,02,1,0,0,0,0,0,0,0,1,"- ","- ",33.734500885009766,-117.90654754638672,ORANGE,"SANTA ANA",-117.90676879882812,33.733127593994141
81527060,2021,2021-07-23,3001,2021-07-21,2345,A1047,,3,5,7,3001,0,0,0,,0,D-2,"LEMON STREET","SR 91 E/B ON RAMP",0.00,,Y,A,-,Y,,,,,,,,,,Y,2,0,1,2,A,-,12,21453,A,N,D,C,A,A,H,-,D,A,0,,,Y,,Y,,A,01,1,0,0,0,0,0,0,0,1,"- ","- ",,,ORANGE,ANAHEIM,-117.91980743408203,33.854312896728516
81534018,2021,2021-08-02,3001,2021-07-29,1411,A2367,D-4,4,5,7,3001,0,0,0,,0,D-4,"VAN BUREN STREET","LEAVERTON COURT",3.00,S,N,A,-,N,,,,,,,,,,Y,4,0,1,2,A,-,03,22350,,N,C,C,A,A,H,-,A,D,0,,,Y,,Y,,C,02,0,0,1,0,0,0,0,0,1,"- ","- ",33.861431121826172,-117.83123779296875,ORANGE,ANAHEIM,-117.83123779296875,33.861640930175781
81534036,2021,2021-08-02,3019,2021-07-21,1737,3421,SC,3,5,7,3019,0,0,0,,0,004,"EDINGER AVENUE","DIAMOND STREET",20.00,W,N,A,-,N,,,,,,,,,,N,3,0,1,2,A,-,08,21717,,N,D,C,A,A,H,-,A,D,0,,,Y,,Y,,A,01,0,1,0,0,0,0,0,0,1,"- ","- ",33.726821899414062,-117.89962768554688,ORANGE,"SANTA ANA",-117.89916229248047,33.727230072021484
81534052,2021,2021-08-02,3008,2021-06-03,2232,1624,"Zone ",4,5,6,3008,0,0,0,,0,,"ORANGETHORPE AVE","HIGHLAND AVE",30.00,E,N,A,-,N,,,,,,,,,,N,4,0,1,2,A,-,08,22107,,F,C,C,A,A,B,-,C,A,0,,,Y,,Y,,-,99,0,0,1,0,0,0,0,0,1,"- ","- ",,,ORANGE,FULLERTON,-117.92857360839844,33.859451293945312
81534336,2021,2021-08-02,3010,2021-07-27,1758,1261,426,2,5,6,3010,0,0,0,,0,003,"BROOKHURST ST","GARFIELD AVE",600.00,S,N,A,-,N,,,,,,,,,,Y,3,0,1,2,A,-,09,21804,A,N,D,C,A,A,H,-,A,D,0,,,Y,,Y,,A,01,0,1,0,0,0,0,0,0,1,"- ","- ",33.686870574951172,-117.95378875732422,ORANGE,"HUNTINGTON BEACH",-117.95412445068359,33.685234069824219
81534347,2021,2021-08-02,3008,2021-06-21,2050,1609,"Zone ",1,5,6,3008,0,0,0,,0,,"HARBOR BLVD","HILL AVE",0.00,,Y,A,-,N,,,,,,,,,,Y,4,0,1,2,A,-,09,21801,A,N,D,C,A,A,H,-,C,A,0,,,Y,,Y,,A,01,0,0,1,0,0,0,0,0,0,"- ","- ",,,ORANGE,FULLERTON,-117.92427825927734,33.861049652099609
81535321,2021,2021-08-03,3015,2021-07-12,1620,1515,,1,5,6,3015,0,0,0,,0,,"MAIN ST","TAFT AVE",866.00,N,N,A,-,N,,,,,,,,,,Y,3,0,1,2,A,-,03,22350,,N,B,C,A,A,H,-,A,D,0,,,Y,,Y,,C,03,0,1,0,0,0,0,0,0,1,"- ","- ",33.815658569335938,-117.86746978759766,ORANGE,ORANGE,-117.867431640625,33.818000793457031
81537845,2021,2021-08-05,3014,2021-07-28,1715,1471,RD28,3,5,5,3014,0,0,0,,0,"A2  ","SHERINGTON PL","SEAGULL LN",233.00,W,N,A,-,N,,,,,,,,,,Y,3,0,1,2,A,-,08,22103,,N,B,C,A,A,H,-,A,D,0,,,Y,,Y,,A,01,0,1,0,0,0,0,0,0,1,"- ","- ",33.625499725341797,-117.90630340576172,ORANGE,"NEWPORT BEACH",-117.90632629394531,33.625476837158203
81539291,2021,2021-08-09,3015,2021-07-31,1006,1662,RD26N,6,5,6,3015,0,0,0,,0,231,"TUSTIN ST","ROSE AVE",9.00,W,N,A,-,N,,,,,,,,,,Y,4,0,1,2,A,-,09,21801,A,N,D,C,A,A,H,-,A,D,0,,,Y,,Y,,A,07,0,0,1,0,0,0,0,0,1,"- ","- ",33.796478271484375,-117.83550262451172,ORANGE,ORANGE,-117.83567047119141,33.797271728515625
81539578,2021,2021-08-09,3010,2021-08-01,1447,2250,195,7,5,6,3010,0,0,0,,0,004,"PACIFIC COAST HWY - SR1","CENTER SIGNAL",1656.00,S,N,A,-,Y,,,1,,,,,,,Y,3,0,1,2,A,-,09,21801,A,F,F,A,A,A,H,-,A,A,0,,,Y,,Y,,-,99,0,1,0,0,0,0,0,0,0,"- ","- ",33.694759368896484,-118.04715728759766,ORANGE,"HUNTINGTON BEACH",-118.04678344726562,33.695117950439453
81539693,2021,2021-08-09,3022,2021-07-26,1920,1393,South,1,5,5,3022,0,0,0,,0,,"RED HILL AV","EDINGER AV",0.00,,Y,A,-,Y,,,,,,,,,,N,2,0,1,2,A,-,12,21453,A,N,H,J,A,A,H,-,A,A,0,,,Y,,Y,,C,03,1,0,0,0,0,0,0,0,1,"- ","- ",33.721431732177734,-117.82758331298828,ORANGE,TUSTIN,-117.82743072509766,33.721488952636719
81541901,2021,2021-08-11,3001,2021-08-08,2000,A2415,D-2,7,5,7,3001,0,0,0,,0,D-2,"LINCOLN AVENUE","CENTER STREET",0.00,,Y,A,-,N,,,,,,,,,,Y,2,0,1,4,A,-,09,21801,A,N,D,C,A,A,H,-,B,A,0,,,Y,,Y,,D,22,1,0,0,0,0,0,0,0,1,"- ","- ",33.840198516845703,-117.89385986328125,ORANGE,ANAHEIM,-117.89218902587891,33.840259552001953
81542964,2021,2021-08-12,3015,2021-08-01,1511,1507,,7,5,6,3015,0,0,0,,0,721M,"SANTIAGO CANYON RD","JAMBOREE RD (S)",1138.00,E,N,A,-,N,,,,,,,,,,Y,3,0,1,2,A,-,01,23152,A,N,C,C,A,A,H,-,A,D,0,,,Y,,Y,Y,C,02,0,1,0,0,0,0,0,0,1,"- ","- ",33.792270660400391,-117.76119232177734,ORANGE,ORANGE,-117.75772094726562,33.791149139404297
81543073,2021,2021-08-12,3010,2021-08-09,2123,4094,462,1,5,6,3010,0,0,0,,0,002,"ATLANTA AVE","SCHOONER LN",200.00,E,N,A,-,N,,,,,,,,,,Y,2,0,1,1,A,-,03,22350,,N,F,A,A,A,H,-,C,D,0,,,Y,,Y,,C,02,1,0,0,0,0,0,0,0,1,"- ","- ",33.656421661376953,-117.98590850830078,ORANGE,"HUNTINGTON BEACH",-117.98404693603516,33.657661437988281
81543077,2021,2021-08-12,3010,2021-08-10,1447,1261,424,2,5,6,3010,0,0,0,,0,003,"MAGNOLIA ST","GARFIELD AVE",0.00,,Y,A,-,N,,,,,,,,,,N,2,0,1,2,A,-,04,21703,,N,C,C,A,A,H,-,A,A,0,,,Y,,Y,,C,02,1,0,0,0,0,0,0,0,1,"- ","- ",33.687000274658203,-117.97115325927734,ORANGE,"HUNTINGTON BEACH",-117.97145080566406,33.686809539794922
81544006,2021,2021-08-13,3015,2021-08-04,2230,1556,24,3,5,6,3015,0,0,0,,0,112,"CHAPMAN AVE","YORBA ST",225.00,W,N,A,-,N,,,,,,,,,,N,3,0,1,1,A,-,03,22350,,N,H,I,A,A,H,-,C,D,0,,,Y,,Y,,C,02,0,1,0,0,0,0,0,0,1,"- ","- ",33.787868499755859,-117.82701110839844,ORANGE,ORANGE,-117.82781982421875,33.787830352783203
81544010,2021,2021-08-13,3001,2021-07-28,1226,A1622,,3,5,7,3001,0,0,0,,0,D-2,"ANAHEIM BOULEVARD","SANTA ANA STREET",0.00,,Y,A,-,N,,,,,,,,,,Y,3,0,1,2,A,-,09,21801,A,N,A,C,A,A,H,-,A,A,0,,,Y,,Y,,A,01,0,1,0,0,0,0,0,0,1,"- ","- ",33.830951690673828,-117.91251373291016,ORANGE,ANAHEIM,-117.91242218017578,33.83111572265625
81546170,2021,2021-08-16,3014,2021-08-01,1755,1527,RD46,7,5,5,3014,0,0,0,,0,"A4  ","SR-1 (E. COAST HWY)","CAMEO SHORES RD",30.00,W,N,A,-,Y,,,,,,,,,,N,3,0,1,1,A,-,03,22350,,N,F,A,A,A,H,-,A,A,0,,,Y,,Y,,C,02,0,1,0,0,0,0,0,0,1,"- ","- ",33.589500427246094,-117.85868835449219,ORANGE,"NEWPORT BEACH",-117.85877227783203,33.589473724365234
81546389,2021,2021-08-17,3010,2021-08-11,0745,1122,273,3,5,6,3010,0,0,0,,0,006,"WARNER AVE","NEWLAND ST",85.00,W,N,A,-,N,,,,,,,,,,N,3,0,1,2,A,-,04,21703,,M,C,D,A,A,H,-,A,D,0,,,Y,,Y,,-,99,0,1,0,0,0,0,0,0,1,"- ","- ",33.714450836181641,-117.98061370849609,ORANGE,"HUNTINGTON BEACH",-117.98085784912109,33.715671539306641
81546645,2021,2021-08-17,3014,2021-08-04,1355,1418,RD31,3,5,5,3014,0,0,0,,0,"A2  ","IRVINE AVE","23RD ST",30.00,N,N,A,-,N,,,,,,,,,,N,3,0,1,1,A,-,08,22107,,N,F,A,A,A,H,-,A,D,0,,,Y,,Y,,O,05,0,1,0,0,0,0,0,0,1,"- ","- ",33.646091461181641,-117.89299774169922,ORANGE,"NEWPORT BEACH",-117.89332580566406,33.646152496337891
81546682,2021,2021-08-17,3014,2021-08-07,1732,1503,RD44,6,5,5,3014,0,0,0,,0,"A4  ","ALLEY W/ OF CARNATION","1ST STREET",108.00,N,N,A,-,N,,,,,,,,,,N,3,0,1,1,A,-,03,22350,,N,F,A,A,A,H,-,A,D,0,,,Y,,Y,,C,02,0,1,0,0,0,0,0,0,1,"- ","- ",33.601188659667969,-117.87680053710938,ORANGE,"NEWPORT BEACH",,
81546683,2021,2021-08-17,3014,2021-08-08,0159,1572,RD39,7,5,5,3014,0,0,0,,0,"A3  ","JAMBOREE RD","SANTA BARBARA DR",1200.00,S,N,A,-,N,,,,,,,,,,Y,2,0,1,1,A,-,03,22350,,N,F,A,A,A,H,-,C,A,0,,,Y,,Y,,C,02,1,0,0,0,0,0,0,0,1,"- ","- ",33.619300842285156,-117.88509368896484,ORANGE,"NEWPORT BEACH",-117.88374328613281,33.620677947998047
81548558,2021,2021-08-19,3001,2021-08-16,1441,A1740,,1,5,7,3001,0,0,0,,0,D-2,"LOMBARD DRIVE","ARLINGTON AVENUE",6.00,N,N,A,-,N,,,,,,,,,,Y,3,0,1,2,A,-,03,22350,,N,D,E,A,A,H,-,A,D,0,,,Y,,Y,,C,02,0,1,0,0,0,0,0,0,1,"- ","- ",33.853008270263672,-117.93402099609375,ORANGE,ANAHEIM,-117.93421936035156,33.852867126464844
81548570,2021,2021-08-19,3001,2021-08-17,2332,A1656,D-4,2,5,7,3001,0,0,0,,0,044,"S. WEIR CANYON ROAD","SERRANO AVE",332.00,N,N,A,-,N,,,,,,,,,,N,4,0,1,2,A,-,09,21804,A,N,B,C,A,A,H,-,C,D,0,,,Y,,Y,,A,01,0,0,1,0,0,0,0,0,1,"- ","- ",,,ORANGE,ANAHEIM,-117.73785400390625,33.8619384765625
81549855,2021,2021-08-20,3001,2021-04-08,1503,A2367,D-1,4,5,7,3001,0,0,0,,0,D-1,"NUTWOOD STREET","CERRITOS AVENUE",37.00,S,N,-,-,N,,,,,,,,,,Y,1,1,0,1,A,-,01,23152,G,N,E,I,A,A,H,-,A,A,0,,,Y,,Y,Y,C,02,0,0,0,0,0,0,0,1,0,"- ","- ",33.810310363769531,-117.95030212402344,ORANGE,ANAHEIM,-117.95014953613281,33.810428619384766
81550920,2021,2021-08-23,3022,2021-08-14,1948,1355,North,6,5,5,3022,0,0,0,,0,,"MAIN ST",STONEGLASS,0.00,,Y,A,-,N,,,,,,,,,,Y,3,0,1,1,A,-,01,23152,A,N,F,A,A,A,H,-,C,A,0,,,Y,,Y,Y,C,02,0,1,0,0,0,0,0,0,1,"- ","- ",33.742179870605469,-117.83586120605469,ORANGE,TUSTIN,-117.83589172363281,33.742061614990234
81550922,2021,2021-08-23,3010,2021-08-17,1405,1208,445,2,5,6,3010,0,0,0,,0,003,"ADAMS AVE","MAGNOLIA ST",171.00,E,N,A,-,N,,,,,,,,,,N,3,0,1,2,A,-,07,21658,A,F,F,A,A,A,H,-,A,D,0,,,Y,,Y,,-,99,0,1,0,0,0,0,0,0,1,"- ","- ",33.672489166259766,-117.97122955322266,ORANGE,"HUNTINGTON BEACH",-117.97074127197266,33.672191619873047
81552281,2021,2021-08-24,3019,2021-07-29,1202,3756,SE,4,5,7,3019,0,0,0,,0,003,"MAIN STREET","SAINT ANDREW PLACE",0.00,,Y,A,-,N,,,,,,,,,,N,4,0,1,2,A,-,09,21801,A,N,D,C,A,A,D,-,A,A,0,,,Y,,Y,,A,07,0,0,1,0,0,0,0,0,0,"- ","- ",33.722328186035156,-117.86807250976562,ORANGE,"SANTA ANA",-117.86785125732422,33.722404479980469
81553439,2021,2021-08-25,3019,2021-07-30,1935,3638,NE,5,5,7,3019,0,0,0,,0,002,BROADWAY,"17TH STREET",30.00,N,N,A,-,N,,,,,,,,,,N,4,0,1,2,A,-,09,21804,A,N,D,C,A,A,H,-,B,D,0,,,Y,,Y,,A,01,0,0,1,0,0,0,0,0,1,"- ","- ",33.759250640869141,-117.8695068359375,ORANGE,"SANTA ANA",-117.86962890625,33.76019287109375
81554591,2021,2021-08-26,3002,2021-07-30,0951,1672,,5,5,4,3002,0,0,0,,0,012,"VALENCIA AV","SANTA FE RD",0.00,,Y,A,-,N,,,,,,,,,,Y,2,0,1,1,A,-,08,22107,,N,F,A,A,A,H,-,A,A,0,,,Y,,Y,,C,02,1,0,0,0,0,0,0,0,1,"- ","- ",33.927989959716797,-117.84795379638672,ORANGE,BREA,-117.84796905517578,33.927967071533203
81556708,2021,2021-08-27,3002,2021-08-10,1500,1684,,2,5,4,3002,0,0,0,,0,012,"BREA TRAIL","E BIRCH ST",565.00,N,N,A,-,N,,,,,,,,,,Y,3,0,1,1,B,-,22,,,N,F,A,A,A,H,-,A,D,0,,,Y,,Y,,C,03,0,1,0,0,0,0,0,0,1,"- ","- ",,,ORANGE,BREA,-117.88630676269531,33.917839050292969
81556716,2021,2021-08-27,3024,2021-07-06,1725,505,P-09,2,5,5,3024,0,0,0,,0,WEST,"BEACH BOULEVARD","23RD STREET",100.00,S,N,A,-,Y,,,,,,,,,,Y,2,0,1,2,A,-,09,21804,A,N,D,C,A,A,H,-,A,D,0,,,Y,,Y,,A,01,1,0,0,0,0,0,0,0,1,"- ","- ",33.764488220214844,-117.98960113525391,ORANGE,WESTMINSTER,-117.99002838134766,33.764446258544922
81557743,2021,2021-08-30,3024,2021-07-14,2230,435,P-09,3,5,5,3024,0,0,0,,0,WEST,"SPRINGDALE STREET","NAVAJO ROAD",0.00,,Y,A,-,N,,,,,,,,,,N,3,0,1,2,A,-,06,21755,,F,B,C,A,A,H,-,C,A,0,,,Y,,Y,,-,99,0,1,0,0,0,0,0,0,1,"- ","- ",33.763168334960938,-118.02786254882812,ORANGE,WESTMINSTER,-118.02529144287109,33.763328552246094
81559920,2021,2021-08-31,3007,2021-03-27,0826,316,15,6,5,5,3007,0,0,0,,0,001,BROOKHURST,EDINGER,82.00,N,N,A,-,N,,,,,,,,,,N,3,0,1,3,A,-,07,21658,A,N,B,C,A,A,H,-,A,D,0,,,Y,,Y,,C,02,0,1,0,0,0,0,0,0,1,"- ","- ",,,ORANGE,"FOUNTAIN VALLEY",-117.95474243164062,33.730636596679688
81560814,2021,2021-09-02,3010,2021-08-28,1324,2090,452,6,5,6,3010,0,0,0,,0,002,"DETROIT AVE","CALIFORNIA ST",145.00,E,N,A,-,N,,,,,,,,,,N,3,0,1,2,A,-,08,22107,,N,B,C,A,A,H,-,A,D,0,,,Y,,Y,,A,01,0,1,0,0,0,0,0,0,1,"- ","- ",33.659248352050781,-117.99510192871094,ORANGE,"HUNTINGTON BEACH",-117.99343109130859,33.660346984863281
81561218,2021,2021-09-02,3014,2021-08-21,0149,1503,RD12,6,5,5,3014,0,0,0,,0,"A1  ","E BAY AVE","CYPRESS ST",65.00,E,N,A,-,N,,,,,,,,,,Y,2,0,2,4,A,-,01,23152,A,N,B,E,A,A,H,-,D,D,0,,,Y,,Y,Y,C,02,1,1,0,0,0,0,0,0,2,"- ","- ",33.60369873046875,-117.90170288085938,ORANGE,"NEWPORT BEACH",-117.90204620361328,33.603794097900391
81561228,2021,2021-09-02,3014,2021-08-25,1642,1572,RD39,3,5,5,3014,0,0,0,,0,"A3  ","SAN MIGUEL DR","AVOCADO AVE",310.00,W,N,A,-,N,,,,,,,,,,Y,2,0,1,2,A,-,09,21804,A,N,D,C,A,A,H,-,A,A,0,,,Y,,Y,,A,01,1,0,0,0,0,0,0,0,1,"- ","- ",33.612598419189453,-117.87178802490234,ORANGE,"NEWPORT BEACH",-117.87169647216797,33.612392425537109
81562955,2021,2021-09-06,3024,2021-08-04,1609,418,P-30,3,5,5,3024,0,0,0,,0,WEST,"BOLSA AVENUE","GOLDEN WEST CIRCLE",410.00,W,N,A,-,N,,,,,,,,,,N,3,0,1,1,A,-,03,22350,,N,H,A,A,A,B,D,A,D,0,,,Y,,Y,,C,02,0,1,0,0,0,0,0,0,1,"- ","- ",33.744770050048828,-118.00045776367188,ORANGE,WESTMINSTER,-118.00357818603516,33.744579315185547
81565850,2021,2021-09-09,3001,2021-08-26,1655,A1880,D-1,4,5,7,3001,0,0,0,,0,D-1,"LINCOLN AVENUE","EUCLID WAY",0.00,,Y,A,-,N,,,,,,,,,,N,4,0,1,2,A,-,09,21804,A,N,B,C,A,A,H,-,A,D,0,,,Y,,Y,,A,01,0,0,1,0,0,0,0,0,1,"- ","- ",33.832740783691406,-117.94255065917969,ORANGE,ANAHEIM,-117.94245910644531,33.832565307617188
81567075,2021,2021-09-10,3024,2021-07-30,1645,502,P-27,5,5,5,3024,0,0,0,,0,EAST,"WASHINGTON AVENUE","BUSHARD STREET",22.00,E,N,A,-,N,,,,,,,,,,N,4,0,1,2,A,-,09,21802,A,N,D,C,A,A,H,-,A,A,0,,,Y,,Y,,A,01,0,0,1,0,0,0,0,0,1,"- ","- ",33.746120452880859,-117.96351623535156,ORANGE,WESTMINSTER,-117.96345520019531,33.746261596679688
81568045,2021,2021-09-13,3024,2021-08-01,1246,480,P-12,7,5,5,3024,0,0,0,,0,WEST,"BEACH BOULEVARD (SR 39)","19TH STREET",40.00,E,N,A,-,Y,,,39,,,,,,,Y,4,0,1,4,A,-,03,22350,,N,D,C,A,A,H,-,A,D,0,,,Y,,Y,,C,02,0,0,1,0,0,0,0,0,1,"- ","- ",33.760841369628906,-117.98963928222656,ORANGE,WESTMINSTER,-117.98956298828125,33.760841369628906
81569278,2021,2021-09-14,3015,2021-08-28,1058,1662,,6,5,6,3015,0,0,0,,0,231,"CHAPMAN AVE","1ST ST",186.00,E,N,A,-,N,,,,,,,,,,N,4,0,1,2,A,-,09,21801,A,N,B,C,A,A,H,-,A,D,0,,,Y,,Y,,A,01,0,0,1,0,0,0,0,0,1,"- ","- ",33.787769317626953,-117.82054901123047,ORANGE,ORANGE,-117.82000732421875,33.787799835205078
81569354,2021,2021-09-14,3019,2021-08-12,1335,3754,SE,4,5,7,3019,0,0,0,,0,003,"HUTTON CENTRE DRIVE","MACARTHUR PL",0.00,,Y,A,-,N,,,,,,,,,,N,3,0,1,1,A,-,03,22350,,N,E,I,A,A,H,-,A,D,0,,,Y,,Y,,C,03,0,1,0,0,0,0,0,0,1,"- ","- ",33.699161529541016,-117.86666107177734,ORANGE,"SANTA ANA",-117.86576843261719,33.699241638183594
81572635,2021,2021-09-17,3001,2021-09-14,2145,A1252,,2,5,7,3001,0,0,0,,0,D-1,"BROOKHURST STREET",BROADWAY,444.00,S,N,A,-,N,,,,,,,,,,Y,2,0,1,1,A,-,03,22350,,N,E,I,A,A,H,-,C,D,0,,,Y,,Y,,C,02,1,0,0,0,0,0,0,0,1,"- ","- ",33.828300476074219,-117.9588623046875,ORANGE,ANAHEIM,-117.95894622802734,33.827674865722656
81573971,2021,2021-09-20,3008,2021-07-14,1923,1535,"Zone ",3,5,6,3008,0,0,0,,0,,"BREA BLVD","BASTANCHURY RD",0.00,,Y,A,-,N,,,,,,,,,,Y,3,0,1,2,A,-,12,21453,A,N,D,C,A,A,H,-,A,A,0,,,Y,,Y,,C,03,0,1,0,0,0,0,0,0,1,"- ","- ",,,ORANGE,FULLERTON,-117.90936279296875,33.899383544921875
81576122,2021,2021-09-22,3022,2021-09-07,0718,1193,,2,5,5,3022,0,0,0,,0,,"WARNER AV","LEGACY RD",466.00,E,N,A,-,N,,,,,,,,,,Y,3,0,2,3,A,-,03,22350,,N,C,C,E,A,H,-,A,D,0,Y,,Y,,Y,,C,02,0,2,0,0,1,0,0,0,1,"- ","- ",33.705039978027344,-117.82745361328125,ORANGE,TUSTIN,-117.82661437988281,33.703994750976562
81576136,2021,2021-09-22,3001,2021-09-10,1050,A2292,,5,5,7,3001,0,0,0,,0,,"IMPERIAL HIGHWAY","LA PALMA AVENUE (E)",296.00,N,N,A,-,Y,,,,,,,,,,Y,3,0,1,2,A,-,03,22350,,N,C,C,A,A,H,-,A,D,0,,,Y,,Y,,C,02,0,1,0,0,0,0,0,0,1,"- ","- ",33.87200927734375,-117.76251220703125,ORANGE,ANAHEIM,-117.79051971435547,33.860431671142578
81578476,2021,2021-09-24,3001,2021-09-21,1604,A2292,D-3,2,5,7,3001,0,0,0,,0,D-3,"WAKEFIELD AVENUE","MOUNTAIN VIEW AVENUE",0.00,,Y,A,-,N,,,,,,,,,,N,3,0,2,2,A,-,12,22450,A,N,D,C,A,A,H,-,A,D,0,,,Y,,Y,,C,03,0,1,1,0,0,0,0,0,2,"- ","- ",33.79949951171875,-117.90386962890625,ORANGE,ANAHEIM,-117.90364074707031,33.799301147460938
81582210,2021,2021-09-29,3019,2021-08-24,2019,3198,SE,2,5,7,3019,0,0,0,,0,003,"EDINGER AVENUE","MAIN STREET",88.00,W,N,A,-,N,,,,,,,,,,Y,3,0,1,1,A,-,08,22107,,N,E,I,A,A,H,-,C,D,0,,,Y,,Y,,C,02,0,1,0,0,0,0,0,0,1,"- ","- ",33.727081298828125,-117.867919921875,ORANGE,"SANTA ANA",-117.86808013916016,33.727149963378906
81582225,2021,2021-09-29,3019,2021-09-16,1135,2875,SE,4,5,7,3019,0,0,0,,0,003,"DYER ROAD","HOTEL TERRACE DRIVE",0.00,,Y,A,-,Y,,,,,,,,,,Y,3,0,2,2,A,-,12,21453,A,F,D,C,A,A,H,-,A,A,0,,,Y,,Y,,C,06,0,1,1,0,0,0,0,0,1,"- ","- ",33.708599090576172,-117.85447692871094,ORANGE,"SANTA ANA",-117.85430145263672,33.708663940429688
81585395,2021,2021-10-01,3015,2021-09-19,1422,1507,,7,5,6,3015,0,0,0,,0,,"SANTIAGO CANYON RD","JAMBOREE RD (N)",978.00,E,N,A,-,N,,,,,,,,,,Y,3,0,1,1,A,-,08,22107,,N,E,I,A,A,H,-,A,D,0,,,Y,,Y,,C,02,0,1,0,0,0,0,0,0,1,"- ","- ",33.795539855957031,-117.76087188720703,ORANGE,ORANGE,-117.75820159912109,33.79132080078125
81586295,2021,2021-10-04,3019,2021-08-29,0737,3700,NE,7,5,7,3019,0,0,0,,0,002,"4TH STREET","TUSTIN AVENUE",0.00,,Y,A,-,N,,,,,,,,,,N,4,0,1,2,A,-,12,21453,A,N,D,C,A,A,H,-,A,A,0,,,Y,,Y,,C,06,0,0,1,0,0,0,0,0,0,"- ","- ",33.747978210449219,-117.83438110351562,ORANGE,"SANTA ANA",-117.83412933349609,33.748138427734375
81586633,2021,2021-10-04,3008,2021-08-17,1547,1573,"Zone ",2,5,6,3008,0,0,0,,0,,"STATE COLLEGE BLVD","WALNUT AVE",0.00,,Y,A,-,N,,,,,,,,,,Y,2,0,1,2,A,-,03,22350,,N,D,C,A,A,H,-,A,A,0,,,Y,,Y,,C,02,1,0,0,0,0,0,0,0,1,"- ","- ",,,ORANGE,FULLERTON,-117.88954925537109,33.868690490722656
81587812,2021,2021-10-05,3001,2021-09-05,2320,A2503,D-3,7,5,7,3001,0,0,0,,0,D-3,"KATELLA AVENUE","CASA VISTA STREET",60.00,W,N,A,-,N,,,,,,,,,,Y,3,0,1,2,A,-,07,21658,A,N,B,C,A,A,H,-,C,D,0,,,Y,,Y,,A,01,0,1,0,0,0,0,0,0,1,"- ","- ",33.803211212158203,-117.92698669433594,ORANGE,ANAHEIM,-117.92716979980469,33.803241729736328
81588722,2021,2021-10-05,3014,2021-09-21,1529,1483,RD35,2,5,5,3014,0,0,0,,0,"A3  ","VISTA DEL SOL","EASTBLUFF DR",15.00,W,N,A,-,N,,,,,,,,,,N,3,0,1,2,A,-,05,21650,,N,D,C,A,A,H,-,A,A,0,,,Y,,Y,,O,05,0,1,0,0,0,0,0,0,1,"- ","- ",33.639289855957031,-117.87568664550781,ORANGE,"NEWPORT BEACH",-117.87577819824219,33.639125823974609
81590433,2021,2021-10-07,3014,2021-09-24,1937,1572,RD26,5,5,5,3014,0,0,0,,0,"A2  ","CLAY ST","IRVINE AVE",300.00,E,N,A,-,N,,,,,,,,,,N,2,0,1,1,A,-,03,22350,,N,H,A,A,B,B,-,D,A,0,,,Y,,Y,,O,05,1,0,0,0,0,0,0,0,1,"- ","- ",33.620800018310547,-117.91490173339844,ORANGE,"NEWPORT BEACH",-117.91490173339844,33.620922088623047
81591304,2021,2021-10-08,3019,2021-09-02,1459,3570,,4,5,7,3019,0,0,0,,0,,"MCFADDEN AVENUE","BRISTOL STREET",230.00,E,N,A,-,N,,,,,,,,,,N,2,0,1,2,A,-,09,21801,A,N,D,C,A,A,H,-,A,D,0,,,Y,,Y,,A,01,1,0,0,0,0,0,0,0,1,"- ","- ",33.734580993652344,-117.88507843017578,ORANGE,"SANTA ANA",-117.88444519042969,33.734451293945312
81593718,2021,2021-10-12,3010,2021-10-01,1321,3042,433,5,5,6,3010,0,0,0,,0,003,"BEACH BL - SR39","YORKTOWN AVE",570.00,S,N,A,-,Y,,,,,,,,,,Y,3,0,1,2,A,-,09,21801,A,N,D,C,A,A,H,-,A,D,0,,,Y,,Y,,A,07,0,1,0,0,0,0,0,0,1,"- ","- ",33.679279327392578,-117.98873138427734,ORANGE,"HUNTINGTON BEACH",-117.98853302001953,33.677875518798828
81593738,2021,2021-10-12,3010,2021-10-05,2000,1261,271,2,5,6,3010,0,0,0,,0,006,"GOTHARD ST","CEDAR AVE",147.00,S,N,A,-,N,,,,,,,,,,Y,3,0,1,1,A,-,03,22350,,N,F,A,A,A,H,-,A,D,0,,,Y,,Y,,C,02,0,1,0,0,0,0,0,0,1,"- ","- ",33.712791442871094,-118.00022125244141,ORANGE,"HUNTINGTON BEACH",-118.00003051757812,33.712478637695312
81594801,2021,2021-10-13,3008,2021-09-02,0910,1350,"Zone ",4,5,6,3008,0,0,0,,0,,"WILLIAMSON AVE","EUCLID ST",414.00,E,N,A,-,N,,,,,,,,,,Y,3,0,1,2,A,-,08,22102,,N,D,C,A,A,H,-,A,A,0,,,Y,,Y,,A,01,0,1,0,0,0,0,0,0,1,"- ","- ",,,ORANGE,FULLERTON,-117.94058990478516,33.869178771972656
81597526,2021,2021-10-15,3014,2021-09-15,1638,1418,RD67,3,5,5,3014,0,0,0,,0,"A4  ","SR-1 (E COAST HWY)","NEWPORT COAST DR",50.00,W,N,A,-,Y,,,1,,,,,,,Y,3,0,1,2,A,-,07,21658,,M,C,C,A,A,H,-,A,D,0,,,Y,,Y,,A,01,0,1,0,0,0,0,0,0,1,"- ","- ",33.583099365234375,-117.84928894042969,ORANGE,"NEWPORT BEACH",-117.84925842285156,33.583141326904297
81598207,2021,2021-10-18,3001,2021-10-03,1849,A1252,,7,5,7,3001,0,0,0,,0,D-2,"ANAHEIM BOULEVARD","NORTH STREET",432.00,S,N,A,-,N,,,,,,,,,,Y,1,1,1,2,A,-,08,22102,,N,D,C,A,A,H,-,C,D,0,,,Y,,Y,,A,01,0,1,0,0,0,0,0,1,0,"- ","- ",33.843070983886719,-117.91639709472656,ORANGE,ANAHEIM,-117.91640472412109,33.843101501464844
81598284,2021,2021-10-18,3024,2021-09-08,1302,155,P-19,3,5,5,3024,0,0,0,,0,EAST,"BEACH BOULEVARD (SR 39)","13TH STREET",174.00,S,N,A,-,Y,,,,,,,,,,Y,2,0,1,2,A,-,07,21658,A,N,C,C,A,A,H,-,A,A,0,,,Y,,Y,,A,07,1,0,0,0,0,0,0,0,1,"- ","- ",33.754951477050781,-117.99228668212891,ORANGE,WESTMINSTER,-117.98950958251953,33.755142211914062
81599863,2021,2021-10-19,3008,2021-08-31,0048,1560,"Zone ",2,5,6,3008,0,0,0,,0,,"ORANGETHORPE AVE","HARBOR BLVD",70.00,W,N,A,-,N,,,,,,,,,,Y,4,0,1,2,A,-,08,22107,,N,C,C,A,A,H,-,C,A,0,,,Y,,Y,,A,01,0,0,1,0,0,0,0,0,1,"- ","- ",,,ORANGE,FULLERTON,-117.92459869384766,33.8594970703125
81603285,2021,2021-10-22,3001,2021-10-19,1717,A2382,,2,5,7,3001,0,0,0,,0,D-4,"NOHL RANCH ROAD","WESTRIDGE CIRCLE",0.00,,Y,A,-,N,,,,,,,,,,Y,4,0,1,2,A,-,09,21802,A,N,D,C,A,A,H,-,A,A,0,,,Y,,Y,,A,01,0,0,1,0,0,0,0,0,1,"- ","- ",33.84014892578125,-117.79348754882812,ORANGE,ANAHEIM,-117.79383850097656,33.842899322509766
81608374,2021,2021-10-28,3024,2021-09-23,1432,162,P-09,4,5,5,3024,0,0,0,,0,WEST,"WILLOW LANE","MILTON AVENUE",0.00,,Y,A,-,N,,,,,,,,,,N,3,0,2,2,A,-,09,21802,A,N,D,C,A,A,H,-,A,D,0,,,Y,,Y,,C,02,0,1,1,0,0,0,0,0,1,"- ","- ",33.759998321533203,-118.01857757568359,ORANGE,WESTMINSTER,-118.01876831054688,33.759899139404297
81611988,2021,2021-11-01,3014,2021-10-10,1752,1503,RD31,7,5,5,3014,0,0,0,,0,"A2  ","IRVINE AVE","UNIVERSITY DR",5.00,S,N,A,-,N,,,,,,,,,,N,3,0,1,1,A,-,08,22107,,N,E,I,A,A,H,-,A,A,0,,,Y,,Y,,C,02,0,1,0,0,0,0,0,0,1,"- ","- ",33.65570068359375,-117.88719940185547,ORANGE,"NEWPORT BEACH",-117.8870849609375,33.655853271484375
81614173,2021,2021-11-03,3010,2021-10-31,1742,1261,435,7,5,6,3010,0,0,0,,0,003,"BUSHARD ST","ADAMS AVE",0.00,,Y,A,-,N,,,,,,,,,,Y,3,0,1,2,A,-,01,23152,A,N,A,C,A,A,H,-,B,A,0,,,Y,,Y,Y,C,02,0,1,0,0,0,0,0,0,1,"- ","- ",,,ORANGE,"HUNTINGTON BEACH",-117.96292114257812,33.672508239746094
81615394,2021,2021-11-04,3015,2021-07-11,0936,1515,RD77,7,5,6,3015,0,0,0,,0,732M,"TUSTIN ST","MEATS AVE",0.00,,Y,A,-,N,,,,,,,,,,Y,2,0,4,4,A,-,12,21453,A,N,D,C,A,A,H,-,A,A,0,,,Y,,Y,,A,01,1,1,2,0,0,0,0,0,2,"- ","- ",33.823051452636719,-117.83599090576172,ORANGE,ORANGE,-117.83602905273438,33.822910308837891
81615397,2021,2021-11-04,3022,2021-10-12,1604,1193,South,2,5,5,3022,0,0,0,,0,,"WALNUT AV","OXFORD AV (W)",0.00,,Y,A,-,N,,,,,,,,,,Y,2,0,1,2,A,-,09,21801,A,N,D,C,A,A,H,-,A,A,0,,,Y,,Y,,A,01,1,0,0,0,0,0,0,0,1,"- ","- ",33.7247314453125,-117.81687927246094,ORANGE,TUSTIN,-117.81678771972656,33.725051879882812
81615412,2021,2021-11-04,3001,2021-10-02,1446,A1466,D-4,6,5,7,3001,0,0,0,,0,D-4,"SANTA ANA CANYON ROAD","IMPERIAL HIGHWAY",0.00,,Y,A,-,N,,,,,,,,,,Y,3,0,2,2,A,-,12,21453,A,N,D,C,A,A,H,-,A,A,0,,,Y,,Y,,A,01,0,1,1,0,0,0,0,0,1,"- ","- ",33.850940704345703,-117.79064178466797,ORANGE,ANAHEIM,-117.79072570800781,33.851222991943359
81615457,2021,2021-11-04,3010,2021-10-29,0922,4094,434,5,5,6,3010,0,0,0,,0,003,"NEWLAND ST","ADAMS AVE",10.00,N,N,A,-,N,,,,,,,,,,Y,4,0,1,2,A,-,21,22106,,N,D,C,A,A,H,-,A,A,0,,,Y,,Y,,C,02,0,0,1,0,0,0,0,0,1,"- ","- ",33.672210693359375,-117.97965240478516,ORANGE,"HUNTINGTON BEACH",-117.97991943359375,33.672199249267578
81615507,2021,2021-11-04,3019,2021-09-16,0732,2801,SE,4,5,7,3019,0,0,0,,0,003,"MAIN STREET","ANAHURST PLACE",45.00,N,N,B,-,N,,,,,,,,,,Y,4,0,2,3,A,-,08,22107,,N,B,C,F,A,D,-,A,D,0,Y,,Y,,Y,,C,02,0,0,2,0,1,0,0,0,1,"- ","- ",33.717090606689453,-117.86858367919922,ORANGE,"SANTA ANA",-117.86788940429688,33.717983245849609
81616928,2021,2021-11-05,3019,2021-10-13,1254,3444,NE,3,5,7,3019,0,0,0,,0,002,"TUSTIN AVENUE","4TH STREET",20.00,N,N,A,-,N,,,,,,,,,,N,3,0,1,2,A,-,04,21703,,N,C,C,A,A,H,-,A,A,0,,,Y,,Y,,C,02,0,1,0,0,0,0,0,0,1,"- ","- ",33.747978210449219,-117.83438110351562,ORANGE,"SANTA ANA",-117.83412933349609,33.748195648193359
81621062,2021,2021-11-10,3022,2021-11-01,1753,1342,,1,5,5,3022,0,0,0,,0,,"PASADENA AV","ALTADENA DR",15.00,S,N,A,-,N,,,,,,,,,,N,4,0,1,2,A,-,03,22350,,N,C,C,A,A,H,-,B,D,0,,,Y,,Y,,A,01,0,0,1,0,0,0,0,0,1,"- ","- ",33.731121063232422,-117.83180999755859,ORANGE,TUSTIN,-117.83175659179688,33.731098175048828
81621154,2021,2021-11-10,3019,2021-09-13,1524,3755,WE,1,5,7,3019,0,0,0,,0,001,"EUCLID STREET","MCFADDEN AVENUE",118.00,N,N,A,-,N,,,,,,,,,,N,3,0,1,2,A,-,09,21801,A,N,D,C,A,A,H,-,A,D,0,,,Y,,Y,,C,02,0,1,0,0,0,0,0,0,1,"- ","- ",33.73828125,-117.93766784667969,ORANGE,"SANTA ANA",-117.93740081787109,33.738471984863281
81621201,2021,2021-11-10,3019,2021-10-17,2225,3630,WE,7,5,7,3019,0,0,0,,0,001,"5TH STREET","ENGLISH STREET",60.00,E,N,A,-,N,,,,,,,,,,Y,4,0,1,2,A,-,09,21804,A,F,D,C,A,A,H,-,C,D,0,,,Y,,Y,,A,01,0,0,1,0,0,0,0,0,1,"- ","- ",33.748340606689453,-117.896728515625,ORANGE,"SANTA ANA",-117.896484375,33.748741149902344
81621217,2021,2021-11-10,3019,2021-10-20,1847,3766,SC,3,5,7,3019,0,0,0,,0,004,"WARNER AVENUE","HARBOR BOULEVARD",110.00,E,N,A,-,N,,,,,,,,,,Y,2,0,1,3,A,-,08,22107,,N,C,C,A,A,H,-,C,A,0,,,Y,,Y,,C,02,1,0,0,0,0,0,0,0,1,"- ","- ",33.714031219482422,-117.91996002197266,ORANGE,"SANTA ANA",-117.91977691650391,33.713920593261719
81622145,2021,2021-11-11,3022,2021-10-15,1214,1154,South,5,5,5,3022,0,0,0,,0,,"WALNUT AV","NEWPORT AV",340.00,E,N,A,-,N,,,,,,,,,,Y,3,0,1,1,D,-,00,,,N,F,A,A,A,H,-,A,D,0,,,Y,,Y,,-,"- ",0,1,0,0,0,0,0,0,1,"- ","- ",,,ORANGE,TUSTIN,-117.82681274414062,33.732013702392578
81622452,2021,2021-11-11,3014,2021-10-24,1523,1555,RD34,7,5,5,3014,0,0,0,,0,"A3  ","MACARTHUR BLVD","BIRCH ST",103.00,N,N,A,-,N,,,,,,,,,,N,3,0,1,1,A,-,08,22107,,N,F,A,A,A,H,-,A,D,0,,,Y,,Y,,C,02,0,1,0,0,0,0,0,0,1,"- ","- ",33.669601440429688,-117.86432647705078,ORANGE,"NEWPORT BEACH",-117.86465454101562,33.669483184814453
81625365,2021,2021-11-16,3001,2021-11-11,1445,A2187,D-1,4,5,7,3001,0,0,0,,0,,"LINCOLN AVENUE","WESTCHESTER DRIVE",667.00,W,N,A,-,N,,,,,,,,,,Y,3,0,1,5,A,-,08,22107,,N,C,E,A,A,H,-,A,D,0,,,Y,,Y,,A,01,0,1,0,0,0,0,0,0,0,"- ","- ",,,ORANGE,ANAHEIM,-118.00761413574219,33.831871032714844
81627219,2021,2021-11-17,3014,2021-11-01,0252,1527,RD26,1,5,5,3014,0,0,0,,0,"A2  ","WESTCLIFF DR","DOVER DR",141.00,W,N,A,-,N,,,,,,,,,,Y,2,0,1,1,A,-,03,22350,,M,F,A,A,A,H,-,C,D,0,,,Y,,Y,Y,C,02,1,0,0,0,0,0,0,0,1,"- ","- ",33.625389099121094,-117.90460205078125,ORANGE,"NEWPORT BEACH",-117.90455627441406,33.625465393066406
81627717,2021,2021-11-18,3001,2021-11-13,1120,A2387,D-1,6,5,7,3001,0,0,0,,0,D-1,"FELICIDAD STREET","GREENLEAF AVENUE",0.00,,Y,A,-,N,,,,,,,,,,N,3,0,1,2,A,-,09,21802,A,N,D,C,A,A,H,-,A,D,0,,,Y,,Y,,A,01,0,1,0,0,0,0,0,0,1,"- ","- ",33.842350006103516,-117.97715759277344,ORANGE,ANAHEIM,-117.97707366943359,33.842330932617188
81629959,2021,2021-11-19,3001,2021-11-15,1730,A2292,D-2,1,5,7,3001,0,0,0,,0,D-2,"CRESCENT AVENUE","EUCLID STREET",337.00,E,N,A,-,N,,,,,,,,,,Y,3,0,1,2,A,-,03,22350,,N,D,C,A,A,H,-,C,D,0,,,Y,,Y,,C,02,0,1,0,0,0,0,0,0,1,"- ","- ",33.839981079101562,-117.94154357910156,ORANGE,ANAHEIM,-117.94049072265625,33.839828491210938
81631071,2021,2021-11-22,3007,2021-10-31,1953,313,46,7,5,5,3007,0,0,0,,0,002,"WARNER AVE","LOS JARDINES WEST",0.00,,Y,A,-,N,,,,,,,,,,Y,3,0,2,3,A,-,09,21801,A,N,D,C,A,A,H,-,C,A,0,,,Y,,Y,,A,07,0,1,1,0,0,0,0,0,1,"- ","- ",,,ORANGE,"FOUNTAIN VALLEY",-117.94136810302734,33.716285705566406
81631272,2021,2021-11-22,3024,2021-09-13,2049,167,P-01,1,5,5,3024,0,0,0,,0,WEST,"BOLSA CHICA ROAD","DUNCANNON AVENUE",617.00,N,N,A,-,N,,,,,,,,,,N,4,0,1,1,A,-,03,22350,,N,E,I,A,A,H,-,C,D,0,,,Y,,Y,,C,02,0,0,1,0,0,0,0,0,1,"- ","- ",33.76708984375,-118.04241943359375,ORANGE,WESTMINSTER,-118.04264068603516,33.768772125244141
81635107,2021,2021-11-25,3015,2021-11-09,1056,1240,RD32,2,5,6,3015,0,0,0,,0,723-M,"CHAPMAN AVE","PIXLEY ST",0.00,,Y,A,-,N,,,,,,,,,,Y,3,0,1,1,A,-,03,22350,,N,E,J,A,A,H,-,A,D,0,,,Y,,Y,,C,02,0,1,0,0,0,0,0,0,1,"- ","- ",33.787788391113281,-117.85852813720703,ORANGE,ORANGE,-117.85858154296875,33.787879943847656
81635231,2021,2021-11-25,3007,2021-09-19,1255,317,37,7,5,5,3007,0,0,0,,0,002,EUCLID,HEIL,135.00,S,N,A,-,N,,,,,,,,,,Y,4,0,1,1,A,-,03,22350,,N,H,J,A,A,H,-,A,D,0,,,Y,,Y,,C,02,0,0,1,0,0,0,0,0,1,"- ","- ",,,ORANGE,"FOUNTAIN VALLEY",-117.93726348876953,33.723258972167969
81635390,2021,2021-11-26,3001,2021-11-24,0545,A2700,,3,5,7,3001,0,0,0,,0,,"EUCLID STREET","FRANCIS DRIVE",95.00,N,N,A,-,N,,,,,,,,,,Y,3,0,1,2,A,-,09,21804,A,N,C,C,A,A,H,-,B,A,0,,,Y,,Y,,A,01,0,1,0,0,0,0,0,0,1,"- ","- ",33.845958709716797,-117.94162750244141,ORANGE,ANAHEIM,-117.94165802001953,33.845951080322266
81635432,2021,2021-11-26,3010,2021-11-22,1812,1208,263,1,5,6,3010,0,0,0,,0,006,"BEACH BL - SR39","WARNER AVE",139.00,N,N,A,-,Y,,,,,,,,,,Y,3,0,1,2,A,-,09,21804,A,N,C,C,A,A,H,-,C,D,0,,,Y,,Y,,A,07,0,1,0,0,0,0,0,0,1,"- ","- ",33.715690612792969,-117.98902893066406,ORANGE,"HUNTINGTON BEACH",-117.98899841308594,33.715930938720703
81636000,2021,2021-11-29,3007,2021-08-27,1715,328,23,5,5,5,3007,0,0,0,,0,001,HEIL,ALMOND,0.00,,Y,A,-,N,,,,,,,,,,N,3,0,1,2,A,-,09,21804,A,N,D,C,A,A,H,-,A,D,0,,,Y,,Y,,A,01,0,1,0,0,0,0,0,0,1,"- ","- ",,,ORANGE,"FOUNTAIN VALLEY",-117.96952056884766,33.723163604736328
81636267,2021,2021-11-29,3008,2021-09-29,1649,1387,"Zone ",3,5,6,3008,0,0,0,,0,,"RICHMAN AVE","HILL AVE",0.00,,Y,A,-,N,,,,,,,,,,Y,4,0,1,2,A,-,09,21802,A,N,D,C,A,A,H,-,A,A,0,,,Y,,Y,,A,01,0,0,1,0,0,0,0,0,1,"- ","- ",,,ORANGE,FULLERTON,-117.93308258056641,33.861061096191406
81637742,2021,2021-11-30,3019,2021-10-15,1332,3458,SE,5,5,7,3019,0,0,0,,0,003,"LYON STREET","EDINGER AVENUE",100.00,N,N,A,-,N,,,,,,,,,,N,4,0,1,2,A,-,06,21755,A,N,D,C,A,A,H,-,A,D,0,,,Y,,Y,,C,02,0,0,1,0,0,0,0,0,1,"- ","- ",33.726631164550781,-117.844970703125,ORANGE,"SANTA ANA",-117.84516143798828,33.726943969726562
81638866,2021,2021-12-01,3001,2021-11-23,1651,A2292,D-1,2,5,7,3001,0,0,0,,0,D-1,"CABOT DRIVE -NORTH ALLEY","WESTERN AVE",6.00,W,N,A,-,N,,,,,,,,,,N,4,0,1,2,A,-,03,22350,,N,D,C,A,A,H,-,C,D,0,,,Y,,Y,,C,03,0,0,1,0,0,0,0,0,1,"- ","- ",33.830600738525391,-118.00209808349609,ORANGE,ANAHEIM,-118.00225067138672,33.830638885498047
81639044,2021,2021-12-01,3010,2021-11-21,1212,1261,435,7,5,6,3010,0,0,0,,0,003,"MAGNOLIA ST","ADAMS AVE",230.00,N,N,A,-,N,,,,,,,,,,Y,3,0,1,2,A,-,09,21801,A,N,D,C,A,A,H,-,A,A,0,,,Y,,Y,,A,07,0,1,0,0,0,0,0,0,0,"- ","- ",33.670829772949219,-117.97219848632812,ORANGE,"HUNTINGTON BEACH",-117.97119140625,33.671852111816406
81639980,2021,2021-12-01,3014,2021-11-28,1529,1555,RD41,7,5,5,3014,0,0,0,,0,"A3  ","SR-1 (COAST HWY E)","BAYSIDE DR",66.00,E,N,A,-,Y,,,1,,,,,,,N,4,0,1,2,A,-,07,21658,A,N,B,C,A,A,H,-,A,A,0,,,Y,,Y,,-,"- ",0,0,1,0,0,0,0,0,1,"- ","- ",33.616298675537109,-117.90061187744141,ORANGE,"NEWPORT BEACH",-117.90060424804688,33.616329193115234
81639985,2021,2021-12-01,3014,2021-11-22,2250,1578,RD48,1,5,5,3014,0,0,0,,0,"A4  ","MARGUERITE AVE","PACIFIC VIEW DR",129.00,S,N,A,-,N,,,,,,,,,,Y,3,0,1,4,A,-,01,23152,A,N,B,E,A,A,H,-,C,D,0,,,Y,,Y,Y,C,06,0,1,0,0,0,0,0,0,1,"- ","- ",33.608798980712891,-117.85829162597656,ORANGE,"NEWPORT BEACH",-117.8583984375,33.608867645263672
81640389,2021,2021-12-02,3010,2021-11-28,1502,2055,359,7,5,6,3010,0,0,0,,0,004,"PACIFIC COAST HWY - SR1","11TH ST (S)",0.00,,Y,A,-,Y,,,1,,,,,,,Y,4,0,1,2,A,-,09,21801,A,N,D,C,A,A,H,-,A,D,0,,,Y,,Y,,A,07,0,0,1,0,0,0,0,0,1,"- ","- ",33.661228179931641,-118.00775909423828,ORANGE,"HUNTINGTON BEACH",-118.00773620605469,33.661266326904297
81641491,2021,2021-12-03,3001,2021-11-30,1612,A2332,D-3,2,5,7,3001,0,0,0,,0,D-3,"EAST STREET","VERMONT AVENUE",0.00,,Y,A,-,N,,,,,,,,,,Y,3,0,2,3,A,-,09,21801,A,N,D,C,A,A,H,-,A,A,0,,,Y,,Y,,A,01,0,1,1,0,0,0,0,0,1,"- ","- ",33.825878143310547,-117.89833068847656,ORANGE,ANAHEIM,-117.89856719970703,33.825752258300781
81643269,2021,2021-12-06,3008,2021-10-23,1436,1116,"Zone ",6,5,6,3008,0,0,0,,0,,"ASSOCIATED RD","MILTON AVE",0.00,,Y,B,-,N,,,,,,,,,,Y,3,0,2,2,A,-,09,21802,A,N,D,C,A,A,H,-,A,A,0,,,Y,,Y,,O,05,0,2,0,0,0,0,0,0,1,"- ","- ",,,ORANGE,FULLERTON,-117.88562774658203,33.891265869140625
81643312,2021,2021-12-06,3024,2021-11-01,0012,465,P-04,1,5,5,3024,0,0,0,,0,WEST,"GOLDENWEST STREET","HOOD DRIVE",0.00,,Y,A,-,N,,,,,,,,,,Y,3,0,1,1,A,-,08,22107,,N,E,I,A,A,H,-,C,A,0,,,Y,,Y,,C,02,0,1,0,0,0,0,0,0,1,"- ","- ",33.771331787109375,-118.00742340087891,ORANGE,WESTMINSTER,-118.00733947753906,33.771274566650391
81643319,2021,2021-12-06,3024,2021-11-03,1236,329,P-01,3,5,5,3024,0,0,0,,0,WEST,"BOLSA CHICA ROAD","OLD BOLSA CHICA ROAD",18.00,N,N,A,-,N,,,,,,,,,,Y,3,0,1,2,D,-,00,,,N,F,I,A,A,D,-,A,A,0,,,Y,,Y,,-,"- ",0,1,0,0,0,0,0,0,1,"- ","- ",33.770401000976562,-118.04212951660156,ORANGE,WESTMINSTER,-118.04254150390625,33.77362060546875
81645730,2021,2021-12-07,3014,2021-11-15,1011,1555,RD11,1,5,5,3014,0,0,0,,0,"A1  ","OCEAN BLVD","G ST",34.00,E,N,A,-,N,,,,,,,,,,N,3,0,1,1,A,-,08,22107,,N,E,I,A,A,H,-,A,D,0,,,Y,,Y,,C,02,0,1,0,0,0,0,0,0,1,"- ","- ",33.598430633544922,-117.89109802246094,ORANGE,"NEWPORT BEACH",-117.89108276367188,33.598442077636719
81645733,2021,2021-12-07,3014,2021-12-04,1133,1520,RD17,6,5,5,3014,0,0,0,,0,"A2  ","SEASHORE DR","60TH ST",48.00,E,N,A,-,N,,,,,,,,,,N,3,0,1,3,A,-,09,21804,A,N,H,G,A,A,H,-,A,D,0,,Y,Y,,Y,,C,03,0,1,0,0,0,0,1,0,0,"- ","- ",33.625190734863281,-117.94779968261719,ORANGE,"NEWPORT BEACH",-117.94802856445312,33.625247955322266
81646925,2021,2021-12-08,3007,2021-05-24,2018,285,33,1,5,5,3007,0,0,0,,0,001,WARNER,MAGNOLIA,0.00,,N,A,-,N,,,,,,,,,,Y,2,0,1,2,A,-,09,21801,A,N,D,C,A,A,H,-,C,D,0,,,Y,,Y,,A,01,1,0,0,0,0,0,0,0,1,"- ","- ",,,ORANGE,"FOUNTAIN VALLEY",-117.97196197509766,33.715736389160156
81647180,2021,2021-12-09,3010,2021-09-22,1621,0147,442,3,5,6,3010,0,0,0,,0,003,"BEACH BL - SR39","DRIVEWAY OF NEWLAND CENTER",36.00,S,N,A,-,Y,,,,,,,,,,Y,1,1,1,2,A,-,09,21801,A,N,D,C,A,A,H,-,A,D,0,,,Y,,Y,,A,07,0,0,1,0,0,0,0,1,0,"- ","- ",33.674648284912109,-117.98956298828125,ORANGE,"HUNTINGTON BEACH",,
81651100,2021,2021-12-14,3015,2021-11-24,1623,1507,,3,5,6,3015,0,0,0,,0,721M,"SANTIAGO BLVD","TAFT AVE",327.00,S,N,A,-,N,,,,,,,,,,N,3,0,1,1,A,-,03,22350,,N,E,J,A,A,H,-,A,D,0,,,Y,,Y,,C,02,0,1,0,0,0,0,0,0,1,"- ","- ",33.817699432373047,-117.82331848144531,ORANGE,ORANGE,-117.82305145263672,33.816806793212891
81653594,2021,2021-12-16,3019,2021-10-18,1830,3631,SC,1,5,7,3019,0,0,0,,0,004,"WARNER AVENUE","GREENVILLE STREET",0.00,,Y,A,-,N,,,,,,,,,,N,2,0,1,2,A,-,17,25650,,N,A,C,A,A,H,-,A,D,0,,,Y,,Y,,C,03,1,0,0,0,0,0,0,0,1,"- ","- ",33.714988708496094,-117.90484619140625,ORANGE,"SANTA ANA",-117.90413665771484,33.715259552001953
81655676,2021,2021-12-20,3022,2021-11-18,1528,1154,,4,5,5,3022,0,0,0,,0,,"WALNUT AV","NEWPORT AV",141.00,E,N,A,-,N,,,,,,,,,,N,4,0,1,2,D,-,00,,,N,B,C,A,A,H,-,A,D,0,,,Y,,Y,,-,"- ",0,0,1,0,0,0,0,0,1,"- ","- ",33.732479095458984,-117.82768249511719,ORANGE,TUSTIN,-117.82730102539062,33.732372283935547
81657085,2021,2021-12-21,3015,2021-12-15,1537,1250,RD43,3,5,6,3015,0,0,0,,0,711M,"CHAPMAN AVE","WAYFIELD ST",0.00,,Y,A,-,N,,,,,,,,,,Y,3,0,2,2,A,-,09,21801,A,N,D,C,A,A,H,-,B,D,0,,,Y,,Y,,A,07,0,1,1,0,0,0,0,0,1,"- ","- ",33.787818908691406,-117.83331298828125,ORANGE,ORANGE,-117.83343505859375,33.787826538085938
81657143,2021,2021-12-21,3010,2021-12-12,2233,1205,423,7,5,6,3010,0,0,0,,0,003,"BEACH BL - SR39","GARFIELD AVE",0.00,,Y,A,-,Y,,,,,,,,,,Y,3,0,1,2,A,-,12,21453,A,N,D,C,A,A,H,-,C,A,0,,,Y,,Y,,C,02,0,1,0,0,0,0,0,0,1,"- ","- ",33.686710357666016,-117.98921203613281,ORANGE,"HUNTINGTON BEACH",-117.98866271972656,33.686740875244141
81658296,2021,2021-12-22,3010,2021-12-18,1649,3042,451,6,5,6,3010,0,0,0,,0,004,"LAKE ST","INDIANAPOLIS AVE",0.00,,Y,A,-,N,,,,,,,,,,N,3,0,1,2,A,-,09,21802,A,N,D,C,A,A,H,-,B,A,0,,,Y,,Y,,A,01,0,1,0,0,0,0,0,0,1,"- ","- ",33.663799285888672,-117.99897003173828,ORANGE,"HUNTINGTON BEACH",-117.99781799316406,33.664840698242188
81659043,2021,2022-02-15,3014,2021-11-20,1858,1555,RD15,6,5,5,3014,0,0,0,,0,"A1  ","W BALBOA BLVD","34TH ST",0.00,,Y,A,-,N,,,,,,,,,,N,1,1,1,2,A,-,03,22350,,N,D,C,A,A,H,-,C,D,0,,,Y,,Y,Y,C,02,0,1,0,0,0,0,0,1,0,"- ","- ",,,ORANGE,"NEWPORT BEACH",-117.93354034423828,33.615810394287109
81659144,2021,2021-12-22,3014,2021-12-11,1521,1520,RD41,6,5,5,3014,0,0,0,,0,"A3  ","BACK BAY VIEW PARK BICYCLE PATH","SR-1 (E. COAST HWY)",100.00,N,N,A,-,N,,,,,,,,,,N,2,0,1,1,B,-,22,,,N,H,A,A,D,G,-,A,D,0,,,Y,,Y,,C,02,1,0,0,0,0,0,0,0,1,"- ","- ",33.613899230957031,-117.89418792724609,ORANGE,"NEWPORT BEACH",,
81659282,2021,2021-12-22,3007,2021-11-29,1730,247,47,1,5,5,3007,0,0,0,,0,002,EUCLID,SLATER,0.00,,Y,A,-,N,,,,,,,,,,Y,2,0,3,2,A,-,09,21801,A,N,D,C,A,A,H,-,C,A,0,,,Y,,Y,,A,01,1,0,2,0,0,0,0,0,1,"- ","- ",,,ORANGE,"FOUNTAIN VALLEY",-117.93711853027344,33.709121704101562
81659392,2021,2021-12-23,3001,2021-12-11,1930,A2499,D-2,6,5,7,3001,0,0,0,,0,D-2,"LA PALMA AVENUE","WANDA DRIVE",42.00,W,N,A,-,N,,,,,,,,,,Y,3,0,1,2,A,-,09,21801,A,F,D,C,A,A,H,-,C,D,0,,,Y,,Y,,A,01,0,1,0,0,0,0,0,0,1,"- ","- ",33.847408294677734,-117.89891052246094,ORANGE,ANAHEIM,-117.89907836914062,33.847278594970703
81660784,2021,2021-12-24,3015,2021-12-10,1640,1530,43,5,5,6,3015,0,0,0,,0,733,"CHAPMAN AVE","WAYFIELD ST",62.00,W,N,A,-,N,,,,,,,,,,N,3,0,1,2,A,-,09,21804,A,N,H,A,A,A,H,-,C,D,0,,,Y,,Y,,A,07,0,1,0,0,0,0,0,0,0,"- ","- ",33.787818908691406,-117.83331298828125,ORANGE,ORANGE,-117.83363342285156,33.787830352783203
81661705,2021,2021-12-27,3024,2021-11-10,1759,502,P-04,3,5,5,3024,0,0,0,,0,WEST,"GARDEN GROVE BOULEVARD","PALOMAR STREET",0.00,,Y,A,-,N,,,,,,,,,,Y,3,0,1,2,A,-,09,21802,A,N,A,C,A,A,H,-,C,A,0,,,Y,,Y,,A,01,0,1,0,0,0,0,0,0,1,"- ","- ",33.773971557617188,-118.01409149169922,ORANGE,WESTMINSTER,-118.01411437988281,33.773670196533203
81662906,2021,2021-12-28,3001,2021-12-15,1432,A1397,,3,5,7,3001,0,0,0,,0,D-2,"LA PALMA AVENUE","STATE COLLEGE BOULEVARD",239.00,E,N,A,-,N,,,,,,,,,,N,3,0,1,3,A,-,07,21658,A,N,B,C,A,A,H,-,A,D,0,,,Y,Y,Y,,C,02,0,1,0,0,0,0,0,0,1,"- ","- ",,,ORANGE,ANAHEIM,-117.88851165771484,33.847263336181641
81662947,2021,2021-12-28,3010,2021-12-20,2016,1208,146,1,5,6,3010,0,0,0,,0,009,"BOLSA CHICA ST","ROBINWOOD DR",0.00,,Y,A,-,N,,,,,,,,,,Y,3,0,1,2,A,-,09,21801,A,N,D,C,A,A,H,-,C,A,0,,,Y,,Y,,A,07,0,1,0,0,0,0,0,0,1,"- ","- ",33.731971740722656,-118.04157257080078,ORANGE,"HUNTINGTON BEACH",-118.04149627685547,33.731998443603516
81665124,2021,2021-12-29,3008,2021-11-12,1800,1466,"Zone ",5,5,6,3008,0,0,0,,0,,"ROLLING HILLS DR","SEQUOIA AVE (E)",0.00,,Y,A,-,N,,,,,,,,,,Y,3,0,1,2,A,-,09,21801,B,N,B,D,A,A,H,-,C,D,0,,,Y,,Y,,O,05,0,1,0,0,0,0,0,0,1,"- ","- ",,,ORANGE,FULLERTON,-117.90032958984375,33.90325927734375
81666441,2021,2021-12-30,3007,2021-12-16,1702,295,45,4,5,5,3007,0,0,0,,0,001,WARNER,BROOKHURST,0.00,,N,A,-,N,,,,,,,,,,Y,4,0,1,2,A,-,09,21453,C,N,D,C,A,B,H,-,C,A,0,,,Y,,Y,,D,22,0,0,1,0,0,0,0,0,1,"- ","- ",,,ORANGE,"FOUNTAIN VALLEY",-117.95458984375,33.716339111328125
81667118,2021,2021-12-31,3024,2021-10-30,1937,224,P-33,6,5,5,3024,0,0,0,,0,EAST,"MCFADDEN AVENUE","EDEN STREET",0.00,,Y,B,-,N,,,,,,,,,,Y,2,0,1,2,A,-,09,21801,A,F,D,C,A,A,H,-,C,D,0,,,Y,,Y,,A,01,1,0,0,0,0,0,0,0,1,"- ","- ",33.736679077148438,-117.97953033447266,ORANGE,WESTMINSTER,-117.97650146484375,33.737525939941406
81667125,2021,2021-12-31,3024,2021-11-14,1336,480,P-11,7,5,5,3024,0,0,0,,0,WEST,"GOLDENWEST STREET","FENWAY DRIVE",0.00,,Y,A,-,N,,,,,,,,,,Y,3,0,1,3,A,-,09,21802,A,N,D,E,A,A,H,-,A,D,0,,,Y,,Y,,A,01,0,1,0,0,0,0,0,0,1,"- ","- ",33.764579772949219,-118.00714111328125,ORANGE,WESTMINSTER,-118.00722503662109,33.76458740234375
81667827,2021,2022-01-03,3022,2021-12-10,1747,1326,,5,5,5,3022,0,0,0,,0,,"NEWPORT AV","BRYAN AV",22.00,W,N,A,-,N,,,,,,,,,,N,4,0,1,2,D,-,00,,,N,D,C,A,A,H,-,C,A,0,,,Y,,Y,,-,"- ",0,0,1,0,0,0,0,0,1,"- ","- ",33.743438720703125,-117.81626892089844,ORANGE,TUSTIN,-117.81656646728516,33.743694305419922
81670305,2021,2022-01-04,3002,2021-11-21,1907,1632,,7,5,4,3002,0,0,0,,0,014,"IMPERIAL HY","PUENTE ST",750.00,W,N,A,-,Y,,,,,,,,,,N,3,0,1,2,A,-,03,22350,,N,D,C,A,A,H,-,C,D,0,,,Y,,Y,,C,02,0,1,0,0,0,0,0,0,1,"- ","- ",33.917388916015625,-117.9156494140625,ORANGE,BREA,-117.91807556152344,33.917301177978516
81670647,2021,2022-01-05,3019,2021-11-19,1520,3638,NE,5,5,7,3019,0,0,0,,0,002,"SYCAMORE STREET","CIVIC CENTER DRIVE",60.00,N,N,A,-,N,,,,,,,,,,N,4,0,1,2,A,-,09,21801,A,N,D,C,A,A,H,-,A,D,0,,,Y,,Y,,A,01,0,0,1,0,0,0,0,0,1,"- ","- ",33.750541687011719,-117.86833190917969,ORANGE,"SANTA ANA",-117.86866760253906,33.750816345214844
81673439,2022,2022-01-07,3014,2022-01-03,1713,1520,RD44,1,5,5,3014,0,0,0,,0,"A4  ","SR-1 (E. COAST HWY)","IRIS AVE",62.00,E,N,A,-,Y,,,,,,,,,,Y,4,0,1,2,A,-,08,22107,,N,B,C,A,A,H,-,C,D,0,,,Y,,Y,,A,01,0,0,1,0,0,0,0,0,1,"- ","- ",33.599090576171875,-117.87188720703125,ORANGE,"NEWPORT BEACH",-117.87207794189453,33.599048614501953
81675183,2021,2022-01-11,3010,2021-12-12,0500,1152,138,7,5,6,3010,0,0,0,,0,009,"EDWARDS ST","BOLSA AVE",20.00,S,N,A,-,N,,,,,,,,,,N,3,0,1,1,A,-,07,21658,A,N,F,A,A,A,H,-,C,A,0,,,Y,,Y,,C,02,0,1,0,0,0,0,0,0,1,"- ","- ",33.743721008300781,-118.01515197753906,ORANGE,"HUNTINGTON BEACH",-118.01569366455078,33.744297027587891
81679417,2022,2022-01-18,3001,2022-01-12,1222,A1068,D-4,3,5,7,3001,0,0,0,,0,D-4,"SANTA ANA CANYON ROAD","AVENIDA MARGARITA",0.00,,Y,A,-,N,,,,,,,,,,Y,4,0,1,2,A,-,09,21453,C,N,D,C,A,A,H,-,A,A,0,,,Y,,Y,,A,01,0,0,1,0,0,0,0,0,0,"- ","- ",,,ORANGE,ANAHEIM,-117.79335021972656,33.851367950439453
81679453,2021,2022-01-18,3019,2021-12-05,1422,3700,SE,7,5,7,3019,0,0,0,,0,003,"EDINGER AVENUE","GRAND AVENUE",450.00,E,N,A,-,N,,,,,,,,,,N,4,0,1,2,A,-,03,22350,,N,D,C,A,A,H,-,A,D,0,,,Y,,Y,,C,02,0,0,1,0,0,0,0,0,1,"- ","- ",33.726718902587891,-117.85031127929688,ORANGE,"SANTA ANA",-117.84902191162109,33.726699829101562
81681833,2022,2022-01-20,3014,2022-01-16,1018,1520,RD24,7,5,5,3014,0,0,0,,0,"A2  ","SR-55 (NEWPORT BLVD)","HOSPITAL RD",376.00,N,N,A,-,Y,ORA,,55,,,0.678,H,,R,Y,1,1,0,1,A,-,03,22350,,N,E,I,A,A,H,-,A,D,0,,,Y,,Y,,C,02,0,0,0,0,0,0,0,1,0,"- ","- ",33.626800537109375,-117.92788696289062,ORANGE,"NEWPORT BEACH",-117.92765808105469,33.626743316650391
81682237,2022,2022-01-21,3001,2022-01-09,1319,A1466,D-4,7,5,7,3001,0,0,0,,0,D-4,"LA PALMA AVENUE","IMPERIAL HIGHWAY (E)",464.00,E,N,A,-,N,,,,,,,,,,Y,1,1,0,2,-,-,"- ",,,N,D,C,A,A,H,-,A,D,0,,,Y,,Y,,-,"- ",0,0,0,0,0,0,0,1,0,"- ","- ",33.868850708007812,-117.76174926757812,ORANGE,ANAHEIM,-117.79158782958984,33.859825134277344
81684266,2022,2022-01-25,3019,2022-01-09,1559,3753,SE,7,5,7,3019,0,0,0,,0,003,"GRAND AVENUE","DYER ROAD",0.00,,Y,A,-,N,,,,,,,,,,N,3,0,1,2,A,-,12,21453,A,N,D,C,A,A,H,-,A,A,0,,,Y,,Y,,C,02,0,1,0,0,0,0,0,0,1,"- ","- ",33.707550048828125,-117.85334777832031,ORANGE,"SANTA ANA",-117.8525390625,33.708499908447266
81689241,2021,2022-01-31,3008,2021-12-11,2045,1351,"ZONE ",6,5,6,3008,0,0,0,,0,,"YORBA LINDA BLVD","STATE COLLEGE BLVD",24.00,E,N,A,-,N,,,,,,,,,,N,4,0,1,2,A,-,03,22350,,F,C,C,A,A,H,-,C,A,0,,,Y,,Y,,-,99,0,0,1,0,0,0,0,0,1,"- ","- ",,,ORANGE,FULLERTON,-117.89002227783203,33.887939453125
81692236,2022,2022-02-03,3010,2022-01-25,1908,2040,162,2,5,6,3010,0,0,0,,0,008,"PACIFIC COAST HWY - SR1","21ST ST (N)",119.00,W,N,A,-,Y,ORA,,1,,,30.859,H,,R,N,4,0,1,2,A,-,07,21658,A,N,B,C,A,A,H,-,C,D,0,,,Y,,Y,Y,A,01,0,0,1,0,0,0,0,0,1,"- ","- ",33.721668243408203,-118.07476806640625,ORANGE,"HUNTINGTON BEACH",-118.07476806640625,33.721672058105469
81693215,2022,2022-02-04,3001,2022-01-25,1700,A2467,D-2,2,5,7,3001,0,0,0,,0,,"EUCLID STREET","FRANCIS DRIVE",0.00,,Y,A,-,N,,,,,,,,,,Y,3,0,1,2,A,-,09,21801,A,N,D,C,A,A,H,-,A,D,0,,,Y,,Y,,A,07,0,1,0,0,0,0,0,0,1,"- ","- ",33.844829559326172,-117.94125366210938,ORANGE,ANAHEIM,-117.941650390625,33.845687866210938
81693227,2022,2022-02-04,3001,2022-01-14,1225,A1555,D-1,5,5,7,3001,0,0,0,,0,D-1,BROADWAY,"BROOKHURST STREET",0.00,,Y,A,-,N,,,,,,,,,,Y,3,0,2,2,A,-,12,21453,A,N,D,C,A,A,H,-,A,A,0,,,Y,,Y,,C,02,0,1,1,0,0,0,0,0,1,"- ","- ",33.828781127929688,-117.95873260498047,ORANGE,ANAHEIM,-117.95894622802734,33.828895568847656
81694401,2022,2022-02-07,3007,2022-01-22,1239,283,45,6,5,5,3007,0,0,0,,0,001,BROOKHURST,"EL CORAZON",44.00,N,N,A,-,N,,,,,,,,,,N,3,0,1,2,A,-,07,21658,A,N,B,C,A,A,H,-,A,D,0,,,Y,,Y,,C,02,0,1,0,0,0,0,0,0,1,"- ","- ",,,ORANGE,"FOUNTAIN VALLEY",-117.95452117919922,33.710441589355469
81697008,2022,2022-02-09,3014,2022-01-16,1057,1501,RD17,7,5,5,3014,0,0,0,,0,"A2  ","SR-1 (W COAST HWY)","61ST ST",55.00,E,N,A,-,Y,ORA,,1,,,20.962,H,,R,N,3,0,1,1,A,-,03,22350,,N,E,I,A,A,H,-,A,D,0,,,Y,,Y,,C,02,0,1,0,0,0,0,0,0,1,"- ","- ",33.625789642333984,-117.94818878173828,ORANGE,"NEWPORT BEACH",-117.94814300537109,33.625850677490234
81698406,2022,2022-02-11,3010,2022-01-15,1911,1015,195,6,5,6,3010,0,0,0,,0,004,"PACIFIC COAST HWY - SR1","WARNER AVE",2629.00,S,N,B,-,Y,ORA,,1,,,29.893,H,,R,N,3,0,1,2,A,-,01,23152,A,N,B,C,A,A,H,-,D,D,0,,,Y,,Y,Y,A,01,0,1,0,0,0,0,0,0,1,"- ","- ",33.711490631103516,-118.06317901611328,ORANGE,"HUNTINGTON BEACH",-118.06299591064453,33.711635589599609
81698553,2022,2022-02-11,3024,2022-01-01,1807,284,P-18,6,5,5,3024,0,0,0,,0,WEST,"13TH STREET","BEACH BOULEVARD",295.00,W,N,A,-,N,,,,,,,,,,N,3,0,1,1,A,-,03,22350,,N,F,A,A,A,H,-,B,D,0,,,Y,,Y,Y,C,03,0,1,0,0,0,0,0,0,1,"- ","- ",33.755611419677734,-117.9893798828125,ORANGE,WESTMINSTER,-117.99048614501953,33.755619049072266
81699185,2022,2022-02-14,3001,2022-01-29,1030,A2503,D-3,6,5,7,3001,0,0,0,,0,D-3,"EUCLID STREET",BROADWAY,450.00,S,N,A,-,N,,,,,,,,,,N,4,0,1,2,A,-,09,21804,A,N,D,C,A,A,H,-,A,D,0,,,Y,,Y,,A,01,0,0,1,0,0,0,0,0,1,"- ","- ",33.829071044921875,-117.94164276123047,ORANGE,ANAHEIM,-117.94148254394531,33.827648162841797
81699186,2022,2022-02-14,3001,2022-02-06,0007,A1047,,7,5,7,3001,0,0,0,,0,D-1,"BROOKHURST STREET","SEQUOIA AVENUE",60.00,N,N,A,-,N,,,,,,,,,,Y,4,0,1,1,A,-,05,21651,A,N,E,I,A,A,H,-,C,A,0,,,Y,,Y,,C,02,0,0,1,0,0,0,0,0,1,"- ","- ",33.842258453369141,-117.95918273925781,ORANGE,ANAHEIM,-117.95903778076172,33.842792510986328
81699197,2022,2022-02-14,3001,2022-02-09,2138,A1047,,3,5,7,3001,0,0,0,,0,D-3,"EUCLID STREET","CHALET AVENUE",0.00,,Y,A,-,N,,,,,,,,,,N,2,0,2,1,A,-,08,22107,,N,F,A,A,A,H,-,C,D,0,,,Y,,Y,,C,02,1,1,0,0,0,0,0,0,2,"- ","- ",33.814910888671875,-117.94120788574219,ORANGE,ANAHEIM,-117.94142913818359,33.814792633056641
81702693,2022,2022-02-17,3019,2022-02-07,1845,3637,SE,1,5,7,3019,0,0,0,,0,003,"EDINGER AVENUE","LYON STREET",227.00,W,N,A,-,N,,,,,,,,,,Y,2,0,2,2,A,-,11,21954,A,N,G,B,E,A,H,-,C,D,0,Y,,Y,,Y,,N,60,2,0,0,0,1,0,0,0,1,"- ","- ",33.725650787353516,-117.84564208984375,ORANGE,"SANTA ANA",-117.84590148925781,33.726680755615234
81704690,2022,2022-02-21,3024,2022-01-12,1721,502,P-38,3,5,5,3024,0,0,0,,0,EAST,"EDINGER AVENUE","MAGNOLIA STREET",315.00,W,N,A,-,N,,,,,,,,,,Y,2,0,2,2,A,-,07,21658,A,N,B,C,A,A,H,-,C,A,0,,,Y,,Y,,A,01,1,0,1,0,0,0,0,0,1,"- ","- ",33.729389190673828,-117.97525024414062,ORANGE,WESTMINSTER,-117.97311401367188,33.730308532714844
81704978,2021,2022-02-21,3008,2021-09-30,1044,1159,"ZONE ",4,5,6,3008,0,0,0,,0,,"HARBOR BLVD","HERMOSA DR",0.00,,Y,A,-,N,,,,,,,,,,Y,2,0,1,2,A,-,08,22100,B,N,D,C,A,A,H,-,A,A,0,,,Y,,Y,,A,07,1,0,0,0,0,0,0,0,1,"- ","- ",,,ORANGE,FULLERTON,-117.93082427978516,33.909481048583984
81705395,2021,2022-02-22,3019,2021-11-16,0757,3721,SE,2,5,7,3019,0,0,0,,0,003,"1ST STREET","GRAND AVENUE",290.00,W,N,A,-,N,,,,,,,,,,N,3,0,1,3,A,-,08,22107,,M,C,C,A,A,H,-,A,D,0,,,Y,,Y,,-,99,0,1,0,0,0,0,0,0,1,"- ","- ",33.745468139648438,-117.85211181640625,ORANGE,"SANTA ANA",-117.85279083251953,33.745498657226562
81705425,2021,2022-02-22,3008,2021-12-10,1927,1635,"ZONE ",5,5,6,3008,0,0,0,,0,,"ORANGETHORPE AVE","VINE AVE",81.00,E,N,A,-,N,,,,,,,,,,Y,3,0,1,2,A,-,01,23153,A,N,C,C,A,A,H,-,C,D,0,,,Y,,Y,Y,A,01,0,1,0,0,0,0,0,0,1,"- ","- ",,,ORANGE,FULLERTON,-117.97414398193359,33.859119415283203
81709375,2022,2022-02-25,3015,2022-02-11,0821,1515,RD57,5,5,6,3015,0,0,0,,0,723M,"LINCOLN AVE","PALM AVE",0.00,,Y,A,-,N,,,,,,,,,,Y,4,0,1,2,D,-,00,,,N,D,C,A,A,H,-,A,A,0,,,Y,,Y,,-,"- ",0,0,1,0,0,0,0,0,1,"- ","- ",33.836139678955078,-117.84104156494141,ORANGE,ORANGE,-117.84122467041016,33.836158752441406
81710181,2022,2022-02-25,3007,2022-01-30,1247,301,46,7,5,5,3007,0,0,0,,0,002,WARNER,"LOS JARDINES WEST",0.00,,Y,A,-,N,,,,,,,,,,Y,3,0,1,2,A,-,09,21801,A,N,A,C,A,A,H,-,A,A,0,,,Y,,Y,,A,01,0,1,0,0,0,0,0,0,1,"- ","- ",,,ORANGE,"FOUNTAIN VALLEY",-117.94136810302734,33.716285705566406
81710232,2022,2022-02-28,3001,2022-02-23,1447,A1825,,3,5,7,3001,0,0,0,,0,,BROADWAY,"BROOKHURST STREET",100.00,E,N,B,-,N,,,,,,,,,,N,3,0,1,2,A,-,07,21658,A,N,D,C,A,A,H,-,A,A,0,,,Y,,Y,,A,01,0,1,0,0,0,0,0,0,1,"- ","- ",,,ORANGE,ANAHEIM,-117.95894622802734,33.828891754150391
81713818,2022,2022-03-03,3019,2022-02-23,1808,3545,WE,3,5,7,3019,0,0,0,,0,001,"SANTA ANA BOULEVARD","WESTERN AVENUE",100.00,W,N,A,-,N,,,,,,,,,,Y,4,0,1,2,A,-,08,22107,,N,D,C,A,A,H,-,C,D,0,,,Y,,Y,,C,02,0,0,1,0,0,0,0,0,1,"- ","- ",33.747768402099609,-117.89140319824219,ORANGE,"SANTA ANA",-117.89178466796875,33.747898101806641
81714866,2022,2022-03-04,3001,2022-03-02,1215,A1622,D-3,3,5,7,3001,0,0,0,,0,D-3,BROADWAY,"CLEMENTINE STREET",94.00,W,N,A,-,N,,,,,,,,,,N,3,0,1,1,A,-,03,22350,,N,E,I,A,A,H,-,A,A,0,,,Y,,Y,,C,03,0,1,0,0,0,0,0,0,1,"- ","- ",33.831378936767578,-117.91616821289062,ORANGE,ANAHEIM,-117.9166259765625,33.832565307617188
81715191,2022,2022-03-04,3007,2022-02-07,2207,295,73,1,5,5,3007,0,0,0,,0,003,GARFIELD,MAGNOLIA,50.00,E,N,A,-,N,,,,,,,,,,Y,3,0,1,1,A,-,03,22350,,N,E,I,A,A,H,-,C,A,0,,,Y,,Y,,C,02,0,1,0,0,0,0,0,0,1,"- ","- ",,,ORANGE,"FOUNTAIN VALLEY",-117.97128295898438,33.686813354492188
81715767,2022,2022-03-07,3007,2022-02-23,1420,1157,75,3,5,5,3007,0,0,0,,0,003,"GARFIELD AVENUE","SAN ANTONIO STREET",17.00,W,N,A,-,N,,,,,,,,,,N,4,0,1,2,A,-,09,21804,A,N,D,C,A,A,H,-,A,D,0,,,Y,,Y,,A,07,0,0,1,0,0,0,0,0,1,"- ","- ",,,ORANGE,"FOUNTAIN VALLEY",-117.94722747802734,33.686901092529297
81720331,2022,2022-03-11,3001,2022-03-04,1903,A1264,,5,5,7,3001,0,0,0,,0,,"SANTA ANA CANYON ROAD","MARTIN ROAD",14.00,E,N,B,-,N,,,,,,,,,,Y,3,0,2,2,A,-,08,22103,,N,C,C,A,A,H,-,C,B,0,,,Y,,Y,,A,01,0,1,1,0,0,0,0,0,1,"- ","- ",,,ORANGE,ANAHEIM,-117.76493835449219,33.861900329589844
81720345,2022,2022-03-11,3001,2022-03-09,1736,A2382,,3,5,7,3001,0,0,0,,0,D-1,"LINCOLN AVENUE","GILBERT STREET",35.00,E,N,A,-,N,,,,,,,,,,N,3,0,1,1,A,-,08,22107,,N,E,I,A,A,H,-,B,A,0,,,Y,,Y,,C,03,0,1,0,0,0,0,0,0,1,"- ","- ",33.831878662109375,-117.96750640869141,ORANGE,ANAHEIM,-117.96756744384766,33.832313537597656
81721270,2022,2022-03-14,3010,2022-03-05,1017,3042,432,6,5,6,3010,0,0,0,,0,005,"ADAMS AVE","FLORIDA ST",200.00,E,N,G,-,N,,,,,,,,,,N,3,0,1,1,A,-,08,22107,,N,F,A,A,A,H,-,A,D,0,,,Y,,Y,,C,02,0,1,0,0,0,0,0,0,1,"- ","- ",33.672031402587891,-117.99095153808594,ORANGE,"HUNTINGTON BEACH",-117.99015808105469,33.6722412109375
81721437,2022,2022-03-14,3008,2022-01-21,1741,1605,ZONE,5,5,6,3008,0,0,0,,0,,"BAKER AVE","EUCLID ST",0.00,,Y,A,-,N,,,,,,,,,,N,3,0,1,3,A,-,09,21801,A,N,A,C,A,A,H,-,C,A,0,,,Y,,Y,,A,01,0,1,0,0,0,0,0,0,1,"- ","- ",,,ORANGE,FULLERTON,-117.9417724609375,33.856910705566406
81721880,2022,2022-03-14,3014,2022-03-07,1802,1418,RD28,1,5,5,3014,0,0,0,,0,"A2  ","IRVINE AVE","CABRILLO ST",166.00,N,N,A,-,N,,,,,,,,,,Y,2,0,1,1,A,-,03,22350,,N,F,A,A,A,H,-,C,D,0,,,Y,,Y,,C,02,1,0,0,0,0,0,0,0,1,"- ","- ",33.629798889160156,-117.90708923339844,ORANGE,"NEWPORT BEACH",-117.90729522705078,33.629814147949219
81723985,2022,2022-03-16,3014,2022-03-10,0608,1374,RD41,4,5,5,3014,0,0,0,,0,"A3  ","SR-1 (E COAST HWY)","JAMBOREE RD",5.00,W,N,A,-,Y,ORA,,1,,,17.461,H,,R,Y,4,0,1,1,A,-,03,22350,,N,F,A,A,A,H,-,A,A,0,,,Y,,Y,,C,02,0,0,1,0,0,0,0,0,1,"- ","- ",33.613029479980469,-117.89087677001953,ORANGE,"NEWPORT BEACH",-117.89096069335938,33.612949371337891
81724582,2022,2022-03-17,3010,2022-03-10,2018,4094,472,4,5,6,3010,0,0,0,,0,002,"PACIFIC COAST HWY - SR1","BEACH BL - SR39",21.00,N,N,A,-,Y,,,,,,,,,,Y,3,0,1,2,A,-,08,22100,A,N,D,C,A,A,H,-,C,A,0,,,Y,,Y,,A,07,0,1,0,0,0,0,0,0,1,"- ","- ",33.647411346435547,-117.98973083496094,ORANGE,"HUNTINGTON BEACH",-117.98823547363281,33.648456573486328
81724605,2022,2022-03-17,3010,2022-03-12,1447,6030,326,6,5,6,3010,0,0,0,,0,004,"PACIFIC COAST HWY - SR1","GOLDENWEST ST",3631.00,N,N,A,-,Y,ORA,,1,,,25.894,H,,R,Y,3,0,1,2,A,-,09,21801,A,F,D,C,A,A,H,-,A,D,0,,,Y,,Y,,-,99,0,1,0,0,0,0,0,0,1,"- ","- ",33.668388366699219,-118.01738739013672,ORANGE,"HUNTINGTON BEACH",-118.01741790771484,33.668361663818359
81726181,2022,2022-03-18,3007,2022-02-26,1324,326,33,6,5,5,3007,0,0,0,,0,001,"MAGNOLIA ST","LA PALOMA AVE",340.00,N,N,A,-,N,,,,,,,,,,N,3,0,1,2,A,-,09,21801,A,N,B,C,A,A,H,-,A,D,0,,,Y,,Y,,A,01,0,1,0,0,0,0,0,0,1,"- ","- ",,,ORANGE,"FOUNTAIN VALLEY",-117.97191619873047,33.714282989501953
81726326,2022,2022-03-18,3019,2022-02-28,1457,3545,SC,1,5,7,3019,0,0,0,,0,004,"BRISTOL STREET","MACARTHUR BOULEVARD",40.00,N,N,A,-,N,,,,,,,,,,Y,3,0,1,2,A,-,08,22107,,N,B,C,A,A,H,-,A,A,0,,,Y,,Y,,A,07,0,1,0,0,0,0,0,0,1,"- ","- ",33.699981689453125,-117.88549041748047,ORANGE,"SANTA ANA",-117.88561248779297,33.700031280517578
81727146,2022,2022-03-21,3001,2022-03-03,1723,A2367,D-3,4,5,7,3001,0,0,0,,0,D-3,"HARBOR BOULEVARD","MANCHESTER AVENUE",39.00,N,N,A,-,N,,,,,,,,,,Y,4,0,1,1,A,-,03,22350,,N,F,A,A,A,H,-,A,A,0,,,Y,,Y,,C,02,0,0,1,0,0,0,0,0,1,"- ","- ",,,ORANGE,ANAHEIM,-117.91541290283203,33.812686920166016
81727358,2022,2022-03-21,3010,2022-03-15,1323,1225,178,2,5,6,3010,0,0,0,,0,007,"SPRINGDALE ST","WARNER AVE",170.00,S,N,A,-,N,,,,,,,,,,Y,2,0,1,2,A,-,09,21804,A,N,D,C,A,A,H,-,A,D,0,,,Y,,Y,,A,01,1,0,0,0,0,0,0,0,1,"- ","- ",33.715450286865234,-118.02381134033203,ORANGE,"HUNTINGTON BEACH",-118.02395629882812,33.714923858642578
81727553,2022,2022-03-21,3008,2022-01-19,1625,1387,ZONE,3,5,6,3008,0,0,0,,0,,"RAYMOND AVE","ELM AVE",0.00,,Y,A,-,N,,,,,,,,,,Y,3,0,1,1,A,-,03,22350,,N,F,A,A,A,B,-,A,A,0,,,Y,,Y,,C,02,0,1,0,0,0,0,0,0,1,"- ","- ",,,ORANGE,FULLERTON,-117.90686798095703,33.864082336425781
81728527,2022,2022-03-22,3001,2022-03-20,0003,A2461,D-3,7,5,7,3001,0,0,0,,0,D-3,"KATELLA AVENUE","STADIUM CROSSING",0.00,,Y,C,-,N,,,,,,,,,,N,4,0,1,2,A,-,08,22107,,M,C,C,A,B,H,-,C,A,0,,,Y,,Y,,C,06,0,0,1,0,0,0,0,0,0,"- ","- ",,,ORANGE,ANAHEIM,,
81728641,2021,2022-03-22,3024,2021-11-04,1104,170,P-30,4,5,5,3024,0,0,0,,0,WEST,"GOLDENWEST STREET","BRUNSWICK DRIVE",400.00,N,N,A,-,N,,,,,,,,,,Y,4,0,1,2,A,-,09,21801,A,N,D,C,A,A,H,-,A,D,0,,,Y,,Y,,A,07,0,0,1,0,0,0,0,0,1,"- ","- ",33.739250183105469,-118.0069580078125,ORANGE,WESTMINSTER,-118.00695037841797,33.740505218505859
81734198,2022,2022-03-28,3010,2022-03-19,1648,4094,457,6,5,6,3010,0,0,0,,0,002,"BROOKHURST ST","HERCULES DR",0.00,,Y,A,-,N,,,,,,,,,,Y,3,0,1,2,A,-,09,21802,A,N,D,C,A,A,H,-,A,D,0,,,Y,,Y,,A,07,0,1,0,0,0,0,0,0,1,"- ","- ",33.664039611816406,-117.95391845703125,ORANGE,"HUNTINGTON BEACH",-117.95382690429688,33.664031982421875
81736707,2022,2022-03-30,3001,2022-03-23,1838,A1047,,3,5,7,3001,0,0,0,,0,D-1,"CRESCENT AVENUE","GILBERT STREET",0.00,,Y,A,-,N,,,,,,,,,,Y,2,0,1,2,A,-,12,21453,A,N,D,C,A,A,H,-,A,A,0,,,Y,,Y,,A,07,1,0,0,0,0,0,0,0,1,"- ","- ",,,ORANGE,ANAHEIM,-117.96772766113281,33.839702606201172
81736744,2022,2022-03-30,3010,2022-03-25,1710,1015,251,5,5,6,3010,0,0,0,,0,007,"GOTHARD ST","EDINGER AVE",596.00,S,N,B,-,N,,,,,,,,,,Y,3,0,1,2,A,-,03,22350,,N,D,C,A,A,H,-,A,D,0,,,Y,,Y,,C,02,0,1,0,0,0,0,0,0,1,"- ","- ",33.730018615722656,-118.00010681152344,ORANGE,"HUNTINGTON BEACH",-118.00025939941406,33.728435516357422
81736806,2022,2022-03-30,3008,2022-01-22,1805,1435,ZONE,6,5,6,3008,0,0,0,,0,,"CHAPMAN AVE","STATE COLLEGE BLVD",440.00,E,N,A,-,N,,,,,,,,,,Y,4,0,1,2,A,-,09,21801,A,N,D,C,A,A,H,-,C,D,0,,,Y,,Y,,A,01,0,0,1,0,0,0,0,0,0,"- ","- ",,,ORANGE,FULLERTON,-117.88818359375,33.874279022216797
81739547,2022,2022-04-04,3015,2022-03-15,1734,1240,RD45,2,5,6,3015,0,0,0,,0,723M,"KATELLA AVE","STRUCK AVE",614.00,W,N,A,-,N,,,,,,,,,,Y,3,0,1,2,A,-,09,21804,A,N,D,C,A,A,H,-,A,D,0,,,Y,,Y,,A,01,0,1,0,0,0,0,0,0,1,"- ","- ",33.806240081787109,-117.87088775634766,ORANGE,ORANGE,-117.87303161621094,33.806140899658203
81740813,2022,2022-04-05,3019,2022-01-22,1515,3552,NE,6,5,7,3019,0,0,0,,0,002,"POINSETTIA STREET","4TH STREET",0.00,,Y,A,-,N,,,,,,,,,,Y,3,0,1,2,A,-,05,21650,,N,A,C,A,A,H,-,A,A,0,,,Y,,Y,,C,02,0,1,0,0,0,0,0,0,1,"- ","- ",33.748100280761719,-117.85787200927734,ORANGE,"SANTA ANA",-117.85768127441406,33.748020172119141
81741842,2022,2022-04-06,3010,2022-04-02,1523,3042,433,6,5,6,3010,0,0,0,,0,003,"ADAMS AVE","COLDWATER LN",508.00,E,N,B,-,N,,,,,,,,,,N,3,0,1,2,A,-,01,23152,A,N,C,C,A,A,H,-,A,A,0,,,Y,,Y,Y,C,02,0,1,0,0,0,0,0,0,1,"- ","- ",33.672271728515625,-117.98551940917969,ORANGE,"HUNTINGTON BEACH",-117.98414611816406,33.672275543212891
81746771,2022,2022-04-13,3001,2022-03-27,1504,A2467,D-3,7,5,7,3001,0,0,0,,0,,"ORANGEWOOD AVENUE","MALLUL DRIVE",0.00,,Y,A,-,Y,,,,,,,,,,Y,2,0,1,2,A,-,09,21802,A,N,D,C,A,A,H,-,A,D,0,,,Y,,Y,,A,01,1,0,0,0,0,0,0,0,1,"- ","- ",33.795879364013672,-117.91696929931641,ORANGE,ANAHEIM,-117.91682434082031,33.796096801757812
81746774,2022,2022-04-13,3001,2022-04-06,2025,A2467,D-1,3,5,7,3001,0,0,0,,0,,"MAGNOLIA AVENUE","GREENBRIER AVENUE",332.00,N,N,A,-,N,,,,,,,,,,Y,3,0,2,2,A,-,09,21801,A,N,D,C,A,A,H,-,C,D,0,,,Y,,Y,,A,01,0,1,1,0,0,0,0,0,1,"- ","- ",33.844459533691406,-117.97615814208984,ORANGE,ANAHEIM,-117.97613525390625,33.845329284667969
81748581,2022,2022-04-15,3015,2022-04-13,0608,1679,RD25,3,5,6,3015,0,0,0,,0,712M,"BARKLEY AVE","BATAVIA ST (N)",245.00,E,N,A,-,N,,,,,,,,,,N,2,0,1,1,A,-,03,22350,,N,E,I,A,A,H,-,A,D,0,,,Y,,Y,,C,02,1,0,0,0,0,0,0,0,1,"- ","- ",33.800960540771484,-117.861572265625,ORANGE,ORANGE,-117.86183166503906,33.800811767578125
81748631,2022,2022-04-15,3010,2022-04-10,1640,3171,252,7,5,6,3010,0,0,0,,0,007,"BEACH BL - SR39","MACDONALD AVE",90.00,S,N,A,-,Y,ORA,,39,,,5.211,H,,R,Y,3,0,2,1,A,-,08,22107,,N,E,I,A,A,H,-,A,A,0,,,Y,,Y,,C,02,0,1,1,0,0,0,0,0,2,"- ","- ",33.724071502685547,-117.98921203613281,ORANGE,"HUNTINGTON BEACH",-117.98912811279297,33.724071502685547
81750717,2022,2022-04-19,3001,2022-04-16,1207,A2194,D-3,6,5,7,3001,0,0,0,,0,D-3,"LINCOLN AVENUE","LOARA STREET",301.00,W,N,A,-,N,,,,,,,,,,Y,4,0,1,2,A,-,03,22350,,N,C,C,A,A,H,-,A,D,0,,,Y,,Y,,C,02,0,0,1,0,0,0,0,0,1,"- ","- ",33.831668853759766,-117.93701934814453,ORANGE,ANAHEIM,-117.93817901611328,33.832546234130859
81752843,2022,2022-04-20,3007,2022-04-10,1350,319,65,7,5,5,3007,0,0,0,,0,003,BROOKHURST,ELLIS,0.00,,Y,A,-,N,,,,,,,,,,Y,3,0,1,2,A,-,00,21800,2,N,D,C,A,A,H,-,A,B,0,,,Y,,Y,,A,07,0,1,0,0,0,0,0,0,1,"- ","- ",,,ORANGE,"FOUNTAIN VALLEY",-117.95426940917969,33.694137573242188
81756344,2022,2022-04-26,3008,2022-02-25,1642,1629,ZONE,5,5,6,3008,0,0,0,,0,,"WALNUT AVE","BERKELEY CIR",24.00,E,N,A,-,N,,,,,,,,,,N,3,0,1,1,D,-,00,,,N,E,I,A,A,H,-,A,D,0,,,Y,,Y,,-,"- ",0,1,0,0,0,0,0,0,1,"- ","- ",,,ORANGE,FULLERTON,-117.91425323486328,33.868629455566406
81756383,2022,2022-04-26,3024,2022-03-18,1002,432,P-18,5,5,5,3024,0,0,0,,0,WEST,"BEACH BOULEVARD (SR 39)","11TH STREET",0.00,,Y,A,-,Y,ORA,,39,,,7.249,H,,R,N,3,0,1,2,A,-,09,21802,A,N,D,C,A,A,H,-,A,D,0,,,Y,,Y,,C,02,0,1,0,0,0,0,0,0,1,"- ","- ",33.753810882568359,-117.98940277099609,ORANGE,WESTMINSTER,-117.989501953125,33.753810882568359
81757259,2021,2022-04-27,3015,2021-09-20,1727,1598,67S,1,5,6,3015,0,0,0,,0,712M,"ORANGE-OLIVE RD","VISTA DEL GAVIOTA AVE",782.00,S,N,A,-,N,,,,,,,,,,Y,1,1,1,2,A,-,01,23152,F,N,D,C,A,A,H,-,A,D,0,,,Y,,Y,,A,01,0,1,0,0,0,0,0,1,0,"- ","- ",33.826438903808594,-117.84864044189453,ORANGE,ORANGE,-117.85005950927734,33.825050354003906
81757383,2022,2022-04-27,3008,2022-03-16,1811,1116,ZONE,3,5,6,3008,0,0,0,,0,,"STATE COLLEGE BLVD","CHAPMAN AVE",540.00,N,N,A,-,N,,,,,,,,,,Y,3,0,1,2,A,-,09,21804,A,N,D,C,A,A,H,-,A,A,0,,,Y,,Y,,C,02,0,1,0,0,0,0,0,0,1,"- ","- ",,,ORANGE,FULLERTON,-117.88961791992188,33.875690460205078
81759208,2022,2022-04-28,3014,2022-04-17,1535,1508,RD67,7,5,5,3014,0,0,0,,0,"A4  ","SR-1 (E. COAST HWY)","NEWPORT COAST DR",1300.00,W,N,A,-,N,,,,,,,,,,Y,3,0,2,2,A,-,08,22107,,N,B,C,A,A,H,-,A,D,0,,,Y,,Y,,A,01,0,2,0,0,0,0,0,0,2,"- ","- ",33.58538818359375,-117.85269165039062,ORANGE,"NEWPORT BEACH",-117.85224914550781,33.585308074951172
81760558,2022,2022-04-29,3001,2022-04-19,2308,A2461,D-1,2,5,7,3001,0,0,0,,0,D-1,"BALL ROAD","BROOKHURST STREET",398.00,W,N,A,-,N,,,,,,,,,,N,2,0,1,1,A,-,08,22107,,N,F,A,A,A,H,-,C,D,0,,,Y,,Y,,C,02,1,0,0,0,0,0,0,0,1,"- ","- ",,,ORANGE,ANAHEIM,-117.96024322509766,33.817768096923828
81760561,2022,2022-04-29,3001,2022-04-22,1857,A1906,,5,5,7,3001,0,0,0,,0,,"LINCOLN AVENUE","CRESCENT WAY",352.00,E,N,A,-,N,,,,,,,,,,Y,3,0,1,2,A,-,03,22350,,F,C,C,A,A,H,-,A,D,0,,,Y,,Y,Y,C,02,0,1,0,0,0,0,0,0,1,"- ","- ",33.832820892333984,-117.94737243652344,ORANGE,ANAHEIM,-117.94613647460938,33.832450866699219
81760563,2022,2022-04-29,3001,2022-04-25,1700,A2382,,1,5,7,3001,0,0,0,,0,D-2,"LA PALMA AVENUE","CITRON STREET (E)",172.00,W,N,A,-,N,,,,,,,,,,N,3,0,1,1,A,-,08,22107,,N,E,I,A,A,H,-,A,D,0,,,Y,,Y,,C,02,0,1,0,0,0,0,0,0,1,"- ","- ",33.847259521484375,-117.92784118652344,ORANGE,ANAHEIM,-117.92918395996094,33.847171783447266
81761414,2022,2022-05-02,3015,2022-04-14,1151,1675,,4,5,6,3015,0,0,0,,0,720M,"KATELLA AVE","GLASSELL ST",651.00,E,N,A,-,N,,,,,,,,,,Y,4,0,1,2,A,-,09,21804,A,N,B,D,A,A,H,-,A,D,0,,,Y,,Y,,A,01,0,0,1,0,0,0,0,0,1,"- ","- ",33.809078216552734,-117.85301971435547,ORANGE,ORANGE,-117.85301971435547,33.809089660644531
81761421,2022,2022-05-02,3015,2022-04-15,1618,1530,32W,5,5,6,3015,0,0,0,,0,733M,"BATAVIA ST","CHAPMAN AVE",80.00,N,N,A,-,N,,,,,,,,,,Y,3,0,1,2,A,-,03,22350,,N,B,C,A,A,H,-,A,A,0,,,Y,,Y,,C,03,0,1,0,0,0,0,0,0,1,"- ","- ",,,ORANGE,ORANGE,-117.86183929443359,33.787879943847656
81761831,2022,2022-05-02,3008,2022-03-07,1608,1494,ZONE,1,5,6,3008,0,0,0,,0,,"COMMONWEALTH AVE","ORCHARD AVE",0.00,N,Y,A,-,N,,,,,,,,,,Y,3,0,1,2,A,-,08,22107,,N,D,C,A,A,H,-,A,D,0,,,Y,,Y,,A,01,0,1,0,0,0,0,0,0,1,"- ","- ",,,ORANGE,FULLERTON,-117.9473876953125,33.87017822265625
81763821,2022,2022-05-04,3007,2022-04-18,0730,304,45,1,5,5,3007,0,0,0,,0,003,BROOKHURST,SLATER,26.00,S,N,A,-,N,,,,,,,,,,Y,3,0,1,2,A,-,09,21453,B,N,C,C,A,A,H,-,A,A,0,,,Y,,Y,,A,07,0,1,0,0,0,0,0,0,1,"- ","- ",,,ORANGE,"FOUNTAIN VALLEY",-117.95450592041016,33.708938598632812
81764278,2022,2022-05-04,3014,2022-04-27,1021,1520,RD25,3,5,5,3014,0,0,0,,0,"A2  ","SR-55 (NEWPORT BLVD)","VIA LIDO",812.00,N,N,A,-,Y,ORA,,55,,,0.267,H,,R,N,3,0,1,2,A,-,07,21658,A,N,B,C,A,A,H,-,A,D,0,,,Y,,Y,,-,"- ",0,1,0,0,0,0,0,0,1,"- ","- ",33.620891571044922,-117.92929077148438,ORANGE,"NEWPORT BEACH",-117.92943572998047,33.620925903320312
81764903,2022,2022-05-05,3010,2022-04-30,1524,1015,451,6,5,6,3010,0,0,0,,0,004,"PACIFIC COAST HWY - SR1","6TH ST",76.00,S,N,A,-,Y,,,,,,,,,,Y,4,0,1,2,A,-,03,22350,,N,C,C,A,A,H,-,A,D,0,,,Y,,Y,,C,02,0,0,1,0,0,0,0,0,1,"- ","- ",,,ORANGE,"HUNTINGTON BEACH",-118.06637573242188,33.714550018310547
81764909,2021,2022-05-05,3019,2021-11-30,1955,2647,SE,2,5,7,3019,0,0,0,,0,003,"DYER ROAD","PULLMAN STREET",208.00,E,N,A,-,N,,,,,,,,,,N,1,1,0,1,A,-,01,23152,G,N,E,J,A,A,H,-,C,D,0,,,Y,,Y,Y,C,02,0,0,0,0,0,0,0,1,0,"- ","- ",33.708431243896484,-117.84851837158203,ORANGE,"SANTA ANA",-117.84770965576172,33.708335876464844
81765855,2022,2022-05-06,3015,2022-04-24,1119,1563,"RD 23",7,5,6,3015,0,0,0,,0,731M,"MAPLE AVE","WAVERLY ST",0.00,,Y,A,-,N,,,,,,,,,,N,3,0,1,2,A,-,12,22450,A,F,H,A,A,A,H,-,A,A,0,,,Y,,Y,,A,07,0,1,0,0,0,0,0,0,1,"- ","- ",,,ORANGE,ORANGE,-117.84333801269531,33.789653778076172
81765911,2022,2022-05-06,3019,2022-03-22,1604,3784,NE,2,5,7,3019,0,0,0,,0,002,"MAIN STREET","5TH STREET",0.00,,Y,A,-,N,,,,,,,,,,Y,2,0,1,2,A,-,05,21651,B,N,D,C,A,A,D,-,A,A,0,,,Y,,Y,,A,01,1,0,0,0,0,0,0,0,1,"- ","- ",33.748088836669922,-117.86769104003906,ORANGE,"SANTA ANA",-117.86761474609375,33.748912811279297
81765976,2022,2022-05-06,3019,2022-04-02,0914,3737,WE,6,5,7,3019,0,0,0,,0,001,"17TH STREET","BRISTOL MARKET PLACE",0.00,,Y,B,-,N,,,,,,,,,,Y,4,0,2,2,A,-,09,21800,D,N,D,C,A,A,H,-,A,B,0,,,Y,,Y,,A,01,0,0,2,0,0,0,0,0,1,"- ","- ",33.76007080078125,-117.88848876953125,ORANGE,"SANTA ANA",-117.888427734375,33.759963989257812
81766007,2022,2022-05-06,3019,2022-04-05,0550,3698,SE,2,5,7,3019,0,0,0,,0,003,"FLOWER STREET","EDINGER AVENUE",0.00,,Y,A,-,N,,,,,,,,,,Y,3,0,1,2,A,-,09,21801,A,N,D,C,A,A,H,-,C,A,0,,,Y,,Y,,A,07,0,1,0,0,0,0,0,0,0,"- ","- ",33.727260589599609,-117.87669372558594,ORANGE,"SANTA ANA",-117.87657165527344,33.727210998535156
81766767,2022,2022-05-09,3010,2022-05-03,1539,2070,166,2,5,6,3010,0,0,0,,0,008,"BOLSA CHICA ST","PEARCE DR",348.00,N,N,A,-,N,,,,,,,,,,N,3,0,1,1,A,-,03,22350,,N,F,A,A,A,H,-,A,D,0,,,Y,,Y,,C,03,0,1,0,0,0,0,0,0,1,"- ","- ",33.718528747558594,-118.04142761230469,ORANGE,"HUNTINGTON BEACH",-118.04154205322266,33.719913482666016
81770182,2022,2022-05-12,3001,2022-05-10,0724,A1962,D-3,2,5,7,3001,0,0,0,,0,D-3,"BALL ROAD","DISNEYLAND DRIVE",0.00,,Y,A,-,N,,,,,,,,,,Y,3,0,1,3,A,-,09,21453,C,N,D,C,A,A,H,-,A,A,0,,,Y,,Y,,A,07,0,1,0,0,0,0,0,0,1,"- ","- ",33.817928314208984,-117.92196655273438,ORANGE,ANAHEIM,-117.92234039306641,33.818149566650391
81772423,2022,2022-05-16,3010,2022-04-20,1633,1118,432,3,5,6,3010,0,0,0,,0,005,"BEACH BL - SR39","ADAMS AVE",475.00,N,N,A,-,Y,ORA,,39,,,1.619,H,,L,N,4,0,1,2,A,-,17,21235,G,N,D,C,A,A,H,-,A,D,0,,,Y,,Y,,C,03,0,0,1,0,0,0,0,0,1,"- ","- ",33.672031402587891,-117.98877716064453,ORANGE,"HUNTINGTON BEACH",-117.98867034912109,33.672031402587891
81772428,2021,2022-05-16,3010,2021-05-13,2131,1015,174,4,5,6,3010,0,0,0,,0,008,"WARNER AVE","BRIGHTWATER DR",60.00,E,N,A,-,N,,,,,,,,,,Y,3,0,1,2,A,-,01,23152,A,F,C,C,A,A,H,-,C,D,0,,,Y,,Y,Y,C,02,0,1,0,0,0,0,0,0,1,"- ","- ",,,ORANGE,"HUNTINGTON BEACH",-118.05129241943359,33.711978912353516
81773414,2022,2022-05-17,3001,2022-05-12,1633,A2312,D-3,4,5,7,3001,0,0,0,,0,D-3,"ANAHEIM BOULEVARD","PALAIS ROAD",0.00,,Y,A,-,N,,,,,,,,,,Y,4,0,1,2,A,-,12,21453,A,N,D,C,A,A,H,-,A,A,0,,,Y,,Y,,A,07,0,0,1,0,0,0,0,0,1,"- ","- ",33.813899993896484,-117.90644073486328,ORANGE,ANAHEIM,-117.90650177001953,33.813549041748047
81774531,2022,2022-05-18,3015,2022-03-31,1716,1515,RD77,4,5,6,3015,0,0,0,,0,732M,"TUSTIN ST","HEIM AVE",71.00,N,N,A,-,N,,,,,,,,,,Y,3,0,1,2,A,-,08,22107,,N,B,C,A,A,H,-,A,A,0,,,Y,,Y,,A,01,0,1,0,0,0,0,0,0,1,"- ","- ",33.830169677734375,-117.83616638183594,ORANGE,ORANGE,-117.83618927001953,33.830394744873047
81774546,2022,2022-05-18,3015,2022-05-14,1404,1563,"RD 24",6,5,6,3015,0,0,0,,0,731M,"CHAPMAN AVE","PROSPECT ST",460.00,W,N,A,-,N,,,,,,,,,,N,3,0,1,2,A,-,03,22350,,N,H,A,A,A,H,-,A,D,0,,,Y,,Y,,C,03,0,1,0,0,0,0,0,0,1,"- ","- ",,,ORANGE,ORANGE,-117.81990814208984,33.787799835205078
81774599,2022,2022-05-18,3010,2022-05-15,1733,1261,173,7,5,6,3010,0,0,0,,0,008,"WARNER AVE","BRIGHTWATER DRIVE",75.00,E,N,A,-,N,,,,,,,,,,Y,3,0,1,1,A,-,03,22350,,N,F,A,A,A,H,-,A,D,0,,,Y,,Y,,C,02,0,1,0,0,0,0,0,0,1,"- ","- ",33.714450836181641,-118.04952239990234,ORANGE,"HUNTINGTON BEACH",-118.05125427246094,33.712001800537109
81775509,2022,2022-05-19,3015,2022-05-05,1836,1332,54W,4,5,6,3015,0,0,0,,0,,"CHAPMAN AVE",PROSPECT,571.00,E,N,A,-,N,,,,,,,,,,Y,4,0,1,2,A,-,03,22350,,N,C,C,A,A,H,-,A,D,0,,,Y,,Y,,C,02,0,0,1,0,0,0,0,0,1,"- ","- ",,,ORANGE,ORANGE,-117.8165283203125,33.787799835205078
81775543,2022,2022-05-19,3010,2022-05-17,1005,1208,282,2,5,6,3010,0,0,0,,0,006,"SLATER AVE","GOTHARD ST",53.00,E,N,A,-,N,,,,,,,,,,Y,3,0,1,3,A,-,03,22350,,N,C,C,A,A,H,-,A,A,0,,,Y,,Y,,C,02,0,1,0,0,0,0,0,0,1,"- ","- ",33.708511352539062,-117.99993133544922,ORANGE,"HUNTINGTON BEACH",-117.99978637695312,33.708351135253906
81776194,2022,2022-05-19,3014,2022-04-30,1229,1555,RD44,6,5,5,3014,0,0,0,,0,"A4  ","SR-1 (COAST HWY E)","JASMINE AVE",0.00,,Y,A,-,Y,,,,,,,,,,Y,2,0,1,2,A,-,09,21801,B,N,D,C,A,A,H,-,A,D,0,,,Y,,Y,,C,03,1,0,0,0,0,0,0,0,1,"- ","- ",33.597881317138672,-117.87174987792969,ORANGE,"NEWPORT BEACH",-117.87223815917969,33.59759521484375
81776438,2022,2022-05-20,3019,2022-04-19,0936,3444,SE,2,5,7,3019,0,0,0,,0,003,"DYER ROAD","ROUTE 55 SB OFFRAMP",0.00,,Y,A,-,N,,,,,,,,,,N,3,0,1,2,D,-,00,,,N,D,C,A,A,H,-,A,A,0,,,Y,,Y,,-,"- ",0,1,0,0,0,0,0,0,1,"- ","- ",33.708591461181641,-117.85433959960938,ORANGE,"SANTA ANA",,
81776743,2022,2022-05-20,3014,2022-05-08,0010,1253,RD24,7,5,5,3014,0,0,0,,0,"A2  ","SB SR-55 TO SR-1","SR-1 (W. COAST HWY)",450.00,N,N,A,-,Y,ORA,,55,,,0.371,H,,R,Y,3,0,1,1,A,-,03,22350,,N,E,I,A,A,H,-,C,D,0,,,Y,,Y,Y,C,02,0,1,0,0,0,0,0,0,1,"- ","- ",33.622501373291016,-117.92900085449219,ORANGE,"NEWPORT BEACH",-117.92874908447266,33.622425079345703
81777112,2022,2022-05-23,3001,2022-05-10,1905,A2292,,2,5,7,3001,0,0,0,,0,,"LINCOLN AVENUE","EMPIRE STREET",0.00,,Y,A,-,N,,,,,,,,,,Y,3,0,1,2,A,-,09,21802,A,N,D,C,A,A,H,-,A,D,0,,,Y,,Y,,A,01,0,1,0,0,0,0,0,0,0,"- ","- ",33.832939147949219,-117.95459747314453,ORANGE,ANAHEIM,-117.95453643798828,33.83245849609375
81777225,2022,2022-05-23,3007,2022-05-02,1843,331,28,1,5,5,3007,0,0,0,,0,002,"SAN JACINTO",IRIS,0.00,,Y,A,-,N,,,,,,,,,,Y,3,0,1,2,A,-,09,21804,A,N,D,C,A,A,H,-,A,D,0,,,Y,,Y,,-,"- ",0,1,0,0,0,0,0,0,1,"- ","- ",,,ORANGE,"FOUNTAIN VALLEY",-117.92372894287109,33.727401733398438
81777290,2022,2022-05-23,3007,2022-05-09,1455,302,65,1,5,5,3007,0,0,0,,0,003,ELLIS,BROOKHURST,431.00,W,N,A,-,N,,,,,,,,,,N,4,0,1,2,A,-,09,21804,A,N,D,J,A,A,H,-,A,D,0,,,Y,,Y,,A,01,0,0,1,0,0,0,0,0,1,"- ","- ",,,ORANGE,"FOUNTAIN VALLEY",-117.95568084716797,33.694118499755859
81777300,2022,2022-05-23,3007,2022-05-03,0713,1166,45,2,5,5,3007,0,0,0,,0,001,BROOKHURST,SLATER,1114.00,S,N,B,-,N,,,,,,,,,,Y,3,0,1,2,A,-,03,22350,,N,C,C,A,A,H,-,A,D,0,,,Y,,Y,,C,02,0,1,0,0,0,0,0,0,1,"- ","- ",,,ORANGE,"FOUNTAIN VALLEY",-117.95443725585938,33.705955505371094
81778594,2022,2022-05-24,3001,2022-05-15,0751,A2599,,7,5,7,3001,0,0,0,,0,,"HARBOR BOULEVARD","BALL ROAD",0.00,,Y,A,-,N,,,,,,,,,,N,4,0,1,2,A,-,12,21453,A,N,A,C,A,A,H,-,A,A,0,,,Y,,Y,,C,02,0,0,1,0,0,0,0,0,1,"- ","- ",33.817840576171875,-117.91510009765625,ORANGE,ANAHEIM,-117.91549682617188,33.818031311035156
81778711,2022,2022-05-24,3002,2022-04-01,1721,1698,,5,5,4,3002,0,0,0,,0,012,"CARBON CANYON RD","RUBY ST",3781.00,W,N,A,-,Y,ORA,,142,,,4.466,H,,R,Y,2,0,1,2,A,-,03,22350,,N,C,C,A,A,H,-,A,D,0,,,Y,,Y,,C,02,1,0,0,0,0,0,0,0,1,"- ","- ",33.926910400390625,-117.80300903320312,ORANGE,BREA,-117.80308532714844,33.927070617675781
81779382,2022,2022-05-24,3014,2022-05-07,1451,1527,RD16,6,5,5,3014,0,0,0,,0,"A2  ","SR-1 (W COAST HWY)","BALBOA BLVD",1267.00,W,N,A,-,Y,ORA,,1,,,20.637,H,,R,Y,2,0,1,1,A,-,08,22107,,N,E,I,A,A,H,-,A,D,0,,,Y,,Y,,C,02,1,0,0,0,0,0,0,0,1,"- ","- ",33.624691009521484,-117.94309997558594,ORANGE,"NEWPORT BEACH",-117.94303894042969,33.624797821044922
81779726,2022,2022-05-25,3008,2022-02-24,1744,1387,ZONE,4,5,6,3008,0,0,0,,0,,"HARBOR BLVD","COSTCO WAY",154.00,N,N,A,-,N,,,,,,,,,,Y,4,0,1,2,A,-,05,21460,A,N,D,C,A,A,H,-,C,A,0,,,Y,,Y,,A,01,0,0,1,0,0,0,0,0,1,"- ","- ",,,ORANGE,FULLERTON,-117.92433929443359,33.862308502197266
81780477,2022,2022-05-25,3014,2022-04-24,1940,1566,RD17,7,5,5,3014,0,0,0,,0,"A2  ","SR-1 (WEST COAST HWY)","61ST ST",50.00,E,N,A,-,Y,ORA,,1,,,20.962,H,,R,Y,3,0,1,2,A,-,01,23152,A,N,B,C,A,A,H,-,B,D,0,,,Y,,Y,Y,C,02,0,1,0,0,0,0,0,0,1,"- ","- ",33.625789642333984,-117.94818878173828,ORANGE,"NEWPORT BEACH",-117.94814300537109,33.625850677490234
81780692,2022,2022-05-25,3007,2022-05-02,2045,328,16,1,5,5,3007,0,0,0,,0,002,EDINGER,WARD,0.00,,Y,A,-,N,,,,,,,,,,Y,2,0,3,3,A,-,09,21801,A,N,D,C,A,A,H,-,C,A,0,,,Y,,Y,,A,07,1,0,2,0,0,0,0,0,1,"- ","- ",,,ORANGE,"FOUNTAIN VALLEY",-117.94599914550781,33.730720520019531
81784466,2022,2022-05-31,3008,2022-03-15,1901,1479,ZONE,2,5,6,3008,0,0,0,,0,,"ORANGETHORPE AVE","HIGHLAND AVE",0.00,,Y,A,-,N,,,,,,,,,,Y,2,0,1,2,A,-,09,21801,A,N,D,C,A,A,H,-,C,A,0,,,Y,,Y,,A,07,1,0,0,0,0,0,0,0,1,"- ","- ",,,ORANGE,FULLERTON,-117.92867279052734,33.859447479248047
81786172,2022,2022-06-01,3014,2022-05-13,1827,1421,RD41,5,5,5,3014,0,0,0,,0,"A3  ","SR-1 (E. COAST HWY)","PROMONTORY DR",150.00,E,N,A,-,Y,ORA,,1,,,17.585,H,,R,Y,3,0,1,1,A,-,03,22350,,N,F,A,A,A,H,-,A,D,0,,,Y,,Y,,C,02,0,1,0,0,0,0,0,0,1,"- ","- ",33.613300323486328,-117.8931884765625,ORANGE,"NEWPORT BEACH",-117.89318084716797,33.613323211669922
81787121,2022,2022-06-02,3014,2022-05-20,0807,1527,RD35,5,5,5,3014,0,0,0,,0,"A3  ","JAMBOREE RD","EASTBLUFF DR",600.00,S,N,C,-,N,,,,,,,,,,Y,3,0,1,2,A,-,08,22107,,N,C,C,A,B,H,-,A,D,0,,,Y,,Y,,A,01,0,1,0,0,0,0,0,0,1,"- ","- ",33.629890441894531,-117.87599945068359,ORANGE,"NEWPORT BEACH",-117.87592315673828,33.630084991455078
81788417,2022,2022-06-06,3008,2022-04-01,2057,1605,ZONE,5,5,6,3008,0,0,0,,0,,"ORANGETHORPE AVE","HARBOR BLVD",554.00,W,N,A,-,N,,,,,,,,,,N,3,0,1,2,A,-,09,21804,A,N,H,A,A,A,H,-,C,D,0,,,Y,,Y,,A,01,0,1,0,0,0,0,0,0,0,"- ","- ",,,ORANGE,FULLERTON,-117.92619323730469,33.859481811523438
81789534,2022,2022-06-07,3001,2022-06-04,1437,A1839,D-4,6,5,7,3001,0,0,0,,0,D-4,"NOHL RANCH ROAD","STAGE COACH ROAD",315.00,W,N,A,-,N,,,,,,,,,,Y,3,0,1,2,A,-,08,22107,,N,A,C,A,A,H,-,A,D,0,,,Y,,Y,,C,02,0,1,0,0,0,0,0,0,0,"- ","- ",33.841560363769531,-117.77395629882812,ORANGE,ANAHEIM,-117.77440643310547,33.841953277587891
81789925,2022,2022-06-07,3014,2022-05-21,1616,1527,RD15,6,5,5,3014,0,0,0,,0,"A1  ","W BALBOA BLVD","29TH ST",0.00,,Y,B,-,N,,,,,,,,,,Y,4,0,1,2,A,-,03,22350,,N,D,C,A,A,H,-,A,D,0,,,Y,,Y,,C,02,0,0,1,0,0,0,0,0,1,"- ","- ",33.61309814453125,-117.93119812011719,ORANGE,"NEWPORT BEACH",-117.93118286132812,33.613147735595703
81790582,2022,2022-06-08,3010,2022-06-03,1423,2160,271,5,5,6,3010,0,0,0,,0,006,"GOTHARD ST","TOULOUSE DR",2.00,N,N,A,-,N,,,,,,,,,,Y,3,0,1,2,A,-,09,21804,A,N,D,C,A,A,H,-,A,D,0,,,Y,,Y,,D,22,0,1,0,0,0,0,0,0,1,"- ","- ",33.715911865234375,-118.0001220703125,ORANGE,"HUNTINGTON BEACH",-118.00009155273438,33.716983795166016
81792942,2022,2022-06-10,3007,2022-05-25,2216,330,55,3,5,5,3007,0,0,0,,0,003,"SLATER AVENUE","SAN MATEO STREET",36.00,E,N,A,-,N,,,,,,,,,,Y,2,0,1,2,A,-,09,21801,A,N,B,C,A,A,H,-,C,A,0,,,Y,,Y,,A,01,1,0,0,0,0,0,0,0,1,"- ","- ",,,ORANGE,"FOUNTAIN VALLEY",-117.95122528076172,33.708950042724609
81793581,2022,2022-06-13,3022,2022-05-19,1430,1296,SOUTH,4,5,5,3022,0,0,0,,0,,"JAMBOREE RD","MOFFETT DR",1541.00,S,N,A,-,N,,,,,,,,,,Y,2,0,1,1,A,-,08,22107,,N,F,A,A,A,H,-,A,D,0,,,Y,,Y,Y,C,02,1,0,0,0,0,0,0,0,1,"- ","- ",33.701431274414062,-117.8099365234375,ORANGE,TUSTIN,-117.81378173828125,33.698654174804688
81793626,2022,2022-06-13,3008,2022-04-25,1311,1596,ZONE,1,5,6,3008,0,0,0,,0,,"HARBOR BLVD","BASTANCHURY RD",354.00,N,N,A,-,N,,,,,,,,,,N,3,0,1,2,A,-,08,22100,A,N,B,C,A,A,H,-,A,D,0,,,Y,,Y,,A,01,0,1,0,0,0,0,0,0,1,"- ","- ",,,ORANGE,FULLERTON,-117.92908477783203,33.896579742431641
81794417,2022,2022-06-14,3001,2022-05-19,1944,A2467,D-4,4,5,7,3001,0,0,0,,0,,"GLASSELL STREET","FRONTERA STREET",0.00,,Y,B,-,N,,,,,,,,,,Y,3,0,3,2,A,-,09,21801,A,N,A,C,A,A,H,-,C,A,0,,,Y,,Y,,A,01,0,1,2,0,0,0,0,0,2,"- ","- ",33.844341278076172,-117.85411834716797,ORANGE,ANAHEIM,-117.85449981689453,33.846298217773438
81794526,2021,2022-06-14,3024,2021-05-13,2053,426,P-42,4,5,5,3024,0,0,0,,0,EAST,"HEIL AVENUE","NEWLAND STREET",0.00,,Y,A,-,N,,,,,,,,,,Y,1,1,1,2,A,-,12,21453,A,N,D,C,A,A,H,-,C,A,0,,,Y,,Y,,C,02,0,0,1,0,0,0,0,1,0,"- ","- ",33.722988128662109,-117.98072052001953,ORANGE,WESTMINSTER,-117.98065185546875,33.722991943359375
81795513,2022,2022-06-15,3019,2022-05-13,2018,3631,WE,5,5,7,3019,0,0,0,,0,001,"NEWHOPE STREET","WESTMINSTER AVENUE",0.00,,Y,A,-,N,,,,,,,,,,Y,4,0,1,2,A,-,09,21801,A,N,A,C,A,A,F,H,C,D,0,,,Y,,Y,,A,01,0,0,1,0,0,0,0,0,1,"- ","- ",33.759708404541016,-117.92881011962891,ORANGE,"SANTA ANA",-117.92890930175781,33.759658813476562
81795529,2022,2022-06-15,3019,2022-05-15,0029,3767,NE,7,5,7,3019,0,0,0,,0,003,"TUSTIN AVENUE","SANTA CLARA AVENUE",0.00,,Y,-,-,N,,,,,,,,,,Y,3,0,1,2,A,-,09,21453,C,N,B,C,A,A,H,-,C,A,0,,,Y,,Y,Y,C,02,0,1,0,0,0,0,0,0,1,"- ","- ",33.765911102294922,-117.83550262451172,ORANGE,"SANTA ANA",-117.83575439453125,33.767154693603516
81795562,2022,2022-06-15,3008,2022-05-04,1720,1116,ZONE,3,5,6,3008,0,0,0,,0,,"CHAPMAN AVE","VICTORIA DR",0.00,,Y,A,-,N,,,,,,,,,,Y,4,0,1,2,A,-,09,21801,B,N,D,C,A,A,H,-,A,A,0,,,Y,,Y,,C,02,0,0,1,0,0,0,0,0,1,"- ","- ",,,ORANGE,FULLERTON,-117.90435028076172,33.874111175537109
81797214,2022,2022-06-17,3010,2022-06-14,1603,1118,261,2,5,6,3010,0,0,0,,0,007,"WARNER AVE","GOTHARD ST",535.00,E,N,A,-,N,,,,,,,,,,Y,3,0,1,1,A,-,03,22350,,N,E,I,A,A,H,-,A,D,0,,,Y,,Y,,C,02,0,1,0,0,0,0,0,0,1,"- ","- ",33.714588165283203,-118.00012969970703,ORANGE,"HUNTINGTON BEACH",-117.99832153320312,33.715629577636719
81798276,2022,2022-06-20,3010,2022-06-16,1543,3042,242,4,5,6,3010,0,0,0,,0,009,"GOTHARD ST","MCFADDEN AVE",637.00,S,N,A,-,N,,,,,,,,,,Y,3,0,1,2,A,-,08,22107,,F,E,I,A,A,H,-,A,A,0,,,Y,,Y,,-,99,0,1,0,0,0,0,0,0,1,"- ","- ",33.737281799316406,-117.99887847900391,ORANGE,"HUNTINGTON BEACH",-117.99922180175781,33.735664367675781
81798317,2022,2022-06-20,3024,2022-05-19,0930,536,P-25,4,5,5,3024,0,0,0,,0,EAST,"BEACH BOULEVARD (SR 39)","LEGION PLACE",100.00,N,N,B,-,Y,ORA,,39,,,7.060,H,,R,N,2,0,1,2,A,-,08,22107,,N,D,C,A,A,H,-,A,A,0,,,Y,,Y,,C,02,1,0,0,0,0,0,0,0,1,"- ","- ",33.751060485839844,-117.98941802978516,ORANGE,WESTMINSTER,-117.98946380615234,33.751060485839844
81800717,2022,2022-06-22,3007,2022-06-17,2255,316,17,5,5,5,3007,0,0,0,,0,002,EUCLID,EDINGER,150.00,N,N,A,-,N,,,,,,,,,,Y,3,0,1,1,B,-,22,,,N,E,I,A,A,H,-,C,D,0,,,Y,,Y,,C,02,0,1,0,0,0,0,0,0,1,"- ","- ",,,ORANGE,"FOUNTAIN VALLEY",-117.93737030029297,33.731250762939453
81804533,2022,2022-06-28,3001,2022-06-25,0224,A2650,D-3,6,5,7,3001,0,0,0,,0,,"HARBOR BOULEVARD","WILKEN WAY",316.00,S,N,A,-,N,,,,,,,,,,Y,3,0,1,2,A,-,08,22107,,M,F,A,A,A,H,-,C,A,0,,,Y,,Y,,A,01,0,1,0,0,0,0,0,0,1,"- ","- ",33.792758941650391,-117.91522216796875,ORANGE,ANAHEIM,-117.91507720947266,33.792102813720703
81806088,2022,2022-06-29,3014,2022-06-11,2328,1570,RD24,6,5,5,3014,0,0,0,,0,"A2  ","SR-55 (NEWPORT BLVD)","SR-1 (W.COAST HWY)",549.00,N,N,A,-,Y,,,,,,,,,,Y,2,0,2,1,A,-,01,23152,A,N,E,I,A,A,H,-,C,D,0,,,Y,,Y,Y,C,02,1,1,0,0,0,0,0,0,2,"- ","- ",,,ORANGE,"NEWPORT BEACH",,
81808412,2022,2022-07-01,3015,2022-06-25,1625,1250,RD184,6,5,6,3015,0,0,0,,0,711M,"SANTIAGO CANYON RD","JAMBOREE RD (S)",635.00,E,N,A,-,N,,,,,,,,,,Y,3,0,1,1,A,-,08,22107,,N,E,I,A,A,H,-,A,D,0,,,Y,,Y,Y,C,02,0,1,0,0,0,0,0,0,1,"- ","- ",33.792270660400391,-117.76119232177734,ORANGE,ORANGE,-117.75926208496094,33.791641235351562
81808758,2022,2022-07-01,3016,2022-01-08,1048,1293,26,6,5,5,3016,0,0,0,,0,002,"ORANGETHORPE AVENUE","MELROSE STREET",347.00,E,N,A,-,N,,,,,,,,,,N,3,0,1,2,A,-,17,21663,,N,D,C,A,A,H,-,A,D,0,,,Y,,Y,,C,03,0,1,0,0,0,0,0,0,1,"- ","- ",33.861911773681641,-117.87480163574219,ORANGE,PLACENTIA,-117.87374114990234,33.862194061279297
81808784,2022,2022-07-01,3016,2022-01-25,1020,1254,8,2,5,5,3016,0,0,0,,0,001,"YORBA LINDA BOULEVARD","PALM DRIVE",240.00,E,N,A,-,N,,,,,,,,,,Y,3,0,1,2,A,-,09,21804,A,N,D,C,A,A,H,-,A,C,0,,,Y,,Y,,A,07,0,1,0,0,0,0,0,0,1,"- ","- ",33.888210296630859,-117.86197662353516,ORANGE,PLACENTIA,-117.86097717285156,33.888637542724609
81808903,2022,2022-07-01,3016,2022-05-25,2012,2145,21,3,5,5,3016,0,0,0,,0,002,"LA JOLLA STREET","TAFOLLA STREET",0.00,,Y,-,-,N,,,,,,,,,,Y,3,0,1,1,A,-,03,22350,,N,B,I,A,A,H,-,B,A,0,,,Y,,Y,,C,02,0,1,0,0,0,0,0,0,1,"- ","- ",33.857868194580078,-117.87435150146484,ORANGE,PLACENTIA,-117.87445068359375,33.858207702636719
81809484,2022,2022-07-04,3022,2022-06-23,1125,1296,SOUTH,4,5,5,3022,0,0,0,,0,,"WALNUT AV","FRANKLIN AV",33.00,W,N,A,-,N,,,,,,,,,,Y,4,0,1,1,A,-,03,22350,,N,F,A,A,A,H,-,A,A,0,,,Y,,Y,,C,02,0,0,1,0,0,0,0,0,1,"- ","- ",33.716781616210938,-117.80793762207031,ORANGE,TUSTIN,-117.80809783935547,33.716724395751953
81810768,2022,2022-07-06,3015,2022-04-07,1030,1515,RD21,4,5,6,3015,0,0,0,,0,732M,"CHAPMAN AVE","THE CITY DR",0.00,,Y,A,-,N,,,,,,,,,,N,3,0,1,2,A,-,12,21453,A,N,D,C,A,A,H,-,A,A,0,,,Y,,Y,,A,01,0,1,0,0,0,0,0,0,1,"- ","- ",33.788860321044922,-117.89080810546875,ORANGE,ORANGE,-117.89095306396484,33.789058685302734
81812514,2022,2022-07-08,3001,2022-07-02,1856,A1231,,6,5,7,3001,0,0,0,,0,D-4,"FAIRMONT BOULEVARD","LA PALMA AVENUE",26.00,N,N,A,-,N,,,,,,,,,,N,3,0,1,1,A,-,08,22107,,N,E,I,A,A,H,-,A,A,0,,,Y,,Y,,C,03,0,1,0,0,0,0,0,0,1,"- ","- ",33.864250183105469,-117.77561950683594,ORANGE,ANAHEIM,-117.77572631835938,33.864040374755859
81812519,2022,2022-07-08,3001,2022-07-05,1721,A1466,D-1,2,5,7,3001,0,0,0,,0,D-1,"BALL ROAD","BROOKHURST STREET",146.00,W,N,A,-,N,,,,,,,,,,Y,2,0,1,2,A,-,09,21804,A,N,D,C,A,A,H,-,A,D,0,,,Y,,Y,,A,01,1,0,0,0,0,0,0,0,1,"- ","- ",33.817649841308594,-117.95894622802734,ORANGE,ANAHEIM,-117.95941925048828,33.817779541015625
81812591,2022,2022-07-08,3010,2022-06-30,2225,2189,348,4,5,6,3010,0,0,0,,0,004,"PACIFIC COAST HWY - SR1","GOLDENWEST ST",2270.00,N,N,A,-,Y,ORA,,1,,,25.894,H,,R,Y,3,0,1,2,A,-,04,21703,,N,C,C,A,A,H,-,C,D,0,,,Y,,Y,,A,01,0,1,0,0,0,0,0,0,1,"- ","- ",33.668388366699219,-118.01738739013672,ORANGE,"HUNTINGTON BEACH",-118.01741790771484,33.668361663818359
81815712,2022,2022-07-13,3010,2022-07-09,1914,1015,339,6,5,6,3010,0,0,0,,0,004,"YORKTOWN AVE","MAIN ST",526.00,W,N,A,-,N,,,,,,,,,,Y,3,0,1,2,A,-,09,21801,A,N,D,C,A,A,H,-,A,D,0,,,Y,,Y,,A,07,0,1,0,0,0,0,0,0,1,"- ","- ",33.6793212890625,-118.00167846679688,ORANGE,"HUNTINGTON BEACH",-118.00347137451172,33.679298400878906
81815714,2022,2022-07-13,3010,2022-07-10,1105,1118,251,7,5,6,3010,0,0,0,,0,007,"GOTHARD ST","HEIL AVE",640.00,N,N,A,-,N,,,,,,,,,,N,3,0,1,1,A,-,03,22350,,N,F,I,A,A,H,-,A,D,0,,,Y,,Y,,C,02,0,1,0,0,0,0,0,0,1,"- ","- ",33.722770690917969,-118.00015258789062,ORANGE,"HUNTINGTON BEACH",-118.00017547607422,33.724605560302734
81816371,2022,2022-07-13,3014,2022-07-04,2202,1609,RD24,1,5,5,3014,0,0,0,,0,"A2  ","SUPERIOR AVE","TICONDEROGA ST",600.00,S,N,A,-,N,,,,,,,,,,Y,3,0,1,2,A,-,03,22350,,N,B,C,A,A,H,-,C,D,0,,,Y,,Y,,C,02,0,1,0,0,0,0,0,0,1,"- ","- ",33.623298645019531,-117.93649291992188,ORANGE,"NEWPORT BEACH",-117.93635559082031,33.623542785644531
81816643,2022,2022-07-14,3001,2022-07-02,2127,A2387,D-4,6,5,7,3001,0,0,0,,0,D-4,"SANTA ANA CANYON ROAD","WOODCREEK ROAD",570.00,E,N,A,-,N,,,,,,,,,,Y,2,0,2,1,A,-,08,22107,,N,F,A,A,A,H,-,D,D,0,,,Y,,Y,,C,02,2,0,0,0,0,0,0,0,2,"- ","- ",33.869758605957031,-117.73502349853516,ORANGE,ANAHEIM,-117.73344421386719,33.869483947753906
81816747,2022,2022-07-14,3019,2022-05-23,2007,3800,NE,1,5,7,3019,0,0,0,,0,003,"TUSTIN AVENUE","6TH STREET",385.00,N,N,A,-,N,,,,,,,,,,Y,3,0,1,2,A,-,09,21801,A,N,D,C,A,A,H,-,C,D,0,,,Y,,Y,,A,01,0,1,0,0,0,0,0,0,1,"- ","- ",33.749721527099609,-117.83435821533203,ORANGE,"SANTA ANA",-117.83416748046875,33.7509765625
81816825,2022,2022-07-14,3019,2022-06-01,1431,3295,SC,3,5,7,3019,0,0,0,,0,004,"HARVARD STREET","FAIRVIEW STREET",200.00,W,N,A,-,N,,,,,,,,,,N,4,0,1,2,A,-,06,21750,A,N,B,C,A,A,H,-,A,D,0,,,Y,,Y,,C,02,0,0,1,0,0,0,0,0,1,"- ","- ",33.720241546630859,-117.90865325927734,ORANGE,"SANTA ANA",-117.9091796875,33.720241546630859
81816838,2022,2022-07-14,3019,2022-06-03,1253,3637,WE,5,5,7,3019,0,0,0,,0,001,"NEWHOPE STREET","HAZARD AVENUE",0.00,,Y,-,-,N,,,,,,,,,,N,3,0,1,2,A,-,09,21802,A,M,F,A,A,A,H,-,A,A,0,,,Y,,Y,,A,07,0,1,0,0,0,0,0,0,1,"- ","- ",33.752460479736328,-117.92887115478516,ORANGE,"SANTA ANA",-117.9288330078125,33.752449035644531
81816877,2022,2022-07-14,3019,2022-06-06,2053,3800,SE,1,5,7,3019,0,0,0,,0,003,"WARNER AVENUE","CYPRESS AVENUE",58.00,W,N,A,-,N,,,,,,,,,,N,3,0,1,2,A,-,08,22107,,N,C,C,A,A,H,-,C,D,0,,,Y,,Y,,A,01,0,1,0,0,0,0,0,0,1,"- ","- ",33.716190338134766,-117.86666870117188,ORANGE,"SANTA ANA",-117.86685943603516,33.716041564941406
81817702,2022,2022-07-15,3001,2022-07-12,0958,A2187,,2,5,7,3001,0,0,0,,0,,"LA PALMA AVENUE","CHANTILLY STREET",305.00,W,N,A,-,N,,,,,,,,,,Y,4,0,1,3,A,-,08,22107,,N,B,C,A,A,H,-,A,D,0,,,Y,,Y,,C,02,0,0,1,0,0,0,0,0,0,"- ","- ",33.845550537109375,-117.87416076660156,ORANGE,ANAHEIM,-117.87563323974609,33.847297668457031
81820874,2022,2022-07-20,3001,2022-07-18,2049,A2461,D-1,1,5,7,3001,0,0,0,,0,D-1,"BROOKHURST STREET","CRESCENT AVENUE",161.00,S,N,A,-,N,,,,,,,,,,N,4,0,1,3,A,-,01,23152,A,N,C,C,A,A,H,-,C,A,0,,,Y,,Y,Y,A,01,0,0,1,0,0,0,0,0,0,"- ","- ",,,ORANGE,ANAHEIM,-117.95903778076172,33.839378356933594
81821848,2022,2022-07-21,3010,2022-07-13,1644,1225,188,3,5,6,3010,0,0,0,,0,007,"EDWARDS ST","INLET DR",48.00,S,N,A,-,N,,,,,,,,,,Y,2,0,1,2,A,-,08,22107,,N,D,C,A,A,H,-,A,D,0,,,Y,,Y,,C,02,1,0,0,0,0,0,0,0,1,"- ","- ",33.698379516601562,-118.01544189453125,ORANGE,"HUNTINGTON BEACH",-118.01502990722656,33.699039459228516
81823462,2022,2022-07-25,3001,2022-07-16,2317,A2417,D-2,6,5,7,3001,0,0,0,,0,D-2,"LA PALMA AVENUE","LOMITA STREET",0.00,,Y,A,-,N,,,,,,,,,,Y,3,0,1,2,A,-,01,23152,A,F,D,C,A,A,H,-,C,A,0,,,Y,,Y,Y,A,01,0,1,0,0,0,0,0,0,1,"- ","- ",33.847309112548828,-117.93386840820312,ORANGE,ANAHEIM,-117.9339599609375,33.847145080566406
81824683,2022,2022-07-26,3001,2022-07-17,1601,A1962,D-3,7,5,7,3001,0,0,0,,0,D-3,"KATELLA AVENUE","S CAMPTON AVE",76.00,E,N,A,-,N,,,,,,,,,,Y,2,0,1,1,A,-,08,22107,,N,E,I,A,A,H,-,A,D,0,,,Y,,Y,,C,02,1,0,0,0,0,0,0,0,1,"- ","- ",,,ORANGE,ANAHEIM,-117.89146423339844,33.803428649902344
81824873,2022,2022-07-26,3024,2022-04-22,1527,530,P-03,5,5,5,3024,0,0,0,,0,WEST,"SPRINGDALE STREET","CYNTHIA DRIVE",625.00,N,N,A,-,N,,,,,,,,,,Y,2,0,2,2,A,-,09,21804,A,N,D,C,A,A,H,-,A,D,0,,,Y,,Y,,A,07,2,0,0,0,0,0,0,0,2,"- ","- ",33.771701812744141,-118.02677154541016,ORANGE,WESTMINSTER,-118.0225830078125,33.772624969482422
81825657,2022,2022-07-27,3015,2022-07-17,0806,1250,RD67,7,5,6,3015,0,0,0,,0,711M,"ORANGE-OLIVE RD","MEATS AVE",374.00,N,N,A,-,N,,,,,,,,,,Y,3,0,1,2,A,-,08,22107,,N,H,A,A,A,H,-,A,D,0,,,Y,,Y,,D,22,0,1,0,0,0,0,0,0,1,"- ","- ",33.823001861572266,-117.8507080078125,ORANGE,ORANGE,-117.85041809082031,33.823970794677734
81825692,2022,2022-07-27,3001,2022-07-23,1551,A2461,D-2,6,5,7,3001,0,0,0,,0,D-2,BROADWAY,"CITRON STREET",0.00,,Y,A,-,N,,,,,,,,,,N,3,0,1,1,A,-,01,23152,F,N,F,A,A,A,H,-,A,A,0,,,Y,,Y,,C,02,0,1,0,0,0,0,0,0,1,"- ","- ",,,ORANGE,ANAHEIM,-117.92259216308594,33.831161499023438
81825697,2022,2022-07-27,3001,2022-07-25,2208,A2339,D-1,1,5,7,3001,0,0,0,,0,D-1,"BROOKHURST STREET","LA PALMA AVENUE",0.00,,Y,A,-,Y,,,,,,,,,,N,3,0,1,2,A,-,08,22107,,N,B,C,A,A,H,-,C,A,0,,,Y,,Y,,A,01,0,1,0,0,0,0,0,0,0,"- ","- ",33.84674072265625,-117.95913696289062,ORANGE,ANAHEIM,-117.95913696289062,33.846958160400391
81826216,2022,2022-07-27,3014,2022-07-09,1801,1418,RD12,6,5,5,3014,0,0,0,,0,"A1  ","W BALBOA BLVD","MEDINA WAY",250.00,W,N,A,-,N,,,,,,,,,,N,3,0,2,3,A,-,08,22107,,N,B,C,A,A,H,-,A,D,0,,,Y,,Y,,A,01,0,2,0,0,0,0,0,0,2,"- ","- ",33.60369873046875,-117.90569305419922,ORANGE,"NEWPORT BEACH",-117.90563201904297,33.603775024414062
81826610,2022,2022-07-28,3015,2022-07-24,1132,1250,RD33,7,5,6,3015,0,0,0,,0,711M,"ALMOND AVE","MAPLEWOOD ST",0.00,,Y,A,-,N,,,,,,,,,,Y,3,0,1,2,A,-,09,21801,A,N,D,C,A,A,H,-,A,D,0,,,Y,,Y,Y,A,01,0,1,0,0,0,0,0,0,1,"- ","- ",33.785938262939453,-117.84229278564453,ORANGE,ORANGE,-117.84230041503906,33.786026000976562
81828584,2022,2022-07-29,3010,2022-07-23,1443,3171,339,6,5,6,3010,0,0,0,,0,004,"GOLDENWEST ST","PALM AVE",892.00,N,N,A,-,N,,,,,,,,,,Y,3,0,1,1,A,-,03,22350,,N,F,A,A,A,H,-,A,D,0,,,Y,,Y,,C,02,0,1,0,0,0,0,0,0,1,"- ","- ",33.673469543457031,-118.01199340820312,ORANGE,"HUNTINGTON BEACH",-118.01034545898438,33.675228118896484
81829786,2022,2022-08-01,3014,2022-07-26,1222,1435,RD44,2,5,5,3014,0,0,0,,0,"A4  ","MARGUERITE AVE","BAYSIDE DR",0.00,,Y,A,-,N,,,,,,,,,,Y,4,0,1,2,A,-,09,21801,,M,D,C,A,A,H,-,A,D,0,,,Y,,Y,,C,02,0,0,1,0,0,0,0,0,1,"- ","- ",33.595951080322266,-117.87117767333984,ORANGE,"NEWPORT BEACH",-117.87123107910156,33.595954895019531
81830791,2022,2022-08-02,3019,2022-06-20,0410,3585,NE,1,5,7,3019,0,0,0,,0,002,BROADWAY,"CIVIC CENTER DRIVE",49.00,S,N,A,-,N,,,,,,,,,,Y,4,0,1,2,A,-,03,22350,,F,C,C,A,A,H,-,C,A,0,,,Y,,Y,,-,99,0,0,1,0,0,0,0,0,1,"- ","- ",33.75115966796875,-117.86937713623047,ORANGE,"SANTA ANA",-117.86969757080078,33.750835418701172
81830834,2022,2022-08-02,3019,2022-06-25,1110,3781,NE,6,5,7,3019,0,0,0,,0,002,"PENN WAY","SANTIAGO AVENUE (N)",300.00,N,N,A,-,N,,,,,,,,,,N,2,0,1,1,A,-,03,22350,,N,E,I,A,A,H,-,A,D,0,,,Y,,Y,,C,02,1,0,0,0,0,0,0,0,1,"- ","- ",33.756259918212891,-117.86025238037109,ORANGE,"SANTA ANA",-117.86104583740234,33.756309509277344
81830840,2022,2022-08-02,3019,2022-06-26,2019,3702,WE,7,5,7,3019,0,0,0,,0,001,"MCFADDEN AVENUE","RIVER VIEW MARKET PLACE",65.00,W,N,A,-,N,,,,,,,,,,Y,3,0,1,2,A,-,03,22350,,N,C,C,A,A,H,-,C,A,0,,,Y,,Y,,C,02,0,1,0,0,0,0,0,0,1,"- ","- ",33.738498687744141,-117.91797637939453,ORANGE,"SANTA ANA",,
81830849,2022,2022-08-02,3019,2022-06-27,1216,3737,SC,1,5,7,3019,0,0,0,,0,003,"FAIRVIEW STREET","ALTON AVENUE",5.00,S,N,A,-,N,,,,,,,,,,Y,4,0,1,3,A,-,01,23152,A,N,C,C,A,A,H,-,A,A,0,,,Y,,Y,Y,A,01,0,0,1,0,0,0,0,0,1,"- ","- ",33.703281402587891,-117.90869140625,ORANGE,"SANTA ANA",-117.90782928466797,33.703536987304688
81830860,2022,2022-08-02,3019,2022-06-29,0631,3716,NE,3,5,7,3019,0,0,0,,0,002,BROADWAY,"WASHINGTON AVENUE",0.00,,Y,A,-,N,,,,,,,,,,Y,4,0,1,2,A,-,12,21453,A,N,D,C,A,A,H,-,A,A,0,,,Y,,Y,,A,01,0,0,1,0,0,0,0,0,1,"- ","- ",33.755989074707031,-117.86975860595703,ORANGE,"SANTA ANA",-117.86966705322266,33.755615234375
81831877,2022,2022-08-03,3019,2022-05-27,0707,2875,SC,5,5,7,3019,0,0,0,,0,004,"EDINGER AVENUE","PACIFIC AVENUE",0.00,,Y,A,-,N,,,,,,,,,,Y,2,0,2,2,A,-,03,22350,,N,D,C,A,A,H,-,A,A,0,,,Y,,Y,,C,02,1,0,1,0,0,0,0,0,1,"- ","- ",33.7269287109375,-117.88828277587891,ORANGE,"SANTA ANA",-117.88829040527344,33.727203369140625
81833645,2022,2022-08-05,3010,2022-08-01,1825,1118,,1,5,6,3010,0,0,0,,0,,"SHENLYN DR","EDWARDS ST",35.00,E,N,A,-,N,,,,,,,,,,Y,3,0,1,1,A,-,01,23152,A,N,F,A,A,A,H,-,A,D,0,,,Y,,Y,Y,C,02,0,1,0,0,0,0,0,0,1,"- ","- ",33.709300994873047,-118.01515197753906,ORANGE,"HUNTINGTON BEACH",-118.01505279541016,33.70941162109375
81833656,2022,2022-08-05,3010,2022-08-03,2257,2045,413,3,5,6,3010,0,0,0,,0,005,"BEACH BL - SR39","ELLIS AVE",0.00,,Y,A,-,Y,ORA,,39,,,3.120,H,,L,Y,4,0,1,1,A,-,08,22107,,N,F,A,A,A,H,-,D,A,0,,,Y,,Y,,C,02,0,0,1,0,0,0,0,0,1,"- ","- ",33.693958282470703,-117.98916625976562,ORANGE,"HUNTINGTON BEACH",-117.98895263671875,33.693958282470703
81834344,2022,2022-08-08,3001,2022-08-04,2345,A1906,D-2,4,5,7,3001,0,0,0,,0,D-2,"LA PALMA AVENUE","WEST STREET (E)",0.00,E,Y,A,-,Y,,,,,,,,,,Y,3,0,1,2,A,-,09,21801,A,N,D,C,A,A,H,-,C,A,0,,,Y,,Y,Y,D,22,0,1,0,0,0,0,0,0,1,"- ","- ",33.8472900390625,-117.93183135986328,ORANGE,ANAHEIM,-117.93220520019531,33.847164154052734
81834614,2022,2022-08-08,3015,2022-07-05,0106,1581,RD64,2,5,6,3015,0,0,0,,0,132,"PROSPECT ST","COLLINS AVE",0.00,,Y,A,-,N,,,,,,,,,,Y,3,0,1,1,A,-,01,23152,A,N,E,I,A,A,H,-,C,D,0,,,Y,,Y,Y,C,02,0,1,0,0,0,0,0,0,1,"- ","- ",33.801868438720703,-117.81488800048828,ORANGE,ORANGE,-117.81458282470703,33.801319122314453
81834673,2022,2022-08-08,3024,2022-06-07,1750,537,P-02,2,5,5,3024,0,0,0,,0,WEST,"MELANIE LANE","VIA FORTUNA",0.00,,Y,A,-,N,,,,,,,,,,Y,3,0,1,3,A,-,09,21801,A,N,D,E,A,A,H,-,A,D,0,,,Y,,Y,,A,01,0,1,0,0,0,0,0,0,1,"- ","- ",33.772201538085938,-118.02626800537109,ORANGE,WESTMINSTER,-118.02651214599609,33.772140502929688
81835794,2022,2022-08-09,3019,2022-02-27,1126,3752,SC,7,5,7,3019,0,0,0,,0,003,"BRISTOL STREET","SAINT GERTRUDE PLACE (S)",130.00,S,N,A,-,N,,,,,,,,,,Y,1,1,1,2,A,-,03,22350,,N,D,C,A,A,H,-,A,D,0,,,Y,,Y,,C,02,0,0,1,0,0,0,0,0,1,"- ","- ",33.719020843505859,-117.8848876953125,ORANGE,"SANTA ANA",-117.88529205322266,33.718662261962891
81835819,2022,2022-08-09,3019,2022-07-06,1244,3382,SC,3,5,7,3019,0,0,0,,0,004,"SEGERSTROM AVENUE","BRISTOL STREET",300.00,E,N,A,-,N,,,,,,,,,,N,4,0,1,2,A,-,09,21804,A,N,B,C,A,A,H,-,A,D,0,,,Y,,Y,,A,01,0,0,1,0,0,0,0,0,1,"- ","- ",33.707450866699219,-117.88529968261719,ORANGE,"SANTA ANA",-117.88451385498047,33.70758056640625
81836806,2022,2022-08-10,3001,2022-08-06,1903,A2752,,6,5,7,3001,0,0,0,,0,D-2,"LA PALMA AVENUE","BROOKHURST STREET",0.00,,Y,A,-,N,,,,,,,,,,Y,3,0,1,2,A,-,12,21453,A,N,D,C,A,A,H,-,B,A,0,,,Y,,Y,,C,02,0,1,0,0,0,0,0,0,1,"- ","- ",33.84674072265625,-117.95912170410156,ORANGE,ANAHEIM,-117.95913696289062,33.846958160400391
81836873,2022,2022-08-10,3008,2022-06-17,1648,1629,ZONE,5,5,6,3008,0,0,0,,0,,"ORANGETHORPE AVE","GILBERT ST",480.00,E,N,A,-,N,,,,,,,,,,Y,3,0,1,1,A,-,08,22107,,N,E,I,A,A,H,-,A,A,0,,,Y,,Y,,C,02,0,1,0,0,0,0,0,0,1,"- ","- ",,,ORANGE,FULLERTON,-117.96644592285156,33.859355926513672
81839622,2022,2022-08-15,3010,2022-08-05,1157,1208,435,5,5,6,3010,0,0,0,,0,003,"ADAMS AVE","SHOREWOOD CIR (S)",217.00,W,N,A,-,N,,,,,,,,,,Y,3,0,1,2,A,-,09,21804,A,N,C,C,A,A,H,-,A,D,0,,,Y,,Y,,A,01,0,1,0,0,0,0,0,0,1,"- ","- ",33.670589447021484,-117.96939086914062,ORANGE,"HUNTINGTON BEACH",-117.96916961669922,33.672199249267578
81839664,2022,2022-08-15,3019,2022-07-16,1807,3550,WE,6,5,7,3019,0,0,0,,0,001,"17TH STREET","FAIRVIEW STREET",140.00,W,N,A,-,N,,,,,,,,,,N,4,0,1,2,A,-,09,21804,A,N,D,C,A,A,H,-,A,D,0,,,Y,,Y,,A,01,0,0,1,0,0,0,0,0,1,"- ","- ",33.759880065917969,-117.90255737304688,ORANGE,"SANTA ANA",-117.90286254882812,33.759849548339844
81839671,2022,2022-08-15,3019,2022-07-17,1041,3718,SE,7,5,7,3019,0,0,0,,0,003,"STANDARD AVENUE","BEVERLY PLACE",0.00,,Y,A,-,N,,,,,,,,,,Y,4,0,1,5,A,-,03,22350,,N,H,C,A,A,H,-,A,D,0,,,Y,,Y,,A,01,0,0,1,0,0,0,0,0,0,"- ","- ",33.735591888427734,-117.85640716552734,ORANGE,"SANTA ANA",-117.85646820068359,33.735862731933594
81839688,2022,2022-08-15,3019,2022-07-19,1418,2801,NE,2,5,7,3019,0,0,0,,0,002,"1ST STREET","GRAND AVENUE",380.00,W,N,A,-,N,,,,,,,,,,N,3,0,1,2,A,-,08,22100,B,M,B,C,A,A,H,-,A,D,0,,,Y,,Y,,D,22,0,1,0,0,0,0,0,0,1,"- ","- ",33.745468139648438,-117.85211181640625,ORANGE,"SANTA ANA",-117.85308837890625,33.745510101318359
81841262,2022,2022-08-16,3014,2022-08-13,1130,1572,RD39,6,5,5,3014,0,0,0,,0,"A3  ","SR -1 (E. COAST HWY)","JAMBOREE RD",70.00,E,N,A,-,N,,,,,,,,,,Y,3,0,1,1,A,-,03,22350,,N,E,I,A,A,H,-,A,A,0,,,Y,,Y,,C,02,0,1,0,0,0,0,0,0,1,"- ","- ",33.612979888916016,-117.89029693603516,ORANGE,"NEWPORT BEACH",-117.89096069335938,33.612949371337891
81843995,2022,2022-08-19,3001,2022-08-18,0630,A2187,,4,5,7,3001,0,0,0,,0,,"BROOKHURST STREET",BROADWAY,135.00,S,N,A,-,N,,,,,,,,,,Y,4,0,1,2,A,-,09,21804,A,N,D,C,A,A,H,-,A,D,0,,,Y,,Y,,D,22,0,0,1,0,0,0,0,0,1,"- ","- ",,,ORANGE,ANAHEIM,-117.95895385742188,33.828521728515625
81845243,2022,2022-08-22,3024,2022-03-15,1949,435,P-39,2,5,5,3024,0,0,0,,0,EAST,"MAGNOLIA STREET","TRINI CIRCLE",0.00,,Y,A,-,N,,,,,,,,,,Y,2,0,1,2,A,-,03,22350,,N,D,C,A,A,H,-,C,D,0,,,Y,,Y,,C,02,1,0,0,0,0,0,0,0,1,"- ","- ",33.733711242675781,-117.97196197509766,ORANGE,WESTMINSTER,-117.97213745117188,33.733818054199219
81846174,2022,2022-08-23,3010,2022-08-17,1406,1208,273,3,5,6,3010,0,0,0,,0,006,"SLATER AVE","BEACH BL - SR39",136.00,E,N,A,-,Y,ORA,,39,,,4.132,H,,R,N,4,0,1,2,A,-,09,21804,A,N,D,C,A,A,H,-,A,D,0,,,Y,,Y,,A,07,0,0,1,0,0,0,0,0,1,"- ","- ",33.708431243896484,-117.98908233642578,ORANGE,"HUNTINGTON BEACH",-117.98910522460938,33.708431243896484
81848775,2022,2022-08-25,3007,2022-08-03,1505,1148,15,3,5,5,3007,0,0,0,,0,001,"BROOKHURST ST","EDINGER AVE",0.00,,Y,A,-,N,,,,,,,,,,Y,3,0,1,2,A,-,03,22350,,N,D,C,A,A,H,-,A,A,0,,,Y,,Y,,C,03,0,1,0,0,0,0,0,0,1,"- ","- ",,,ORANGE,"FOUNTAIN VALLEY",-117.95473480224609,33.73040771484375
81850376,2022,2022-08-26,3024,2022-07-10,1637,502,P-35,7,5,5,3024,0,0,0,,0,EAST,"BROOKHURST STREET","CUNNINGHAM AVENUE",0.00,,Y,A,-,N,,,,,,,,,,N,4,0,1,2,A,-,09,21804,A,N,D,D,A,A,H,-,A,D,0,,,Y,,Y,,A,01,0,0,1,0,0,0,0,0,1,"- ","- ",33.7388916015625,-117.95475769042969,ORANGE,WESTMINSTER,-117.95478820800781,33.738876342773438
81850386,2022,2022-08-26,3024,2022-07-20,1822,167,P-12,3,5,5,3024,0,0,0,,0,WEST,"TRASK AVENUE","COBBLESTONE LANE",0.00,,Y,A,-,N,,,,,,,,,,N,4,0,1,2,A,-,03,22350,,N,C,C,A,A,H,-,A,D,0,,,Y,,Y,,D,22,0,0,1,0,0,0,0,0,1,"- ","- ",33.766330718994141,-117.99639129638672,ORANGE,WESTMINSTER,-117.9964599609375,33.766487121582031
81852700,2022,2022-08-30,3010,2022-08-25,2153,2160,452,4,5,6,3010,0,0,0,,0,002,"DELAWARE ST","INDIANAPOLIS AVE",17.00,N,N,A,-,N,,,,,,,,,,N,4,0,1,2,A,-,05,21650,1,F,D,G,A,A,H,-,C,A,0,,Y,Y,,Y,,L,04,0,0,1,0,0,0,1,0,0,"- ","- ",33.664669036865234,-117.99294281005859,ORANGE,"HUNTINGTON BEACH",-117.99288940429688,33.664936065673828
81853744,2022,2022-08-31,3015,2022-08-29,2252,1602,17E,1,5,6,3015,0,0,0,,0,121,"NORTH TUSTIN ST","E VILLAGE WAY",0.00,,Y,A,-,N,,,,,,,,,,Y,4,0,1,2,A,-,03,22350,,N,C,C,A,A,H,-,C,A,0,,,Y,,Y,,A,01,0,0,1,0,0,0,0,0,0,"- ","- ",,,ORANGE,ORANGE,-117.83612060546875,33.826129913330078
81853825,2022,2022-08-31,3010,2022-08-28,1256,1261,433,7,5,6,3010,0,0,0,,0,003,"DELAWARE ST","UTICA AVE",0.00,,Y,A,-,N,,,,,,,,,,Y,3,0,1,2,A,-,12,22450,A,N,D,C,A,A,H,-,A,A,0,,,Y,,Y,,C,02,0,1,0,0,0,0,0,0,1,"- ","- ",33.675670623779297,-117.99308776855469,ORANGE,"HUNTINGTON BEACH",-117.99302673339844,33.675777435302734
81853856,2022,2022-08-31,3019,2022-07-19,1919,3823,SE,2,5,7,3019,0,0,0,,0,003,"MACARTHUR BOULEVARD","FLOWER STREET",0.00,,Y,A,-,N,,,,,,,,,,Y,4,0,1,2,A,-,12,21453,A,N,D,C,A,A,H,-,B,A,0,,,Y,,Y,,C,06,0,0,1,0,0,0,0,0,0,"- ","- ",33.699859619140625,-117.87693023681641,ORANGE,"SANTA ANA",-117.87694549560547,33.699943542480469
81853892,2022,2022-08-31,3019,2022-07-25,0654,3637,SC,1,5,7,3019,0,0,0,,0,004,"SEGERSTROM AVENUE","HARBOR BOULEVARD",0.00,,Y,B,-,N,,,,,,,,,,N,3,0,1,2,A,-,09,21801,A,N,B,C,A,A,H,-,A,A,0,,,Y,,Y,,C,02,0,1,0,0,0,0,0,0,1,"- ","- ",33.708869934082031,-117.92003631591797,ORANGE,"SANTA ANA",-117.91975402832031,33.708652496337891
81853935,2022,2022-08-31,3019,2022-07-27,2351,3491,WE,3,5,7,3019,0,0,0,,0,001,"1ST STREET","EUCLID STREET",687.00,E,N,A,-,N,,,,,,,,,,Y,4,0,1,2,A,-,08,22107,,N,B,C,A,A,H,-,C,D,0,,,Y,,Y,,C,02,0,0,1,0,0,0,0,0,1,"- ","- ",33.745159149169922,-117.93760681152344,ORANGE,"SANTA ANA",-117.93522644042969,33.745071411132812
81855946,2022,2022-09-02,3024,2022-07-19,1241,435,P-18,2,5,5,3024,0,0,0,,0,WEST,"BEACH BOULEVARD (SR 39)","11TH STREET",0.00,,Y,A,-,Y,,,,,,,,,,N,4,0,1,2,A,-,09,21804,A,N,C,C,A,A,H,-,A,D,0,,,Y,,Y,,A,01,0,0,1,0,0,0,0,0,1,"- ","- ",,,ORANGE,WESTMINSTER,-117.98971557617188,33.753814697265625
81856557,2022,2022-09-05,3015,2022-05-28,2015,1563,"RD 57",6,5,6,3015,0,0,0,,0,731M,"TUSTIN ST","SUNVIEW DR",278.00,N,N,A,-,N,,,,,,,,,,Y,1,1,0,1,A,-,01,23152,A,N,E,I,A,A,H,-,C,D,0,,,Y,,Y,Y,C,02,0,0,0,0,0,0,0,1,0,"- ","- ",33.839218139648438,-117.83280944824219,ORANGE,ORANGE,-117.83325958251953,33.84063720703125
81856558,2022,2022-09-05,3015,2022-08-24,2042,1706,21W,3,5,6,3015,0,0,0,,0,113,"CHAPMAN AVE","MANCHESTER AVE",10.00,W,N,A,-,N,,,,,,,,,,Y,3,0,1,3,A,-,09,21453,B,N,B,C,A,A,H,-,C,A,0,,,Y,,Y,,A,01,0,1,0,0,0,0,0,0,1,"- ","- ",33.78887939453125,-117.89314270019531,ORANGE,ORANGE,-117.89324951171875,33.788898468017578
81857091,2022,2022-09-05,3015,2022-08-20,1300,1676,26N,6,5,6,3015,0,0,0,,0,231,"EAST WALNUT AVE","N WAYFIELD ST",0.00,,Y,A,-,N,,,,,,,,,,Y,4,0,1,2,A,-,03,22350,,N,C,C,A,A,H,-,A,D,0,,,Y,,Y,,C,02,0,0,1,0,0,0,0,0,1,"- ","- ",,,ORANGE,ORANGE,-117.83393096923828,33.795036315917969
81858491,2022,2022-09-07,3010,2022-09-03,1916,4094,451,6,5,6,3010,0,0,0,,0,004,"MAIN ST","6TH ST",0.00,,Y,A,-,N,,,,,,,,,,N,4,0,2,2,A,-,08,22100,B,N,B,C,A,A,H,-,C,A,0,,,Y,,Y,,A,07,0,0,2,0,0,0,0,0,2,"- ","- ",33.660469055175781,-118.00007629394531,ORANGE,"HUNTINGTON BEACH",-117.9989013671875,33.661537170410156
81861474,2022,2022-09-12,3015,2022-09-05,1302,1515,RD21,1,5,6,3015,0,0,0,,0,732M,"LEWIS ST","DAWN AVE",125.00,S,N,A,-,N,,,,,,,,,,N,3,0,1,1,A,-,03,22350,,N,H,J,A,A,H,-,A,D,0,,,Y,,Y,,C,03,0,1,0,0,0,0,0,0,1,"- ","- ",33.785289764404297,-117.89753723144531,ORANGE,ORANGE,-117.89746856689453,33.784908294677734
81862449,2022,2023-04-20,3014,2022-07-30,2016,1580,RD13,6,5,5,3014,0,0,0,,0,"A1  ","W BALBOA BLVD","26TH ST",5.00,E,N,A,-,N,,,,,,,,,,Y,2,0,1,4,A,-,03,22350,,F,C,C,A,A,H,-,B,A,0,,,Y,,Y,,A,01,1,0,0,0,0,0,0,0,1,"- ","- ",,,ORANGE,"NEWPORT BEACH",-117.92983245849609,33.611618041992188
81865993,2022,2022-09-16,3010,2022-09-07,1941,2160,149,3,5,6,3010,0,0,0,,0,009,"EDWARDS ST","DUNN DR",23.00,E,N,A,-,N,,,,,,,,,,Y,2,0,1,2,A,-,09,21802,A,N,A,C,A,A,H,-,C,A,0,,,Y,,Y,,A,07,1,0,0,0,0,0,0,0,1,"- ","- ",33.73529052734375,-118.01519775390625,ORANGE,"HUNTINGTON BEACH",-118.01558685302734,33.736068725585938
81866098,2022,2022-09-16,3019,2022-08-13,1557,3720,SC,6,5,7,3019,0,0,0,,0,004,"HARBOR BOULEVARD","CRODDY WAY",18.00,N,N,A,-,N,,,,,,,,,,N,3,0,1,2,A,-,09,21802,A,F,D,C,A,A,H,-,A,D,0,,,Y,,Y,,A,01,0,1,0,0,0,0,0,0,1,"- ","- ",33.711929321289062,-117.92046356201172,ORANGE,"SANTA ANA",-117.91979217529297,33.712070465087891
81866158,2022,2022-09-16,3019,2022-08-25,0823,3637,SC,4,5,7,3019,0,0,0,,0,004,"EDINGER AVENUE","SPRUCE STREET",46.00,E,N,A,-,N,,,,,,,,,,N,3,0,1,2,A,-,09,21804,A,N,D,C,A,A,H,-,A,D,0,,,Y,,Y,,A,01,0,1,0,0,0,0,0,0,1,"- ","- ",33.726951599121094,-117.8890380859375,ORANGE,"SANTA ANA",-117.88890075683594,33.727203369140625
81867050,2022,2022-09-19,3001,2022-09-15,2135,A2791,,4,5,7,3001,0,0,0,,0,,"ORANGE AVENUE","POLE #62575D",144.00,W,N,A,-,N,,,,,,,,,,Y,4,0,1,2,A,-,09,21801,A,N,D,C,A,A,H,-,C,D,0,,,Y,,Y,,A,01,0,0,1,0,0,0,0,0,1,"- ","- ",33.824630737304688,-118.00215148925781,ORANGE,ANAHEIM,,
81867131,2022,2022-09-19,3019,2022-08-19,2355,3615,NE,5,5,7,3019,0,0,0,,0,002,"GRAND AVENUE","SANTA ANA BOULEVARD",3.00,N,N,A,-,N,,,,,,,,,,N,3,0,1,2,A,-,03,22350,,N,C,C,A,A,H,-,C,A,0,,,Y,,Y,,A,01,0,1,0,0,0,0,0,0,1,"- ","- ",33.753250122070312,-117.85183715820312,ORANGE,"SANTA ANA",-117.85195159912109,33.754356384277344
81868436,2022,2022-09-20,3001,2022-09-15,2035,A1047,,4,5,7,3001,0,0,0,,0,D-3,"HARBOR BOULEVARD","HAMPSHIRE AVENUE (N)",34.00,N,N,A,-,N,,,,,,,,,,Y,2,0,1,2,A,-,08,22100,A,N,C,C,A,A,H,-,C,A,0,,,Y,,Y,,A,01,1,0,0,0,0,0,0,0,1,"- ","- ",33.822498321533203,-117.91603088378906,ORANGE,ANAHEIM,-117.91577911376953,33.822719573974609
81868503,2022,2022-09-20,3008,2022-08-07,0408,1448,ZONE,7,5,6,3008,0,0,0,,0,,"HARBOR BLVD","COMMONWEALTH AVE",0.00,,Y,A,-,N,,,,,,,,,,Y,3,0,1,2,A,-,09,21801,A,F,D,C,A,A,H,-,C,A,0,,,Y,,Y,,A,07,0,1,0,0,0,0,0,0,1,"- ","- ",,,ORANGE,FULLERTON,-117.92430877685547,33.870357513427734
81869143,2022,2022-09-20,3014,2022-09-15,1145,1520,RD25,4,5,5,3014,0,0,0,,0,"A2  ","SR-1 (W. COAST HWY)","SR-55 (NEWPORT BLVD)",165.00,E,N,A,-,Y,,,,,,,,,,Y,2,0,1,1,A,-,08,22107,,N,F,A,A,A,H,-,A,D,0,,,Y,,Y,,C,02,1,0,0,0,0,0,0,0,1,"- ","- ",33.620891571044922,-117.92870330810547,ORANGE,"NEWPORT BEACH",-117.92871856689453,33.621196746826172
81870457,2022,2022-09-22,3010,2022-09-06,1433,1208,484,2,5,6,3010,0,0,0,,0,002,"PACIFIC COAST HWY - SR1","NEWLAND ST",331.00,S,N,A,-,Y,,,,,,,,,,Y,3,0,1,2,A,-,04,21703,,N,C,C,A,A,H,-,A,A,0,,,Y,,Y,,A,01,0,1,0,0,0,0,0,0,1,"- ","- ",33.643028259277344,-117.98272705078125,ORANGE,"HUNTINGTON BEACH",-117.98031616210938,33.643753051757812
81870500,2022,2022-09-22,3008,2022-07-15,2241,1596,ZONE,5,5,6,3008,0,0,0,,0,,"EUCLID ST","VALENCIA DR",0.00,,Y,A,-,N,,,,,,,,,,Y,3,0,1,1,A,-,08,22107,,N,F,A,A,A,H,-,C,A,0,,,Y,,Y,,C,02,0,1,0,0,0,0,0,0,1,"- ","- ",,,ORANGE,FULLERTON,-117.94194030761719,33.866584777832031
81870539,2022,2022-09-22,3002,2022-08-18,1529,1684,,4,5,4,3002,0,0,0,,0,012,"LAMBERT RD","POINTE DR",50.00,E,N,A,-,N,,,,,,,,,,Y,3,0,1,2,A,-,03,22350,,N,C,C,A,A,H,-,A,A,0,,,Y,,Y,,C,02,0,1,0,0,0,0,0,0,1,"- ","- ",33.924858093261719,-117.87690734863281,ORANGE,BREA,-117.87696838378906,33.925491333007812
81870544,2022,2022-09-22,3002,2022-08-26,1630,1693,,5,5,4,3002,0,0,0,,0,012,"CARBON CANYON RD","NOT STATED",0.00,,-,A,-,Y,,,,,,,,,,Y,4,0,1,1,A,-,06,21755,A,N,E,J,A,A,H,-,A,D,0,,,Y,,Y,,C,02,0,0,1,0,0,0,0,0,1,"- ","- ",,,ORANGE,BREA,,
81871584,2022,2022-09-23,3010,2022-07-20,2235,4094,472,3,5,6,3010,0,0,0,,0,002,"PACIFIC COAST HWY - SR1","BEACH BL - SR39",0.00,,Y,A,-,Y,,,,,,,,,,Y,3,0,2,1,C,-,18,,,N,F,A,A,A,H,-,C,A,0,,,Y,,Y,,-,"- ",0,1,1,0,0,0,0,0,2,"- ","- ",33.647411346435547,-117.98973083496094,ORANGE,"HUNTINGTON BEACH",-117.98818206787109,33.648418426513672
81872427,2022,2022-09-26,3015,2022-09-11,1557,1706,57N,7,5,6,3015,0,0,0,,0,732M,"SANTA ANA CANYON RD","ORANGE-OLIVE RD",164.00,E,N,A,-,N,,,,,,,,,,Y,3,0,1,1,A,-,03,22350,,N,E,I,A,A,H,-,A,A,0,,,Y,,Y,,C,02,0,1,0,0,0,0,0,0,1,"- ","- ",33.841678619384766,-117.844482421875,ORANGE,ORANGE,-117.84400177001953,33.841560363769531
81872439,2022,2022-09-26,3001,2022-08-31,2122,A1397,D-2,3,5,7,3001,0,0,0,,0,D-2,"LINCOLN AVENUE","WEST STREET",150.00,W,N,A,-,N,,,,,,,,,,Y,2,0,1,2,A,-,03,22350,,N,D,C,A,A,H,-,C,D,0,,,Y,,Y,,C,02,1,0,0,0,0,0,0,0,1,"- ","- ",33.832691192626953,-117.92722320556641,ORANGE,ANAHEIM,-117.92761993408203,33.832649230957031
81873931,2022,2022-09-27,3001,2022-09-14,1611,A1278,,3,5,7,3001,0,0,0,,0,D-1,"BROOKHURST STREET","NIOBE AVENUE",229.00,N,N,A,-,N,,,,,,,,,,N,3,0,1,2,A,-,09,21804,A,F,D,C,A,A,H,-,A,D,0,,,Y,,Y,,A,01,0,1,0,0,0,0,0,0,1,"- ","- ",33.822528839111328,-117.9588623046875,ORANGE,ANAHEIM,-117.95893859863281,33.823287963867188
81873945,2022,2022-09-27,3001,2022-09-25,2026,A2461,D-1,7,5,7,3001,0,0,0,,0,D-1,"MAGNOLIA AVENUE","LINCOLN AVENUE",273.00,N,N,A,-,N,,,,,,,,,,Y,2,0,3,4,A,-,01,23152,A,N,C,C,A,A,H,-,C,A,0,,,Y,,Y,Y,A,07,1,0,2,0,0,0,0,0,1,"- ","- ",,,ORANGE,ANAHEIM,-117.97599029541016,33.832271575927734
81874027,2022,2022-09-27,3019,2022-07-01,1950,3717,WE,5,5,7,3019,0,0,0,,0,001,"HARBOR BOULEVARD","1ST STREET",376.00,N,N,A,-,N,,,,,,,,,,N,3,0,1,1,A,-,03,22350,,N,F,A,A,A,H,-,A,D,0,,,Y,,Y,,C,02,0,1,0,0,0,0,0,0,1,"- ","- ",33.745040893554688,-117.92022705078125,ORANGE,"SANTA ANA",-117.92018127441406,33.745151519775391
81875091,2022,2022-09-28,3019,2022-07-30,1658,3702,WE,6,5,7,3019,0,0,0,,0,001,"5TH STREET","HAWLEY STREET",0.00,,Y,A,-,N,,,,,,,,,,N,3,0,1,2,D,-,00,,,N,D,C,A,A,H,-,A,D,0,,,Y,,Y,,-,"- ",0,1,0,0,0,0,0,0,1,"- ","- ",33.748321533203125,-117.89911651611328,ORANGE,"SANTA ANA",-117.89902496337891,33.748703002929688
81878463,2022,2022-09-30,3019,2022-09-06,1709,3538,SC,2,5,7,3019,0,0,0,,0,004,"EDINGER AVENUE","SHELTON STREET",0.00,,Y,A,-,N,,,,,,,,,,N,3,0,1,2,A,-,17,21209,A,N,D,C,A,A,H,-,A,D,0,,,Y,,Y,,C,02,0,1,0,0,0,0,0,0,1,"- ","- ",33.727329254150391,-117.88095855712891,ORANGE,"SANTA ANA",-117.88126373291016,33.72711181640625
81879439,2022,2022-10-03,3015,2022-09-08,1351,1563,"RD 77",4,5,6,3015,0,0,0,,0,731M,"LINCOLN AVE","TUSTIN ST",52.00,W,N,A,-,N,,,,,,,,,,Y,3,0,1,2,A,-,09,21453,B,N,B,C,A,A,H,-,A,A,0,,,Y,,Y,,A,01,0,1,0,0,0,0,0,0,1,"- ","- ",33.834911346435547,-117.836181640625,ORANGE,ORANGE,-117.83641815185547,33.834968566894531
81879714,2022,2022-10-03,3022,2022-09-20,1759,1309,,2,5,5,3022,0,0,0,,0,,"17TH ST","PROSPECT AV (W)",370.00,W,N,A,-,N,,,,,,,,,,N,4,0,1,2,A,-,09,21801,A,N,D,C,A,A,H,-,A,D,0,,,Y,,Y,,A,01,0,0,1,0,0,0,0,0,1,"- ","- ",33.759651184082031,-117.82200622558594,ORANGE,TUSTIN,-117.82366943359375,33.759761810302734
81881212,2022,2022-10-04,3008,2022-08-09,2009,1630,ZONE,2,5,6,3008,0,0,0,,0,,"ALBERTA PL","OAK AVE",0.00,,Y,A,-,N,,,,,,,,,,N,4,0,1,2,A,-,03,22350,,N,H,C,A,A,H,-,C,D,0,,,Y,,Y,,C,02,0,0,1,0,0,0,0,0,1,"- ","- ",,,ORANGE,FULLERTON,-117.95192718505859,33.864292144775391
81881407,2022,2022-11-01,3014,2022-10-02,1730,1602,RD46,7,5,5,3014,0,0,0,,0,"A4  ","SR-1 (E COAST HWY)","CAMEO HIGHLANDS",123.00,W,N,A,-,Y,,,,,,,,,,Y,3,0,3,3,A,-,01,23153,B,N,C,C,A,A,H,-,A,A,0,,,Y,,Y,Y,A,01,0,3,0,0,0,0,0,0,1,"- ","- ",33.589698791503906,-117.85890197753906,ORANGE,"NEWPORT BEACH",-117.85895538330078,33.589706420898438
81882413,2022,2022-10-05,3001,2022-08-28,1729,A2585,D-2,7,5,7,3001,0,0,0,,0,D-2,"220 E SOUTH STREET, ANAHEIM, CA 92805","PHILADELPHIA AVENUE",81.00,W,N,A,-,N,,,,,,,,,,Y,2,0,1,2,A,-,09,21804,A,N,D,C,A,A,H,-,A,D,0,,,Y,,Y,,C,02,1,0,0,0,0,0,0,0,1,"- ","- ",,,ORANGE,ANAHEIM,-117.90873718261719,33.827259063720703
81882423,2022,2022-10-05,3001,2022-10-03,1842,A2461,D-1,1,5,7,3001,0,0,0,,0,D-1,"BEACH BOULEVARD","ANACAPA WAY",0.00,,Y,A,-,Y,,,,,,,,,,N,4,0,1,2,A,-,01,21200,5,N,D,G,A,A,H,-,A,A,0,,Y,Y,,Y,Y,L,04,0,0,1,0,0,0,1,0,0,"- ","- ",,,ORANGE,ANAHEIM,-117.99345397949219,33.834358215332031
81883602,2022,2022-10-06,3019,2022-09-27,1522,3439,SE,2,5,7,3019,0,0,0,,0,003,"WARNER AVENUE","GARNSEY STREET",30.00,E,N,A,D,N,,,,,,,,,,Y,2,0,1,1,C,-,18,,,N,F,A,A,A,H,-,A,D,0,,,Y,,Y,,-,"- ",1,0,0,0,0,0,0,0,1,"- ","- ",33.715389251708984,-117.8753662109375,ORANGE,"SANTA ANA",-117.87458038330078,33.716121673583984
81883633,2022,2022-10-06,3008,2022-08-12,2042,1569,ZONE,5,5,6,3008,0,0,0,,0,,"EUCLID ST","MALVERN AVE",800.00,N,N,A,-,N,,,,,,,,,,Y,3,0,1,2,A,-,08,22107,,N,D,D,A,A,H,-,C,D,0,,,Y,,Y,,A,01,0,1,0,0,0,0,0,0,1,"- ","- ",,,ORANGE,FULLERTON,-117.94204711914062,33.877170562744141
81884562,2022,2022-10-07,3001,2022-10-05,2102,A2537,,3,5,7,3001,0,0,0,,0,D-2,"EUCLID STREET","CRESCENT AVENUE",544.00,N,N,A,-,N,,,,,,,,,,N,4,0,2,2,A,-,07,21658,A,N,B,C,A,A,H,-,C,D,0,,,Y,,Y,,A,01,0,0,2,0,0,0,0,0,1,"- ","- ",33.839981079101562,-117.94154357910156,ORANGE,ANAHEIM,-117.94159698486328,33.841293334960938
81884619,2022,2022-10-07,3010,2022-10-01,1334,1107,359,6,5,6,3010,0,0,0,,0,004,"PACIFIC COAST HWY - SR1","10TH ST (N)",40.00,W,N,A,-,Y,ORA,,1,,,30.361,H,,R,N,3,0,1,2,A,-,07,21658,A,N,C,C,A,A,H,-,A,D,0,,,Y,,Y,,A,07,0,1,0,0,0,0,0,0,1,"- ","- ",33.716480255126953,-118.06874847412109,ORANGE,"HUNTINGTON BEACH",-118.06869506835938,33.716526031494141
81886012,2022,2022-10-10,3002,2022-09-14,1644,1671,,3,5,4,3002,0,0,0,,0,011,"LAMBERT RD","PUENTE ST",100.00,W,N,A,-,N,,,,,,,,,,Y,3,0,1,2,A,-,08,22107,,N,B,C,A,A,H,-,A,A,0,,,Y,,Y,,A,07,0,1,0,0,0,0,0,0,1,"- ","- ",33.924640655517578,-117.91565704345703,ORANGE,BREA,-117.91596221923828,33.924625396728516
81886856,2022,2022-10-11,3001,2022-10-08,0016,A1047,,6,5,7,3001,0,0,0,,0,D-4,"GLASSELL STREET","FRONTERA STREET",0.00,,Y,A,-,N,,,,,,,,,,Y,3,0,1,2,A,-,09,21801,A,N,D,C,A,A,H,-,C,A,0,,,Y,,Y,,A,01,0,1,0,0,0,0,0,0,1,"- ","- ",,,ORANGE,ANAHEIM,-117.85449981689453,33.846298217773438
81886936,2022,2022-10-11,3008,2022-08-24,1737,1608,ZONE,3,5,6,3008,0,0,0,,0,,"STATE COLLEGE BLVD","CHAPMAN AVE",280.00,N,N,A,-,N,,,,,,,,,,Y,3,0,1,2,A,-,09,21801,A,N,D,D,A,A,H,-,A,D,0,,,Y,,Y,,A,01,0,1,0,0,0,0,0,0,1,"- ","- ",,,ORANGE,FULLERTON,-117.88961791992188,33.874977111816406
81890210,2022,2022-10-14,3024,2022-08-05,0952,537,P-15,5,5,5,3024,0,0,0,,0,WEST,"WESTMINSTER BOULEVARD","EDWARDS STREET",0.00,,Y,A,-,N,,,,,,,,,,N,2,0,3,3,A,-,12,21453,A,N,D,D,A,A,H,-,A,A,0,,,Y,,Y,,A,01,1,1,1,0,0,0,0,0,1,"- ","- ",33.759120941162109,-118.01569366455078,ORANGE,WESTMINSTER,-118.01589202880859,33.759037017822266
81890858,2022,2022-10-17,3001,2022-10-13,1522,A1906,D-2,4,5,7,3001,0,0,0,,0,D-2,"VALENCIA AVENUE","PHILADELPHIA STREET",0.00,,Y,A,-,N,,,,,,,,,,Y,3,0,1,2,A,-,12,22450,A,N,D,C,A,A,H,-,A,A,0,,,Y,,Y,,C,03,0,1,0,0,0,0,0,0,1,"- ","- ",33.825290679931641,-117.90814208984375,ORANGE,ANAHEIM,-117.90789031982422,33.825546264648438
81890906,2022,2022-10-17,3010,2022-10-02,1214,2137,348,7,5,6,3010,0,0,0,,0,004,"PACIFIC COAST HWY - SR1","SCLP 21ST ST",25.00,S,N,A,-,Y,,,,,,,,,,Y,4,0,1,2,A,-,11,21954,A,N,F,A,D,A,H,-,A,D,0,Y,,Y,,Y,,N,60,0,0,1,0,0,0,0,0,1,"- ","- ",,,ORANGE,"HUNTINGTON BEACH",-118.01564025878906,33.667083740234375
81891629,2022,2022-10-17,3014,2022-10-11,1908,1503,RD44,2,5,5,3014,0,0,0,,0,"A4  ","SR-1 (E. COAST HWY)","IRIS AVE",100.00,W,N,B,-,Y,,,,,,,,,,N,3,0,1,2,A,-,03,22350,,N,B,C,A,A,H,-,C,D,0,,,Y,,Y,,C,02,0,1,0,0,0,0,0,0,1,"- ","- ",33.599491119384766,-117.87220001220703,ORANGE,"NEWPORT BEACH",-117.87222290039062,33.599475860595703
81891720,2022,2022-10-17,3014,2022-10-12,0849,1520,RD41,3,5,5,3014,0,0,0,,0,"A3  ","SR-1 (E. COAST HWY)","BAYSIDE DR",600.00,W,N,C,-,Y,ORA,,1,,R,18.183,H,,R,Y,3,0,1,1,A,-,03,22350,,N,F,A,A,B,H,-,A,D,0,,,Y,,Y,,C,03,0,1,0,0,0,0,0,0,1,"- ","- ",33.616588592529297,-117.90278625488281,ORANGE,"NEWPORT BEACH",-117.90283203125,33.616474151611328
81894729,2022,2022-10-20,3001,2022-10-14,0702,A1404,D-1,5,5,7,3001,0,0,0,,0,D-1,"CRESCENT WAY","PENHALL WAY",70.00,S,N,B,C,N,,,,,,,,,,Y,4,0,1,2,A,-,09,21801,A,N,A,C,A,B,H,-,A,D,0,,,Y,,Y,,A,01,0,0,1,0,0,0,0,0,1,"- ","- ",33.835521697998047,-117.94734191894531,ORANGE,ANAHEIM,-117.94734954833984,33.835006713867188
81895723,2022,2022-10-21,3015,2022-10-16,1253,1240,RD45,7,5,6,3015,0,0,0,,0,723M,"MANZANITA ST","KATELLA AVE",17.00,N,N,B,-,N,,,,,,,,,,N,3,0,1,1,A,-,03,22350,,N,H,J,A,A,H,-,A,A,0,,,Y,,Y,,C,02,0,1,0,0,0,0,0,0,1,"- ","- ",33.809089660644531,-117.85845947265625,ORANGE,ORANGE,-117.85845947265625,33.809085845947266
81895731,2022,2022-10-21,3001,2022-10-11,2049,A1278,,2,5,7,3001,0,0,0,,0,D-2,"LA PALMA AVENUE","ANNA DRIVE (E)",70.00,E,N,B,C,N,,,,,,,,,,Y,3,0,1,1,A,-,08,22107,,N,F,A,A,A,H,-,C,D,0,,,Y,,Y,,C,03,0,1,0,0,0,0,0,0,1,"- ","- ",33.845829010009766,-117.89643859863281,ORANGE,ANAHEIM,-117.89762115478516,33.847270965576172
81896724,2022,2022-10-24,3019,2022-08-12,0404,3652,SE,5,5,7,3019,0,0,0,,0,003,"1ST STREET","ROUTE 5 SB ONRAMP",0.00,,Y,A,-,N,,,,,,,,,,Y,4,0,1,2,A,-,08,22100,A,N,B,C,A,A,C,D,C,D,0,,,Y,,Y,,K,45,0,0,1,0,0,0,0,0,1,"- ","- ",33.744438171386719,-117.84304046630859,ORANGE,"SANTA ANA",-117.84252166748047,33.745681762695312
81896805,2022,2022-10-24,3019,2022-09-20,1522,3155,SE,2,5,7,3019,0,0,0,,0,003,"EDINGER AVENUE","SHELTON STREET",14.00,W,N,A,-,N,,,,,,,,,,N,4,0,1,2,A,-,03,22350,,N,D,C,A,A,H,-,A,D,0,,,Y,,Y,,C,03,0,0,1,0,0,0,0,0,1,"- ","- ",33.727329254150391,-117.88095855712891,ORANGE,"SANTA ANA",-117.88130950927734,33.72711181640625
81896848,2022,2022-10-24,3019,2022-09-24,1220,3734,WE,6,5,7,3019,0,0,0,,0,001,"1ST STREET","NEWHOPE STREET",0.00,,Y,A,-,N,,,,,,,,,,Y,4,0,1,2,A,-,12,21453,A,N,D,C,A,A,H,-,A,A,0,,,Y,,Y,,C,06,0,0,1,0,0,0,0,0,0,"- ","- ",33.745098114013672,-117.92893218994141,ORANGE,"SANTA ANA",-117.92875671386719,33.745105743408203
81896938,2022,2022-10-24,3019,2022-10-11,0556,3295,NE,2,5,7,3019,0,0,0,,0,002,"MAIN STREET","CIVIC CENTER DRIVE",0.00,,Y,A,-,N,,,,,,,,,,N,4,0,1,2,A,-,12,21453,A,N,D,C,A,A,H,-,C,A,0,,,Y,,Y,,C,02,0,0,1,0,0,0,0,0,1,"- ","- ",33.750839233398438,-117.86776733398438,ORANGE,"SANTA ANA",-117.86760711669922,33.750629425048828
81896990,2022,2022-10-24,3008,2022-09-04,1205,1636,ZONE,7,5,6,3008,0,0,0,,0,,"HARBOR BLVD","AMERIGE AVE",30.00,N,N,A,-,N,,,,,,,,,,Y,3,0,1,2,A,-,03,22350,,N,C,C,A,A,H,-,A,A,0,,,Y,,Y,,C,02,0,1,0,0,0,0,0,0,1,"- ","- ",,,ORANGE,FULLERTON,-117.92438507080078,33.871463775634766
81897009,2022,2022-10-24,3019,2022-10-20,0801,2875,WE,4,5,7,3019,0,0,0,,0,001,"HAZARD AVENUE","NEWHOPE STREET",0.00,,Y,A,-,N,,,,,,,,,,N,4,0,1,2,A,-,05,21650,,N,D,C,A,A,H,-,A,A,0,,,Y,,Y,,C,03,0,0,1,0,0,0,0,0,1,"- ","- ",33.752460479736328,-117.92887115478516,ORANGE,"SANTA ANA",-117.9288330078125,33.752449035644531
81897229,2022,2022-10-24,3008,2022-09-09,2142,1590,ZONE,5,5,6,3008,0,0,0,,0,,"MALVERN AVE","SUNNY RIDGE DR",0.00,,Y,C,-,N,,,,,,,,,,Y,3,0,1,2,A,-,03,22350,,N,C,C,A,B,H,-,C,A,0,,,Y,,Y,Y,C,03,0,1,0,0,0,0,0,0,1,"- ","- ",,,ORANGE,FULLERTON,-117.96919250488281,33.878170013427734
81897423,2022,2022-10-24,3002,2022-09-28,0840,1695,,3,5,4,3002,0,0,0,,0,,"IMPERIAL HY","LAUREL AV (W)",0.00,W,Y,A,-,N,,,,,,,,,,Y,4,0,1,3,A,-,03,22350,,N,B,C,A,A,H,-,A,A,0,,,Y,,Y,,C,02,0,0,1,0,0,0,0,0,1,"- ","- ",33.914249420166016,-117.89437103271484,ORANGE,BREA,-117.89427185058594,33.914314270019531
81898208,2022,2022-10-25,3001,2022-10-21,1649,A2332,,5,5,7,3001,0,0,0,,0,D-1,"KNOTT AVENUE","DEL MONTE DRIVE",295.00,N,N,A,-,N,,,,,,,,,,Y,3,0,1,2,A,-,09,21804,A,N,D,C,A,A,H,-,A,D,0,,,Y,,Y,,A,07,0,1,0,0,0,0,0,0,1,"- ","- ",33.829719543457031,-118.01083374023438,ORANGE,ANAHEIM,-118.01094818115234,33.830459594726562
81899352,2022,2022-10-26,3001,2022-10-21,2319,A2332,D-1,5,5,7,3001,0,0,0,,0,D-1,"MAGNOLIA AVENUE","LA PALMA AVENUE",431.00,N,N,A,-,N,,,,,,,,,,N,3,0,1,2,A,-,09,21804,A,N,D,C,A,A,H,-,C,A,0,,,Y,,Y,Y,A,01,0,1,0,0,0,0,0,0,1,"- ","- ",33.846851348876953,-117.97612762451172,ORANGE,ANAHEIM,-117.97615051269531,33.848030090332031
81904612,2022,2022-10-31,3015,2022-10-01,1945,1717,RD32,6,5,6,3015,0,0,0,,0,346,"CHAPMAN AVE","PIXLEY ST",51.00,E,N,A,-,N,,,,,,,,,,N,4,0,1,2,A,-,08,22107,,N,D,G,A,A,H,-,C,A,0,,Y,Y,,Y,Y,L,04,0,0,1,0,0,0,1,0,0,"- ","- ",33.787788391113281,-117.85852813720703,ORANGE,ORANGE,-117.85841369628906,33.787879943847656
81904621,2022,2022-10-31,3015,2022-10-23,1111,1240,"RD 20",7,5,6,3015,0,0,0,,0,723M,"SANTIAGO CANYON RD","JAMBOREE RD (N)",1357.00,E,N,A,-,N,,,,,,,,,,Y,3,0,1,1,A,-,03,22350,,N,E,I,A,A,H,-,A,D,0,,,Y,,Y,,C,02,0,1,0,0,0,0,0,0,1,"- ","- ",33.795539855957031,-117.76087188720703,ORANGE,ORANGE,-117.75711822509766,33.790828704833984
81904636,2022,2022-10-31,3001,2022-10-26,1706,A2292,,3,5,7,3001,0,0,0,,0,,"ACACIA STREET","ROMNEYA DRIVE",100.00,S,N,A,-,N,,,,,,,,,,Y,3,0,1,2,A,-,09,21804,A,N,D,C,A,A,H,-,A,D,0,,,Y,,Y,,A,01,0,1,0,0,0,0,0,0,1,"- ","- ",33.851020812988281,-117.89788818359375,ORANGE,ANAHEIM,-117.89794921875,33.850616455078125
81904641,2022,2022-10-31,3001,2022-10-27,1211,A2766,D-1,4,5,7,3001,0,0,0,,0,,"BROOKHURST STREET","CRESCENT AVENUE",112.00,S,N,A,-,N,,,,,,,,,,Y,3,0,1,2,A,-,08,22100,A,N,C,C,A,A,H,-,A,A,0,,,Y,,Y,,A,07,0,1,0,0,0,0,0,0,1,"- ","- ",33.839550018310547,-117.95919036865234,ORANGE,ANAHEIM,-117.95904541015625,33.839511871337891
81904967,2022,2022-10-31,3008,2022-09-12,1909,1605,ZONE,1,5,6,3008,0,0,0,,0,,"STATE COLLEGE BLVD","VISTA DEL SOL",0.00,,Y,A,-,N,,,,,,,,,,N,3,0,1,2,A,-,09,21801,A,N,D,C,A,A,H,-,B,D,0,,,Y,,Y,,A,01,0,1,0,0,0,0,0,0,1,"- ","- ",,,ORANGE,FULLERTON,-117.89157867431641,33.892406463623047
81906259,2022,2022-11-01,3008,2022-08-29,0109,1378,ZONE,1,5,6,3008,0,0,0,,0,,"HARBOR BLVD","BREA BLVD (1)",1028.00,N,N,A,-,N,,,,,,,,,,Y,3,0,1,1,A,-,01,23152,A,N,E,I,A,A,H,-,C,D,0,,,Y,,Y,Y,C,02,0,1,0,0,0,0,0,0,1,"- ","- ",,,ORANGE,FULLERTON,-117.92481231689453,33.882888793945312
81908079,2022,2022-11-03,3001,2022-10-29,0214,A2788,D-2,6,5,7,3001,0,0,0,,0,,"MAGNOLIA AVENUE","GLENCREST AVENUE",150.00,S,N,A,-,N,,,,,,,,,,Y,4,0,1,2,A,-,03,22350,,F,C,C,A,A,H,-,C,A,0,,,Y,,Y,,D,22,0,0,1,0,0,0,0,0,1,"- ","- ",33.84027099609375,-117.9761962890625,ORANGE,ANAHEIM,-117.97608184814453,33.839870452880859
81908130,2022,2022-11-03,3019,2022-03-11,1745,3359,WE,5,5,7,3019,0,0,0,,0,001,"CIVIC CENTER DRIVE","BRISTOL STREET",0.00,,Y,A,-,N,,,,,,,,,,Y,4,0,1,2,A,-,09,21801,A,N,F,A,A,A,H,-,A,A,0,,,Y,,Y,,A,01,0,0,1,0,0,0,0,0,1,"- ","- ",33.751499176025391,-117.88535308837891,ORANGE,"SANTA ANA",-117.88510894775391,33.751502990722656
81910272,2022,2022-11-07,3001,2022-10-25,1825,A1278,,2,5,7,3001,0,0,0,,0,D-3,"CERRITOS AVENUE","EUCLID STREET",0.00,,Y,A,-,N,,,,,,,,,,Y,4,0,1,2,D,-,00,,,N,A,C,A,A,H,-,C,A,0,,,Y,,Y,,-,"- ",0,0,1,0,0,0,0,0,0,"- ","- ",33.810691833496094,-117.94129180908203,ORANGE,ANAHEIM,-117.94145965576172,33.809642791748047
81913239,2022,2022-11-09,3015,2022-10-28,1855,1539,45W,5,5,6,3015,0,0,0,,0,123,"KATELLA AVE","STRUCK AVE",151.00,W,N,A,-,N,,,,,,,,,,N,4,0,1,2,A,-,08,22107,,N,C,C,A,A,H,-,C,D,0,,,Y,,Y,,A,01,0,0,1,0,0,0,0,0,1,"- ","- ",33.806240081787109,-117.87088775634766,ORANGE,ORANGE,-117.87152099609375,33.806228637695312
81913572,2022,2022-11-09,3007,2022-11-05,1416,326,74,6,5,5,3007,0,0,0,,0,003,"BROOKHURST ST","NIAGARA RIVER AVE",0.00,,Y,A,-,N,,,,,,,,,,Y,2,0,1,2,A,-,09,21801,A,N,D,C,A,A,H,-,A,D,0,,,Y,,Y,,A,01,1,0,0,0,0,0,0,0,1,"- ","- ",,,ORANGE,"FOUNTAIN VALLEY",-117.95420074462891,33.689601898193359
81913958,2022,2022-11-09,3007,2022-11-02,1733,304,15,3,5,5,3007,0,0,0,,0,001,BROOKHURST,EDINGER,188.00,N,N,A,-,N,,,,,,,,,,N,4,0,1,2,A,-,17,21235,G,N,D,C,A,A,H,-,A,D,0,,,Y,,Y,,C,03,0,0,1,0,0,0,0,0,1,"- ","- ",,,ORANGE,"FOUNTAIN VALLEY",-117.95475006103516,33.730926513671875
81914099,2022,2022-11-09,3026,2022-11-03,0924,7094,,4,5,6,3026,0,0,0,,0,009,"BAKE PKWY.","MUIRLANDS BLVD.",223.00,N,N,A,-,N,,,,,,,,,,N,2,0,1,2,A,-,07,21658,A,F,B,C,A,A,H,-,A,D,0,,,Y,,Y,,A,07,1,0,0,0,0,0,0,0,1,"- ","- ",,,ORANGE,IRVINE,-117.71565246582031,33.640289306640625
81915519,2022,2022-11-11,3008,2022-09-30,1354,1606,ZONE,5,5,6,3008,0,0,0,,0,,"HARBOR BLVD","VALLEY VIEW DR (N)",150.00,S,N,A,-,N,,,,,,,,,,Y,3,0,1,2,A,-,07,21658,A,F,B,C,A,A,H,-,A,A,0,,,Y,,Y,,A,01,0,1,0,0,0,0,0,0,1,"- ","- ",,,ORANGE,FULLERTON,-117.92472839355469,33.882633209228516
81916618,2022,2022-11-14,3024,2022-10-07,1712,400,P-12,5,5,5,3024,0,0,0,,0,WEST,"BEACH BOULEVARD (SR 39)","WESTMINSTER BOULEVARD",215.00,N,N,A,-,Y,ORA,,39,,,7.631,H,,R,Y,3,0,1,3,A,-,08,22107,,N,C,C,A,A,H,-,A,A,0,,,Y,,Y,,A,01,0,1,0,0,0,0,0,0,1,"- ","- ",33.759250640869141,-117.98931884765625,ORANGE,WESTMINSTER,-117.98955535888672,33.759246826171875
81917659,2022,2022-11-15,3001,2022-11-12,2106,A1047,,6,5,7,3001,0,0,0,,0,D-2,"LINCOLN AVENUE","WILSHIRE AVENUE",0.00,,Y,A,-,N,,,,,,,,,,Y,4,0,1,3,A,-,01,23152,A,N,D,C,A,A,H,-,C,A,0,,,Y,,Y,Y,A,01,0,0,1,0,0,0,0,0,0,"- ","- ",33.831558227539062,-117.93006134033203,ORANGE,ANAHEIM,-117.93019866943359,33.83270263671875
81919908,2022,2022-11-17,3008,2022-08-30,0755,1585,ZONE,2,5,6,3008,0,0,0,,0,,"CHAPMAN AVE","POMONA AVE",5.00,E,N,A,-,N,,,,,,,,,,N,3,0,1,2,A,-,08,22107,,N,B,C,A,A,H,-,A,A,0,,,Y,,Y,,C,03,0,1,0,0,0,0,0,0,1,"- ","- ",,,ORANGE,FULLERTON,-117.92210388183594,33.87396240234375
81921995,2022,2022-11-21,3015,2022-10-28,2352,1662,,5,5,6,3015,0,0,0,,0,,"CHAPMAN AVE","CANYON VIEW AVE",0.00,,Y,A,-,N,,,,,,,,,,Y,4,0,2,2,A,-,01,23152,A,N,D,C,A,A,H,-,C,A,0,,,Y,,Y,Y,C,02,0,0,2,0,0,0,0,0,1,"- ","- ",33.788070678710938,-117.79051971435547,ORANGE,ORANGE,-117.79056549072266,33.787998199462891
81922061,2022,2022-11-21,3019,2022-11-11,1824,3829,WE,5,5,7,3019,0,0,0,,0,001,"1ST STREET","SULLIVAN STREET",435.00,E,N,A,-,N,,,,,,,,,,Y,4,0,1,2,A,-,09,21801,A,N,D,C,A,A,H,-,C,D,0,,,Y,,Y,,A,01,0,0,1,0,0,0,0,0,1,"- ","- ",33.745288848876953,-117.90255737304688,ORANGE,"SANTA ANA",-117.90113067626953,33.74530029296875
81922418,2022,2022-11-21,3010,2022-11-17,1401,1015,292,4,5,6,3010,0,0,0,,0,005,"TALBERT AVE","JOYFUL LN",86.00,E,N,A,-,N,,,,,,,,,,Y,3,0,1,2,A,-,06,21755,A,N,D,C,A,A,H,-,A,D,0,,,Y,,Y,,C,02,0,1,0,0,0,0,0,0,1,"- ","- ",33.700050354003906,-117.99118041992188,ORANGE,"HUNTINGTON BEACH",-117.99055480957031,33.701190948486328
81922986,2022,2022-11-21,3014,2022-11-16,1318,1483,RD44,3,5,5,3014,0,0,0,,0,"A4  ","SR-1 (ECH)","IRIS AVE",0.00,,Y,A,-,Y,,,,,,,,,,Y,4,0,1,2,A,-,09,21801,,N,D,C,A,A,H,-,A,A,0,,,Y,,Y,,A,01,0,0,1,0,0,0,0,0,1,"- ","- ",33.598701477050781,-117.87188720703125,ORANGE,"NEWPORT BEACH",-117.87213897705078,33.599212646484375
81922989,2022,2022-11-21,3014,2022-10-04,1332,1572,RD34,2,5,5,3014,0,0,0,,0,"A3  ","BRISTOL ST N","CAMPUS DR",0.00,,Y,A,-,N,,,,,,,,,,Y,3,0,1,2,A,-,07,21658,A,N,B,C,A,A,H,-,A,A,0,,,Y,,Y,,C,02,0,1,0,0,0,0,0,0,1,"- ","- ",33.662769317626953,-117.87454223632812,ORANGE,"NEWPORT BEACH",-117.87457275390625,33.662815093994141
81923809,2022,2022-11-22,3022,2022-11-01,1352,1154,,2,5,5,3022,0,0,0,,0,,"EL CAMINO REAL","MYFORD RD",216.00,E,N,A,-,N,,,,,,,,,,N,3,0,1,2,D,-,00,,,N,D,C,A,A,H,-,A,D,0,,,Y,,Y,,-,"- ",0,1,0,0,0,0,0,0,1,"- ","- ",,,ORANGE,TUSTIN,-117.79535675048828,33.726062774658203
81925354,2022,2022-11-23,3007,2022-11-20,0502,331,48,7,5,5,3007,0,0,0,,0,002,SLATER,NEWHOPE,0.00,,Y,A,-,N,,,,,,,,,,N,3,0,1,2,A,-,08,22107,,F,H,A,A,A,H,-,C,D,0,,,Y,,Y,,A,01,0,1,0,0,0,0,0,0,1,"- ","- ",,,ORANGE,"FOUNTAIN VALLEY",-117.92835235595703,33.709175109863281
81926737,2022,2022-11-28,3010,2022-11-24,0955,1015,273,4,5,6,3010,0,0,0,,0,006,"WARNER AVE","BEACH BL - SR39",47.00,W,N,A,-,Y,ORA,,39,,,4.547,H,,L,Y,4,0,1,2,A,-,03,22350,,N,C,C,A,A,H,-,A,D,0,,,Y,,Y,,C,02,0,0,1,0,0,0,0,0,1,"- ","- ",33.714511871337891,-117.98928070068359,ORANGE,"HUNTINGTON BEACH",-117.98922729492188,33.714511871337891
81928353,2022,2022-11-29,3001,2022-11-22,1800,A2312,D-2,2,5,7,3001,0,0,0,,0,D-2,"STATE COLLEGE BOULEVARD",BROADWAY,240.00,S,N,A,-,N,,,,,,,,,,N,4,0,1,2,A,-,09,21453,C,N,B,C,A,A,H,-,A,A,0,,,Y,,Y,,C,02,0,0,1,0,0,0,0,0,1,"- ","- ",33.837211608886719,-117.88896942138672,ORANGE,ANAHEIM,-117.88932800292969,33.838050842285156
81933291,2022,2022-12-05,3019,2022-11-29,0809,3692,WE,2,5,7,3019,0,0,0,,0,001,"EUCLID STREET","BARBETTE AVENUE",120.00,N,N,A,-,N,,,,,,,,,,N,4,0,2,2,A,-,03,22350,,N,D,C,A,A,H,-,A,D,0,,,Y,,Y,,C,03,0,0,2,0,0,0,0,0,2,"- ","- ",33.741161346435547,-117.93762969970703,ORANGE,"SANTA ANA",-117.93743133544922,33.741367340087891
81934418,2022,2022-12-05,3014,2022-11-30,1404,1501,RD25,3,5,5,3014,0,0,0,,0,"A2  ","SR-1 (W. COAST HWY)","OLD NEWPORT BLVD",421.00,E,N,B,-,Y,,,,,,,,,,N,3,0,1,2,A,-,09,21801,A,N,D,C,A,A,H,-,A,D,0,,,Y,,Y,Y,A,01,0,1,0,0,0,0,0,0,1,"- ","- ",,,ORANGE,"NEWPORT BEACH",-117.92755126953125,33.621360778808594
81935868,2022,2022-12-07,3008,2022-08-23,1237,1233,ZONE,2,5,6,3008,0,0,0,,0,,"HIGHLAND AVE","KNEPP AVE",0.00,,Y,A,-,N,,,,,,,,,,Y,4,0,1,2,A,-,09,21802,A,N,D,C,A,A,H,-,A,A,0,,,Y,,Y,,A,07,0,0,1,0,0,0,0,0,1,"- ","- ",,,ORANGE,FULLERTON,-117.92870330810547,33.862571716308594
81936824,2022,2022-12-08,3015,2022-12-06,1431,1563,"RD 32",2,5,6,3015,0,0,0,,0,731M,"BATAVIA ST","WALNUT AVE",345.00,N,N,A,-,N,,,,,,,,,,N,3,0,1,1,A,-,03,22350,,N,E,J,A,A,H,-,A,D,0,,,Y,,Y,,C,02,0,1,0,0,0,0,0,0,1,"- ","- ",33.794670104980469,-117.86168670654297,ORANGE,ORANGE,-117.86183166503906,33.796073913574219
81936829,2022,2022-12-08,3001,2022-10-18,2136,A1962,,2,5,7,3001,0,0,0,,0,D-2,"EAST STREET","SR 91 E/B OFF RAMP",158.00,S,N,A,-,Y,,,,,,,,,,Y,4,0,1,2,A,-,08,22100,A,N,C,C,A,A,H,-,C,A,0,,,Y,,Y,,A,01,0,0,1,0,0,0,0,0,1,"- ","- ",,,ORANGE,ANAHEIM,-117.90671539306641,33.853328704833984
81936882,2022,2022-12-08,3010,2022-12-02,1551,2217,472,5,5,6,3010,0,0,0,,0,002,"PACIFIC COAST HWY - SR1","BEACH BL - SR39",8.00,S,N,A,-,Y,ORA,,1,,,23.750,H,,R,Y,3,0,1,2,A,-,07,21658,A,F,F,A,A,A,H,-,A,D,0,,,Y,,Y,,-,99,0,1,0,0,0,0,0,0,1,"- ","- ",33.648689270019531,-117.98845672607422,ORANGE,"HUNTINGTON BEACH",-117.98838806152344,33.648765563964844
81938875,2022,2022-12-12,3019,2022-09-25,2034,3702,WE,7,5,7,3019,0,0,0,,0,001,"WESTMINSTER AVENUE","WEST STREET",173.00,E,N,A,-,N,,,,,,,,,,Y,3,0,1,2,A,-,07,21658,A,N,B,C,A,A,H,-,C,D,0,,,Y,,Y,,C,02,0,1,0,0,0,0,0,0,1,"- ","- ",33.759689331054688,-117.92366790771484,ORANGE,"SANTA ANA",-117.92323303222656,33.759830474853516
81939335,2022,2022-12-12,3008,2022-06-02,2001,1479,ZONE,4,5,6,3008,0,0,0,,0,,"ROLLING HILLS DR","MERLIN AVE",0.00,,Y,A,-,N,,,,,,,,,,Y,2,0,1,2,A,-,01,23152,F,N,D,C,A,A,H,-,B,A,0,,,Y,,Y,,C,02,1,0,0,0,0,0,0,0,1,"- ","- ",,,ORANGE,FULLERTON,-117.89308166503906,33.903377532958984
81940528,2022,2022-12-13,3019,2022-12-09,1857,3730,WE,5,5,7,3019,0,0,0,,0,001,"BRISTOL STREET","SANTA CLARA AVENUE",280.00,S,N,A,-,N,,,,,,,,,,Y,4,0,1,2,A,-,03,22350,,F,C,C,A,A,H,-,C,D,0,,,Y,,Y,,A,01,0,0,1,0,0,0,0,0,1,"- ","- ",33.766258239746094,-117.88461303710938,ORANGE,"SANTA ANA",-117.88493347167969,33.766033172607422
81941537,2022,2022-12-14,3001,2022-12-09,2207,A1047,,5,5,7,3001,0,0,0,,0,D-1,"LINCOLN AVENUE","MULLER STREET",0.00,,Y,A,-,N,,,,,,,,,,Y,2,0,1,2,D,-,00,,,N,D,C,A,A,H,-,C,A,0,,,Y,,Y,,-,"- ",1,0,0,0,0,0,0,0,1,"- ","- ",,,ORANGE,ANAHEIM,-117.95016479492188,33.83245849609375
81943936,2022,2022-12-16,3001,2022-12-09,1407,A2312,D-3,5,5,7,3001,0,0,0,,0,D-3,"EUCLID STREET","ALOMAR AVENUE",43.00,S,N,A,-,N,,,,,,,,,,Y,3,0,2,2,A,-,03,22350,,N,C,C,A,A,H,-,A,A,0,,,Y,,Y,,C,06,0,2,0,0,0,0,0,0,1,"- ","- ",33.824031829833984,-117.94171142578125,ORANGE,ANAHEIM,-117.94145965576172,33.823711395263672
81943950,2022,2022-12-16,3001,2022-12-14,2016,A2461,D-1,3,5,7,3001,0,0,0,,0,D-1,"BALL ROAD","FREMONT STREET",0.00,,Y,A,-,N,,,,,,,,,,N,4,0,1,2,A,-,09,21801,A,N,D,C,A,A,H,-,C,D,0,,,Y,,Y,,A,07,0,0,1,0,0,0,0,0,1,"- ","- ",,,ORANGE,ANAHEIM,-118.01583099365234,33.817211151123047
81943951,2022,2022-12-16,3001,2022-12-14,2126,A2461,D-1,3,5,7,3001,0,0,0,,0,D-1,"CRESCENT AVENUE","MORAGA STREET",125.00,W,N,A,-,N,,,,,,,,,,Y,4,0,4,2,A,-,01,23152,F,N,C,C,A,A,H,-,C,D,0,,,Y,,Y,,C,06,0,0,4,0,0,0,0,0,3,"- ","- ",,,ORANGE,ANAHEIM,-117.96537017822266,33.839763641357422
81944885,2022,2022-12-19,3007,2022-11-22,1706,302,45,2,5,5,3007,0,0,0,,0,001,WARD,"AVENIDA CINCO DE MAYO",0.00,,Y,A,-,N,,,,,,,,,,N,3,0,1,2,A,-,09,21804,A,N,H,A,A,A,H,-,D,D,0,,,Y,,Y,,A,07,0,1,0,0,0,0,0,0,1,"- ","- ",,,ORANGE,"FOUNTAIN VALLEY",-117.94575500488281,33.712669372558594
81944897,2022,2022-12-19,3022,2022-11-08,0030,1391,,2,5,5,3022,0,0,0,,0,,"NEWPORT AV","1ST ST",0.00,,Y,A,-,N,,,,,,,,,,Y,2,0,2,1,A,-,01,23152,A,N,E,I,A,B,H,-,C,A,0,,,Y,,Y,Y,C,02,2,0,0,0,0,0,0,0,2,"- ","- ",33.745601654052734,-117.81472778320312,ORANGE,TUSTIN,-117.81478118896484,33.745464324951172
81945385,2022,2022-12-19,3002,2022-11-28,1515,1671,,1,5,4,3002,0,0,0,,0,014,"IMPERIAL HY","STATE COLLEGE BL",0.00,,Y,A,-,Y,ORA,,90,,,5.191,H,,L,Y,3,0,1,2,A,-,12,21453,A,N,C,C,A,A,H,-,A,A,0,,,Y,,Y,,A,07,0,1,0,0,0,0,0,0,1,"- ","- ",33.911869049072266,-117.88790130615234,ORANGE,BREA,-117.88787078857422,33.91192626953125
81946409,2022,2022-12-20,3007,2022-12-06,1615,301,24,2,5,5,3007,0,0,0,,0,001,EDINGER,BROOKHURST,645.00,W,N,A,-,N,,,,,,,,,,N,4,0,1,2,A,-,09,21804,A,N,D,-,A,A,H,-,A,D,0,,,Y,,Y,,A,01,0,0,1,0,0,0,0,0,1,"- ","- ",,,ORANGE,"FOUNTAIN VALLEY",-117.95685577392578,33.730411529541016
81946427,2022,2022-12-20,3022,2022-11-25,1317,1404,,5,5,5,3022,0,0,0,,0,,"EDINGER AV","NEWPORT AV",0.00,E,Y,A,-,N,,,,,,,,,,Y,4,0,1,2,A,-,07,21658,A,N,B,C,A,A,H,-,A,A,0,,,Y,,Y,,A,07,0,0,1,0,0,0,0,0,1,"- ","- ",33.725849151611328,-117.83332061767578,ORANGE,TUSTIN,-117.83339691162109,33.725662231445312
81946559,2022,2022-12-20,3008,2022-09-14,1402,1284,ZONE,3,5,6,3008,0,0,0,,0,,"COMMONWEALTH AVE","PRITCHARD AVE",0.00,,Y,A,-,N,,,,,,,,,,N,3,0,1,2,A,-,03,22350,,N,B,C,A,A,H,-,A,A,0,,,Y,,Y,,C,02,0,1,0,0,0,0,0,0,1,"- ","- ",,,ORANGE,FULLERTON,-117.97360992431641,33.870033264160156
81947665,2022,2022-12-21,3001,2022-12-20,0612,A2788,D-3,2,5,7,3001,0,0,0,,0,032,"KATELLA AVENUE","WALNUT STREET",206.00,E,N,A,-,N,,,,,,,,,,Y,4,0,1,2,A,-,17,21235,G,N,D,C,A,A,H,-,C,D,0,,,Y,,Y,,C,03,0,0,1,0,0,0,0,0,1,"- ","- ",33.802261352539062,-117.92881011962891,ORANGE,ANAHEIM,-117.92770385742188,33.803234100341797
81947755,2022,2022-12-21,3008,2022-11-02,1549,1484,ZONE,3,5,6,3008,0,0,0,,0,,"STATE COLLEGE BLVD","MELODY LN",0.00,,Y,A,-,N,,,,,,,,,,Y,3,0,1,2,A,-,09,21801,A,N,D,C,A,A,H,-,A,A,0,,,Y,,Y,,A,01,0,1,0,0,0,0,0,0,1,"- ","- ",,,ORANGE,FULLERTON,-117.8897705078125,33.882568359375
81950802,2022,2022-12-23,3001,2022-12-10,1854,A1047,,6,5,7,3001,0,0,0,,0,D-4,"LAKEVIEW AVENUE","WB 91 OFF RAMP",70.00,S,N,A,-,Y,,,,,,,,,,Y,3,0,1,2,A,-,07,21658,A,N,B,C,A,A,H,-,C,A,0,,,Y,,Y,,C,02,0,1,0,0,0,0,0,0,0,"- ","- ",,,ORANGE,ANAHEIM,,
81950866,2022,2022-12-23,3010,2022-12-19,1729,3013,292,1,5,6,3010,0,0,0,,0,005,"BEACH BL - SR39","TALBERT AVE",660.00,S,N,A,-,Y,ORA,,39,,,3.546,H,,L,Y,3,0,1,2,D,-,00,,,N,C,C,A,A,H,-,C,D,0,,,Y,,Y,,-,"- ",0,1,0,0,0,0,0,0,1,"- ","- ",33.700038909912109,-117.9893798828125,ORANGE,"HUNTINGTON BEACH",-117.98925018310547,33.700038909912109
81951792,2021,2022-12-26,3015,2021-11-15,0111,1419,,1,5,6,3015,0,0,0,,0,722M,"ALMOND AVE","CAMBRIDGE ST",150.00,E,N,A,-,N,,,,,,,,,,N,1,1,0,1,A,-,01,21221,5,N,H,A,A,A,H,-,A,D,0,,,Y,,Y,Y,C,03,0,0,0,0,0,0,0,1,0,"- ","- ",33.785968780517578,-117.84441375732422,ORANGE,ORANGE,-117.84394073486328,33.786014556884766
81951846,2022,2022-12-26,3010,2022-12-05,1548,1208,173,1,5,6,3010,0,0,0,,0,008,"WARNER AVE","PACIFIC COAST HWY - SR1",833.00,E,N,A,-,N,,,,,,,,,,N,3,0,1,1,C,-,18,,,N,F,A,A,A,H,-,A,D,0,,,Y,,Y,,-,"- ",0,1,0,0,0,0,0,0,1,"- ","- ",33.711490631103516,-118.06317901611328,ORANGE,"HUNTINGTON BEACH",-118.06307983398438,33.711719512939453
81952141,2022,2022-12-26,3008,2022-11-10,1655,1317,ZONE,4,5,6,3008,0,0,0,,0,,"PLACENTIA AVE","FENDER AVE",15.00,S,N,A,-,N,,,,,,,,,,N,3,0,1,1,A,-,08,22107,,N,E,I,A,A,H,-,C,D,0,,,Y,,Y,,C,02,0,1,0,0,0,0,0,0,1,"- ","- ",,,ORANGE,FULLERTON,-117.88067626953125,33.868122100830078
81953748,2022,2022-12-28,3015,2022-12-17,1135,1545,RD76,6,5,6,3015,0,0,0,,0,721M,"CHAPMAN AVE","1ST ST",84.00,E,N,A,-,N,,,,,,,,,,N,3,0,1,1,A,-,03,22350,,N,E,J,A,A,H,-,A,D,0,,,Y,,Y,,C,02,0,1,0,0,0,0,0,0,1,"- ","- ",33.787769317626953,-117.82054901123047,ORANGE,ORANGE,-117.82034301757812,33.787799835205078
81953800,2022,2022-12-28,3010,2022-12-22,1721,2090,,4,5,6,3010,0,0,0,,0,,"PACIFIC COAST HWY - SR1","WARNER AVE",2108.00,S,N,A,-,Y,ORA,,1,,,29.893,H,,R,Y,2,0,1,2,A,-,09,21801,A,N,D,C,A,A,H,-,D,D,0,,,Y,,Y,,A,07,1,0,0,0,0,0,0,0,1,"- ","- ",33.711490631103516,-118.06317901611328,ORANGE,"HUNTINGTON BEACH",-118.06299591064453,33.711635589599609
81954280,2022,2022-12-28,3026,2022-12-19,1710,12434,,1,5,6,3026,0,0,0,,0,004,"JEFFREY RD","WALNUT AVE.",60.00,S,N,A,-,N,,,,,,,,,,Y,3,0,1,3,D,-,00,,,N,B,C,A,A,H,-,C,A,0,,,Y,,Y,,-,"- ",0,1,0,0,0,0,0,0,1,"- ","- ",,,ORANGE,IRVINE,-117.76998138427734,33.688457489013672
81954879,2022,2022-12-29,3001,2022-12-04,1504,A2423,D-3,7,5,7,3001,0,0,0,,0,D-3,"ORANGEWOOD AVENUE","HARBOR BOULEVARD",191.00,E,N,B,-,N,,,,,,,,,,N,2,0,1,2,A,-,07,21658,A,F,C,C,A,A,H,-,A,D,0,,,Y,,Y,,A,01,1,0,0,0,0,0,0,0,1,"- ","- ",33.795860290527344,-117.91525268554688,ORANGE,ANAHEIM,-117.91456604003906,33.79608154296875
81954924,2022,2022-12-29,3010,2022-12-25,1633,2055,452,7,5,6,3010,0,0,0,,0,002,"HUNTINGTON ST","ATLANTA AVE",0.00,,Y,A,-,N,,,,,,,,,,N,3,0,1,1,A,-,03,22350,,N,F,A,A,A,H,-,A,A,0,,,Y,,Y,,C,02,0,1,0,0,0,0,0,0,1,"- ","- ",33.657798767089844,-117.99492645263672,ORANGE,"HUNTINGTON BEACH",-117.99495697021484,33.657642364501953
81955111,2022,2022-12-29,3024,2022-10-20,1808,509,,4,5,5,3024,0,0,0,,0,,"BEACH BOULEVARD","BOLSA AVENUE",0.00,,Y,A,-,N,,,,,,,,,,N,4,0,1,1,C,-,18,,,N,H,A,A,A,H,-,A,A,0,,,Y,,Y,,-,"- ",0,0,1,0,0,0,0,0,1,"- ","- ",33.744010925292969,-117.99240112304688,ORANGE,WESTMINSTER,-117.98938751220703,33.744709014892578
81956026,2022,2022-12-30,3001,2022-12-23,1827,A2332,D-3,5,5,7,3001,0,0,0,,0,D-3,"VERMONT AVENUE","PHILADELPHIA STREET (E)",0.00,,Y,A,-,N,,,,,,,,,,Y,3,0,1,2,A,-,09,21801,A,N,A,C,A,A,H,-,C,D,0,,,Y,,Y,,A,01,0,1,0,0,0,0,0,0,1,"- ","- ",33.8226318359375,-117.90660858154297,ORANGE,ANAHEIM,-117.90729522705078,33.823738098144531
81957013,2022,2023-01-02,3024,2022-11-02,1242,461,P-30,3,5,5,3024,0,0,0,,0,WEST,"GOLDEN WEST CIRCLE","BOLSA AVENUE",5.00,N,N,A,-,N,,,,,,,,,,N,3,0,1,2,A,-,03,22350,,N,D,E,A,A,H,-,A,D,0,,,Y,,Y,,C,02,0,1,0,0,0,0,0,0,1,"- ","- ",33.744110107421875,-118.00337982177734,ORANGE,WESTMINSTER,-118.00222778320312,33.744609832763672
81957243,2022,2023-01-02,3019,2022-12-09,1306,3615,SE,5,5,7,3019,0,0,0,,0,003,"PULLMAN STREET","WARNER AVENUE",370.00,S,N,A,-,N,,,,,,,,,,N,4,0,1,2,A,-,09,21801,A,N,F,C,A,A,H,-,A,D,0,,,Y,,Y,,D,22,0,0,1,0,0,0,0,0,1,"- ","- ",33.713081359863281,-117.84272766113281,ORANGE,"SANTA ANA",-117.84296417236328,33.71356201171875
81957282,2022,2023-01-02,3019,2022-12-15,1729,3609,SE,4,5,7,3019,0,0,0,,0,003,"1ST STREET","OAK STREET",15.00,E,N,A,-,N,,,,,,,,,,N,4,0,1,2,A,-,09,21801,A,N,D,C,A,A,H,-,C,D,0,,,Y,,Y,,A,01,0,0,1,0,0,0,0,0,1,"- ","- ",33.74530029296875,-117.86199188232422,ORANGE,"SANTA ANA",-117.86219787597656,33.745441436767578
81957329,2022,2023-01-02,3019,2022-12-22,1919,3813,NE,4,5,7,3019,0,0,0,,0,002,"TUSTIN AVENUE","17TH STREET",630.00,N,N,A,-,N,,,,,,,,,,Y,3,0,1,2,A,-,09,21801,A,N,D,C,A,A,H,-,C,A,0,,,Y,,Y,,A,01,0,1,0,0,0,0,0,0,1,"- ","- ",33.759658813476562,-117.83425903320312,ORANGE,"SANTA ANA",-117.83416748046875,33.7584228515625
81957703,2022,2023-01-02,3014,2022-11-26,2259,1602,RD31,6,5,5,3014,0,0,0,,0,"A2  ","IRVINE AVE","HEATHER LN",0.00,,Y,A,-,N,,,,,,,,,,Y,3,0,1,1,A,-,01,23152,A,N,F,A,A,A,H,-,C,D,0,,,Y,,Y,Y,C,02,0,1,0,0,0,0,0,0,1,"- ","- ",33.646991729736328,-117.89299774169922,ORANGE,"NEWPORT BEACH",-117.89305877685547,33.646411895751953
81957713,2022,2024-01-09,3014,2022-12-11,1344,1555,RD16,7,5,5,3014,0,0,0,,0,"A1  ","SR-1 (W COAST HWY)","61ST ST",1053.00,E,N,B,-,Y,ORA,,1,,,20.735,H,,R,Y,2,0,1,2,A,-,03,22350,,N,B,C,A,B,H,-,A,D,0,,,Y,,Y,,C,02,1,0,0,0,0,0,0,0,1,"- ","- ",33.625099182128906,-117.94458770751953,ORANGE,"NEWPORT BEACH",-117.944580078125,33.625156402587891
81957714,2022,2023-01-02,3014,2022-12-20,1707,1520,RD17,2,5,5,3014,0,0,0,,0,"A2  ","SR-1 (W. COAST HWY)","61ST ST",0.00,,Y,A,-,Y,ORA,,1,,,20.981,H,,R,Y,2,0,1,2,A,-,09,21804,A,N,D,C,A,A,H,-,C,D,0,,,Y,,Y,,A,01,1,0,0,0,0,0,0,0,1,"- ","- ",33.625991821289062,-117.94840240478516,ORANGE,"NEWPORT BEACH",-117.94839477539062,33.625995635986328
81957992,2022,2023-01-03,3001,2022-12-25,1044,A2750,D-3,7,5,7,3001,0,0,0,,0,033,"ANAHEIM BOULEVARD","BALL ROAD",520.00,S,N,A,-,N,,,,,,,,,,Y,4,0,1,2,A,-,09,21804,A,N,B,C,A,A,H,-,A,A,0,,,Y,,Y,,A,01,0,0,1,0,0,0,0,0,1,"- ","- ",33.818340301513672,-117.90798187255859,ORANGE,ANAHEIM,-117.90757751464844,33.816703796386719
81959166,2022,2023-01-04,3015,2022-09-06,2024,1679,RD32,2,5,6,3015,0,0,0,,0,111,"CHAPMAN AVE","LESTER DR",0.00,,Y,A,-,N,,,,,,,,,,N,3,0,1,2,A,-,03,22350,,F,G,B,B,A,H,-,C,A,0,Y,,Y,,Y,,C,02,0,1,0,0,1,0,0,0,0,"- ","- ",33.787868499755859,-117.86467742919922,ORANGE,ORANGE,-117.86473083496094,33.787879943847656
81959167,2022,2023-01-04,3015,2022-11-24,1440,1622,"RD 47",4,5,6,3015,0,0,0,,0,222,"GLASSELL ST","RIVERBEND PKWY",0.00,,Y,A,-,N,,,,,,,,,,N,2,0,1,2,A,-,01,23152,A,N,D,C,A,A,H,-,A,A,0,,,Y,,Y,Y,C,02,1,0,0,0,0,0,0,0,1,"- ","- ",33.840419769287109,-117.85236358642578,ORANGE,ORANGE,-117.85231018066406,33.840431213378906
81960404,2023,2023-01-05,3001,2023-01-02,1238,A1218,D-3,1,5,7,3001,0,0,0,,0,D-3,"ANAHEIM BOULEVARD","DISNEY WAY",0.00,,Y,B,-,Y,,,,,,,,,,Y,4,0,1,2,A,-,17,21461,A,N,D,C,A,A,H,-,A,A,0,,,Y,,Y,,A,01,0,0,1,0,0,0,0,0,1,"- ","- ",33.805950164794922,-117.90647888183594,ORANGE,ANAHEIM,-117.90648651123047,33.805873870849609
81962239,2022,2023-01-09,3001,2022-12-22,1512,A2812,D-2,4,5,7,3001,0,0,0,,0,D-2,"COMMERCIAL STREET","ANAHEIM BOULEVARD",680.00,E,N,A,-,N,,,,,,,,,,N,2,0,1,2,A,-,03,22350,,N,B,C,A,A,H,-,A,D,0,,,Y,,Y,Y,C,02,1,0,0,0,0,0,0,0,1,"- ","- ",33.851539611816406,-117.91932678222656,ORANGE,ANAHEIM,-117.91764068603516,33.852649688720703
81962978,2022,2023-01-09,3008,2022-10-03,1350,1484,,1,5,6,3008,0,0,0,,0,,"COMMONWEALTH AVE","DRAKE AVE",279.00,W,N,A,-,N,,,,,,,,,,Y,3,0,1,1,A,-,03,22350,,N,H,A,A,A,H,-,A,D,0,,,Y,,Y,,C,02,0,1,0,0,0,0,0,0,1,"- ","- ",,,ORANGE,FULLERTON,-117.93621063232422,33.870273590087891
81965118,2023,2023-01-11,3001,2023-01-07,"11  ",A1047,,6,5,7,3001,0,0,0,,0,D-2,"EAST STREET","CYPRESS STREET",5.00,S,N,A,-,N,,,,,,,,,,Y,2,0,1,3,A,-,09,21801,A,N,A,C,A,A,H,-,C,D,0,,,Y,,Y,Y,A,01,1,0,0,0,0,0,0,0,1,"- ","- ",,,ORANGE,ANAHEIM,-117.90334320068359,33.840255737304688
81966383,2022,2023-01-12,3024,2022-10-28,1459,468,P-11,5,5,5,3024,0,0,0,,0,WEST,"WYOMING STREET","LOCUST STREET",0.00,,Y,A,-,N,,,,,,,,,,N,3,0,2,2,A,-,09,21802,A,N,D,C,A,A,H,-,A,D,0,,,Y,,Y,,A,01,0,1,1,0,0,0,0,0,1,"- ","- ",33.760948181152344,-118.00521850585938,ORANGE,WESTMINSTER,-118.0052490234375,33.760944366455078
81967325,2022,2023-01-13,3015,2022-11-04,2306,1675,,5,5,6,3015,0,0,0,,0,121,"TUSTIN ST","MEATS AVE",0.00,E,Y,A,-,N,,,,,,,,,,Y,4,0,1,1,A,-,08,22107,,N,H,A,A,A,H,-,C,A,0,,,Y,,Y,,-,"- ",0,0,1,0,0,0,0,0,1,"- ","- ",33.823051452636719,-117.83599090576172,ORANGE,ORANGE,-117.83602905273438,33.822910308837891
81968590,2021,2023-01-16,3015,2021-09-21,2215,1507,,2,5,6,3015,0,0,0,,0,721M,"STATE COLLEGE BLVD","FRONTAGE ROAD",0.00,,Y,A,-,N,,,,,,,,,,Y,1,1,0,2,A,-,12,21453,A,N,D,C,A,A,H,-,C,A,0,,,Y,,Y,Y,C,02,0,0,0,0,0,0,0,1,0,"- ","- ",,,ORANGE,ORANGE,,
81968673,2022,2023-01-16,3024,2022-12-02,2115,476,P-38,5,5,5,3024,0,0,0,,0,EAST,"MCFADDEN AVENUE","EDEN STREET",0.00,,Y,C,-,N,,,,,,,,,,N,3,0,1,1,A,-,03,22350,,N,F,A,A,B,H,-,C,D,0,,,Y,,Y,,C,02,0,1,0,0,0,0,0,0,1,"- ","- ",33.737510681152344,-117.976318359375,ORANGE,WESTMINSTER,-117.97650146484375,33.737525939941406
81969251,2023,2023-01-17,3010,2023-01-07,2213,2092,126,6,5,6,3010,0,0,0,,0,009,"BOLSA CHICA ST","SKYLAB WEST",418.00,N,N,A,-,N,,,,,,,,,,Y,3,0,1,1,A,-,07,21658,A,N,E,I,A,A,H,-,C,D,0,,,Y,,Y,,C,02,0,1,0,0,0,0,0,0,1,"- ","- ",33.748279571533203,-118.04145812988281,ORANGE,"HUNTINGTON BEACH",-118.04173278808594,33.749465942382812
81970310,2023,2023-01-18,3001,2023-01-13,1524,A2654,D-2,5,5,7,3001,0,0,0,,0,D-2,"ORANGETHORPE AVENUE","RAYMOND AVE",1056.00,W,N,A,-,N,,,,,,,,,,Y,3,0,1,1,A,-,08,22107,,N,E,I,A,A,H,-,A,D,0,,,Y,,Y,,C,02,0,1,0,0,0,0,0,0,1,"- ","- ",,,ORANGE,ANAHEIM,-117.91024017333984,33.859550476074219
81971334,2023,2023-01-19,3015,2023-01-16,1629,1545,RD36,1,5,6,3015,0,0,0,,0,721M,"HANDY ST","KATELLA AVE",0.00,,Y,B,-,N,,,,,,,,,,N,4,0,1,1,A,-,03,22350,,N,E,J,A,A,H,-,A,A,0,,,Y,,Y,,C,02,0,0,1,0,0,0,0,0,1,"- ","- ",33.809429168701172,-117.82663726806641,ORANGE,ORANGE,-117.82704162597656,33.810283660888672
81973999,2023,2023-01-23,3010,2023-01-17,"953 ",2218,273,2,5,6,3010,0,0,0,,0,006,"PACIFIC COAST HWY - SR1","ANDERSON ST (E)",68.00,S,N,A,-,Y,ORA,,1," "," ",31.103,H,,R,Y,3,0,1,1,A,-,03,22350,,N,F,A,A,A,H,-,A,A,0,,,Y,,Y,,C,02,0,1,0,0,0,0,0,0,1,"- ","- ",33.724601745605469,-118.07766723632812,ORANGE,"HUNTINGTON BEACH",-118.07771301269531,33.724525451660156
81976389,2023,2023-01-25,3001,2023-01-19,1808,A1047,,4,5,7,3001,0,0,0,,0,D-4,"ORANGETHORPE AVENUE","CYMBAL STREET",0.00,,Y,B,C,N,,,,,,,,,,Y,1,1,1,2,A,-,03,22350,,N,D,C,A,B,H,-,C,A,0,,,Y,,Y,,C,02,0,1,0,0,0,0,0,1,0,"- ","- ",33.865058898925781,-117.80686187744141,ORANGE,ANAHEIM,-117.80706787109375,33.865200042724609
81982510,2023,2023-01-31,3001,2023-01-24,1520,A2292,D-1,2,5,7,3001,0,0,0,,0,D-1,"BALL ROAD","EUCLID STREET",204.00,W,N,A,-,N,,,,,,,,,,N,4,0,1,2,A,-,17,21235,G,N,D,C,A,B,H,-,A,D,0,,,Y,,Y,,C,03,0,0,1,0,0,0,0,0,1,"- ","- ",33.818061828613281,-117.94114685058594,ORANGE,ANAHEIM,-117.94219970703125,33.81787109375
81982643,2022,2023-01-31,3008,2022-11-30,1416,1274,ZONE,3,5,6,3008,0,0,0,,0,,"STATE COLLEGE BLVD","YORBA LINDA BLVD",0.00,,Y,A,-,N,,,,,,,,,,Y,3,0,1,2,D,-,00,,,N,A,C,A,A,H,-,A,A,0,,,Y,Y,Y,,-,"- ",0,1,0,0,0,0,0,0,1,"- ","- ",,,ORANGE,FULLERTON,-117.89009857177734,33.887935638427734
81983696,2023,2023-02-01,3010,2023-01-26,1334,2216,273,4,5,6,3010,0,0,0,,0,006,"BEACH BL - SR39","SPEER AVE",115.00,N,N,A,-,Y,ORA,,39," "," ",3.998,H,,R,N,4,0,1,1,A,-,03,22350,,N,F,A,A,A,G,-,A,D,0,,,Y,,Y,,C,02,0,0,1,0,0,0,0,0,1,"- ","- ",33.706611633300781,-117.98908996582031,ORANGE,"HUNTINGTON BEACH",-117.98912811279297,33.706611633300781
81984338,2023,2023-02-01,3014,2023-01-26,1517,1435,RD22,4,5,5,3014,0,0,0,,0,"A2  ","OLD NEWPORT BLVD","HOSPITAL RD",520.00,N,N,A,-,N,,,,,,,,,,N,3,0,1,2,A,-,09,21801,,N,D,C,A,A,H,-,A,D,0,,,Y,,Y,,A,07,0,1,0,0,0,0,0,0,1,"- ","- ",33.626998901367188,-117.92632293701172,ORANGE,"NEWPORT BEACH",-117.92636108398438,33.626853942871094
81986690,2022,2023-02-06,3008,2022-12-16,1606,1636,ZONE,5,5,6,3008,0,0,0,,0,,"ORANGETHORPE AVE","BROOKHURST RD",412.00,W,N,A,-,N,,,,,,,,,,Y,3,0,1,2,A,-,09,21804,A,N,C,C,A,A,H,-,A,A,0,,,Y,,Y,,A,01,0,1,0,0,0,0,0,0,1,"- ","- ",,,ORANGE,FULLERTON,-117.96066284179688,33.859199523925781
81987991,2023,2023-02-06,3026,2023-02-04,2115,635,,6,5,6,3026,0,0,0,,0,004,WALNUT,JAMBOREE,0.00,,Y,A,-,N,,,,,,,,,,N,2,0,1,2,A,-,12,21453,A,N,D,C,A,A,H,-,C,A,0,,,Y,,Y,,C,03,1,0,0,0,0,0,0,0,1,"- ","- ",,,ORANGE,IRVINE,-117.80094146728516,33.711921691894531
81988195,2023,2023-02-07,3002,2023-01-22,1211,1714,,7,5,4,3002,0,0,0,,0,012,"IMPERIAL HY","SHOPPING CENTER WY",0.00,,Y,A,-,Y,ORA,,90," "," ",6.356,H,,L,N,4,0,1,2,A,-,12,21453,A,N,D,C,A,A,H,-,A,A,0,,,Y,,Y,,A,01,0,0,1,0,0,0,0,0,1,"- ","- ",33.911098480224609,-117.86760711669922,ORANGE,BREA,-117.86760711669922,33.911094665527344
81988595,2023,2023-02-07,3014,2023-01-27,2047,1418,RD41,5,5,5,3014,0,0,0,,0,"A3  ","SR1 (E COAST HWY)","BAYSIDE DR",5.00,W,N,A,-,Y,ORA,,1," ",R,18.081,H,,R,N,4,0,1,2,A,-,03,22350,,N,B,C,A,A,H,-,C,A,0,,,Y,,Y,,D,22,0,0,1,0,0,0,0,0,1,"- ","- ",33.616100311279297,-117.90109252929688,ORANGE,"NEWPORT BEACH",-117.90108489990234,33.616355895996094
81991416,2023,2023-02-10,3024,2023-01-05,"907 ",480,P-21,4,5,5,3024,0,0,0,,0,EAST,"WESTMINSTER BOULEVARD","MAGNOLIA STREET",463.00,E,N,C,-,N,,,,,,,,,,N,4,0,1,3,A,-,09,21801,A,N,B,C,A,B,F,-,A,D,0,,,Y,,Y,,A,07,0,0,1,0,0,0,0,0,0,"- ","- ",33.759391784667969,-117.97209167480469,ORANGE,WESTMINSTER,-117.97090148925781,33.759429931640625
81991424,2023,2023-02-10,3024,2023-01-08,2110,476,P-32,7,5,5,3024,0,0,0,,0,EAST,"BEACH BOULEVARD (SR 39)","BOLSA AVENUE",0.00,,Y,A,-,Y,ORA,,39," "," ",6.638,H,,R,N,3,0,1,2,A,-,09,21800,,N,D,C,A,A,H,-,E,B,0,,,Y,,Y,,C,02,0,1,0,0,0,0,0,0,1,"- ","- ",33.744670867919922,-117.98948669433594,ORANGE,WESTMINSTER,-117.98939514160156,33.744670867919922
81992624,2022,2023-02-13,3008,2022-11-17,1413,1484,ZONE,4,5,6,3008,0,0,0,,0,,"STATE COLLEGE BLVD","DOROTHY LN",0.00,,Y,A,-,N,,,,,,,,,,Y,3,0,1,2,A,-,09,21801,A,N,D,C,A,A,H,-,A,A,0,,,Y,,Y,,A,01,0,1,0,0,0,0,0,0,1,"- ","- ",,,ORANGE,FULLERTON,-117.88974761962891,33.881462097167969
81993654,2023,2023-02-14,3010,2023-02-09,1339,1015,432,4,5,6,3010,0,0,0,,0,005,"YORKTOWN AVE","HUNTINGTON ST",392.00,W,N,A,-,N,,,,,,,,,,Y,3,0,1,1,A,-,08,22107,,N,E,I,A,A,H,-,A,D,0,,,Y,,Y,,C,03,0,1,0,0,0,0,0,0,1,"- ","- ",33.679031372070312,-117.9952392578125,ORANGE,"HUNTINGTON BEACH",-117.99629211425781,33.678504943847656
81993698,2022,2023-02-14,3008,2022-12-23,1720,1484,ZONE,5,5,6,3008,0,0,0,,0,,"ASSOCIATED RD","IMPERIAL HWY",151.00,S,N,A,-,N,,,,,,,,,,N,4,0,1,2,A,-,09,21804,A,N,D,C,A,A,H,-,C,D,0,,,Y,,Y,,A,01,0,0,1,0,0,0,0,0,1,"- ","- ",,,ORANGE,FULLERTON,-117.88011932373047,33.910308837890625
81995679,2023,2023-02-16,3001,2023-02-14,"823 ",A1555,D-1,2,5,7,3001,0,0,0,,0,D-1,"BALL ROAD","MAGNOLIA AVENUE",534.00,W,N,B,-,N,,,,,,,,,,Y,3,0,1,2,A,-,03,22350,,M,C,C,A,A,H,-,A,D,0,,,Y,,Y,,C,02,0,1,0,0,0,0,0,0,1,"- ","- ",33.817218780517578,-117.97599792480469,ORANGE,ANAHEIM,-117.97760009765625,33.817584991455078
81997303,2022,2023-03-13,3007,2022-12-16,1948,314,35,5,5,5,3007,0,0,0,,0,001,WARNER,"SAN RICARDO",0.00,,Y,A,-,N,,,,,,,,,,Y,2,0,1,2,A,-,03,22349,A,N,D,C,A,A,H,-,C,D,0,,,Y,,Y,,C,02,1,0,0,0,0,0,0,0,1,"- ","- ",,,ORANGE,"FOUNTAIN VALLEY",-117.94417572021484,33.716403961181641
81998129,2022,2023-02-20,3008,2022-12-20,1723,1378,ZONE,2,5,6,3008,0,0,0,,0,,"HARBOR BLVD","UNION AVE",0.00,,Y,A,-,N,,,,,,,,,,Y,3,0,1,2,A,-,00,22017,,N,D,D,A,A,H,-,C,A,0,,,Y,,Y,,C,06,0,1,0,0,0,0,0,0,1,"- ","- ",,,ORANGE,FULLERTON,-117.92433166503906,33.877414703369141
81998132,2023,2023-06-05,3008,2023-01-02,2221,1378,"ZONE ",1,5,6,3008,0,0,0,,0,,"HARBOR BLVD","CHAPMAN AVE",0.00,,Y,B,-,N,,,,,,,,,,Y,4,0,1,2,A,-,01,23152,A,F,D,C,A,B,H,-,C,A,0,,,Y,,Y,Y,C,06,0,0,1,0,0,0,0,0,0,"- ","- ",,,ORANGE,FULLERTON,-117.92433929443359,33.873931884765625
81999500,2023,2023-02-22,3010,2023-02-19,1749,1118,451,7,5,6,3010,0,0,0,,0,004,"ATLANTA AVE","1ST ST",315.00,E,N,A,-,N,,,,,,,,,,Y,3,0,1,1,A,-,08,22107,,N,E,I,A,A,H,-,C,D,0,,,Y,,Y,,C,02,0,1,0,0,0,0,0,0,1,"- ","- ",33.658050537109375,-117.99723815917969,ORANGE,"HUNTINGTON BEACH",-117.99623107910156,33.657619476318359
81999502,2023,2023-02-22,3010,2023-02-20,1337,1225,463,1,5,6,3010,0,0,0,,0,002,"ATLANTA AVE","BEACH BL - SR39 (W)",240.00,E,N,A,-,N,,,,,,,,,,Y,4,0,1,2,A,-,09,21801,A,N,D,C,A,A,H,-,A,D,0,,,Y,,Y,,A,07,0,0,1,0,0,0,0,0,1,"- ","- ",33.656448364257812,-117.98966979980469,ORANGE,"HUNTINGTON BEACH",-117.98744964599609,33.657638549804688
82000636,2023,2023-02-23,3019,2023-01-07,1653,3749,SE,6,5,7,3019,0,0,0,,0,003,"LYON STREET","EDINGER AVENUE",292.00,S,N,A,-,N,,,,,,,,,,Y,3,0,1,2,A,-,09,21801,A,N,D,C,A,A,H,-,B,D,0,,,Y,,Y,,D,22,0,1,0,0,0,0,0,0,1,"- ","- ",33.726631164550781,-117.844970703125,ORANGE,"SANTA ANA",-117.84516906738281,33.725868225097656
82000733,2023,2023-02-23,3019,2023-01-29,1700,3838,WE,7,5,7,3019,0,0,0,,0,001,"HARBOR BOULEVARD","WARNER AVENUE",384.00,S,N,-,-,N,,,,,,,,,,N,3,0,1,2,A,-,09,21804,A,N,E,I,A,A,H,-,B,A,0,,,Y,,Y,,A,01,0,1,0,0,0,0,0,0,1,"- ","- ",33.714031219482422,-117.91996002197266,ORANGE,"SANTA ANA",-117.91979217529297,33.712738037109375
82000747,2023,2023-02-23,3019,2023-01-31,"806 ",3449,SC,2,5,7,3019,0,0,0,,0,004,"FAIRVIEW STREET","HARVARD STREET",0.00,,Y,A,-,N,,,,,,,,,,N,3,0,1,2,A,-,03,22350,,N,C,C,A,A,H,-,A,A,0,,,Y,,Y,,C,02,0,1,0,0,0,0,0,0,1,"- ","- ",33.720241546630859,-117.90865325927734,ORANGE,"SANTA ANA",-117.90851593017578,33.720237731933594
82000871,2023,2023-02-23,3019,2023-02-15,1424,3615,WE,3,5,7,3019,0,0,0,,0,001,"BRISTOL STREET","CIVIC CENTER DRIVE",27.00,N,N,A,-,N,,,,,,,,,,N,3,0,1,3,A,-,06,21755,,N,B,C,A,A,H,-,A,D,0,,,Y,,Y,,C,02,0,1,0,0,0,0,0,0,1,"- ","- ",33.750919342041016,-117.88510894775391,ORANGE,"SANTA ANA",-117.88510894775391,33.751575469970703
82001825,2023,2023-02-24,3022,2023-02-01,1632,1296,SOUTH,3,5,5,3022,0,0,0,,0,,"FRANKLIN AV","CHAMBERS RD",0.00,,Y,A,-,N,,,,,,,,,,Y,4,0,1,2,A,-,09,21801,A,N,D,C,A,A,H,-,A,D,0,,,Y,,Y,,A,01,0,0,1,0,0,0,0,0,1,"- ","- ",33.717311859130859,-117.80697631835938,ORANGE,TUSTIN,-117.80699920654297,33.717212677001953
82001827,2023,2023-02-24,3001,2023-02-17,1215,A2312,D-4,5,5,7,3001,0,0,0,,0,D-4,"KELLOGG DRIVE","E/B IMPERIAL OFF RAMP",0.00,,Y,A,-,Y,,,,,,,,,,Y,1,1,0,2,A,-,09,21802,A,N,D,C,A,A,H,-,A,A,0,,,Y,,Y,,A,01,0,0,0,0,0,0,0,1,0,"- ","- ",,,ORANGE,ANAHEIM,-117.80315399169922,33.873641967773438
82002720,2023,2023-02-27,3022,2023-02-02,1538,1308,,4,5,5,3022,0,0,0,,0,,"RED HILL AV","BRYAN AV",40.00,S,N,A,-,N,,,,,,,,,,N,3,0,1,2,A,-,03,22350,,N,C,C,A,A,H,-,A,A,0,,,Y,,Y,,C,02,0,1,0,0,0,0,0,0,1,"- ","- ",33.739208221435547,-117.80979156494141,ORANGE,TUSTIN,-117.80997467041016,33.73907470703125
82002721,2023,2023-02-27,3022,2023-02-07,1241,1308,,2,5,5,3022,0,0,0,,0,,"NEWPORT AV","WALNUT AV",604.00,S,N,A,-,N,,,,,,,,,,N,3,0,1,2,D,-,00,,,N,D,C,A,A,H,-,A,D,0,,,Y,,Y,,-,"- ",0,1,0,0,0,0,0,0,1,"- ","- ",33.732700347900391,-117.82756042480469,ORANGE,TUSTIN,-117.82891845703125,33.731338500976562
82002774,2022,2023-02-27,3016,2022-12-23,2106,1262,21,5,5,5,3016,0,0,0,,0,002,"ORANGETHORPE AVENUE","MELROSE STREET",750.00,E,N,A,-,N,,,,,,,,,,N,3,0,1,1,A,-,03,22350,,N,E,I,A,A,H,-,C,D,0,,,Y,,Y,,C,02,0,1,0,0,0,0,0,0,1,"- ","- ",33.861911773681641,-117.87480163574219,ORANGE,PLACENTIA,-117.87248992919922,33.862518310546875
82009997,2023,2023-03-06,3016,2023-01-20,1849,1285,4,5,5,5,3016,0,0,0,,0,001,"BASTANCHURY ROAD","WOODEN DRIVE",15.00,W,N,A,-,N,,,,,,,,,,Y,3,0,1,2,A,-,03,22350,,N,E,J,A,A,H,-,C,D,0,,,Y,,Y,,C,02,0,1,0,0,0,0,0,0,1,"- ","- ",33.896358489990234,-117.87059783935547,ORANGE,PLACENTIA,-117.87062072753906,33.896331787109375
82015235,2023,2023-03-13,3010,2023-03-06,1855,1015,273,1,5,6,3010,0,0,0,,0,006,"BEACH BL - SR39","SPEER AVE",184.00,N,N,B,-,Y,ORA,,39," "," ",3.998,H,,R,Y,4,0,1,2,A,-,09,21804,A,N,C,C,A,A,H,-,C,D,0,,,Y,,Y,,A,01,0,0,1,0,0,0,0,0,1,"- ","- ",33.706611633300781,-117.98908996582031,ORANGE,"HUNTINGTON BEACH",-117.98912811279297,33.706611633300781
82015242,2023,2023-03-15,3010,2023-03-08,1355,4094,292,3,5,6,3010,0,0,0,,0,005,"TALBERT AVE","BEACH BL - SR39",467.00,E,N,A,-,N,,,,,,,,,,Y,4,0,1,2,A,-,04,21703,,N,C,C,A,A,C,-,A,A,0,,,Y,,Y,,C,02,0,0,1,0,0,0,0,0,1,"- ","- ",33.700038909912109,-117.9893798828125,ORANGE,"HUNTINGTON BEACH",-117.98751068115234,33.701160430908203
82016782,2023,2023-03-15,3001,2023-01-26,1819,A2467,D-2,4,5,7,3001,0,0,0,,0,,"HARBOR BOULEVARD","LA PALMA AVENUE",0.00,,Y,A,-,N,,,,,,,,,,N,4,0,1,2,A,-,03,22350,,N,D,C,A,A,H,-,C,A,0,,,Y,,Y,,C,03,0,0,1,0,0,0,0,0,1,"- ","- ",33.84722900390625,-117.92378234863281,ORANGE,ANAHEIM,-117.92385101318359,33.847209930419922
82018071,2023,2023-03-15,3015,2023-03-09,1713,1704,RD16,4,5,6,3015,0,0,0,,0,331,"TUSTIN ST","MAYFAIR AVE",0.00,,Y,A,-,N,,,,,,,,,,N,3,0,1,2,A,-,12,21453,A,N,D,C,A,A,H,-,B,A,0,,,Y,,Y,,C,02,0,1,0,0,0,0,0,0,1,"- ","- ",,,ORANGE,ORANGE,-117.83565521240234,33.799041748046875
82018987,2023,2023-03-16,3026,2023-02-17,2500,614,,5,5,6,3026,0,0,0,,0,003,"CULVER DRIVE","VISTA DEL CAMPO",792.00,S,N,A,-,N,,,,,,,,,,N,3,0,1,1,D,-,00,,,F,G,C,A,A,H,-,C,D,0,,,Y,,Y,,-,"- ",0,1,0,0,0,0,0,0,1,"- ","- ",,,ORANGE,IRVINE,-117.82268524169922,33.640415191650391
82019176,2023,2023-03-16,3002,2023-02-16,1333,1684,,4,5,4,3002,0,0,0,,0,014,"RT 57 SB OFFRAMP","LAMBERT RD",0.00,,Y,A,-,Y,,,,,,,,,,Y,4,0,1,2,A,-,03,22350,,N,C,C,A,A,D,-,A,A,0,,,Y,,Y,,-,31,0,0,1,0,0,0,0,0,1,"- ","- ",,,ORANGE,BREA,,
82020408,2023,2023-03-17,3019,2023-02-19,1307,3718,NE,7,5,7,3019,0,0,0,,0,002,"FLOWER STREET","6TH STREET",0.00,,Y,A,-,N,,,,,,,,,,Y,4,0,1,2,A,-,09,21801,A,N,A,C,A,A,H,-,A,A,0,,,Y,,Y,,A,07,0,0,1,0,0,0,0,0,1,"- ","- ",33.749721527099609,-117.876220703125,ORANGE,"SANTA ANA",-117.87651062011719,33.749702453613281
82020430,2023,2023-03-17,3019,2023-02-22,1836,3482,SC,3,5,7,3019,0,0,0,,0,004,"HARBOR BOULEVARD","WARNER AVENUE",0.00,,Y,A,-,N,,,,,,,,,,Y,2,0,1,2,D,-,00,,,N,A,C,A,A,H,-,C,D,0,,,Y,,Y,,-,"- ",1,0,0,0,0,0,0,0,1,"- ","- ",33.713741302490234,-117.92044830322266,ORANGE,"SANTA ANA",-117.91981506347656,33.713794708251953
82020594,2023,2023-03-17,3019,2023-03-11,2316,3767,WE,6,5,7,3019,0,0,0,,0,002,"1ST STREET","ANDRES PLACE",409.00,W,N,-,-,N,,,,,,,,,,Y,2,0,1,2,A,-,09,21804,A,N,D,C,A,A,H,-,C,D,0,,,Y,,Y,,D,23,1,0,0,0,0,0,0,0,1,"- ","- ",33.745128631591797,-117.93132781982422,ORANGE,"SANTA ANA",-117.93254852294922,33.745079040527344
82020598,2023,2023-03-17,3019,2023-03-13,"200 ",3729,WE,1,5,7,3019,0,0,0,,0,001,"17TH STREET","BRISTOL MARKET PLACE",10.00,E,N,A,-,N,,,,,,,,,,Y,3,0,2,1,A,-,03,22350,,M,E,I,A,A,H,-,C,A,0,,,Y,,Y,,C,02,0,1,1,0,0,0,0,0,2,"- ","- ",33.761379241943359,-117.88478088378906,ORANGE,"SANTA ANA",-117.88839721679688,33.759956359863281
82022836,2023,2023-03-20,3014,2023-03-17,"808 ",1374,RD34,5,5,5,3014,0,0,0,,0,"A3  ","CAMPUS DR","DOVE ST",220.00,S,N,A,-,N,,,,,,,,,,Y,3,0,1,2,A,-,03,22350,,N,C,C,A,A,H,-,A,D,0,,,Y,,Y,,A,07,0,1,0,0,0,0,0,0,1,"- ","- ",33.667018890380859,-117.87026214599609,ORANGE,"NEWPORT BEACH",-117.87042999267578,33.667125701904297
82024007,2023,2023-03-21,3014,2023-03-17,1343,1572,RD12,5,5,5,3014,0,0,0,,0,"A1  ","W. OCEANFRONT","ISLAND AVE",30.00,W,N,A,-,N,,,,,,,,,,N,2,0,1,1,A,-,03,22350,,N,H,A,A,A,H,-,A,A,0,,,Y,,Y,,C,03,1,0,0,0,0,0,0,0,1,"- ","- ",33.603401184082031,-117.90676116943359,ORANGE,"NEWPORT BEACH",-117.906494140625,33.603347778320312
82026451,2023,2023-03-23,3001,2023-03-20,1509,A2187,D-2,1,5,7,3001,0,0,0,,0,,"ORANGETHORPE AVENUE","LEMON STREET",377.00,E,N,B,-,N,,,,,,,,,,Y,3,0,1,2,A,-,09,21804,A,N,A,C,A,A,H,-,A,D,0,,,Y,,Y,,A,01,0,1,0,0,0,0,0,0,1,"- ","- ",,,ORANGE,ANAHEIM,-117.91863250732422,33.859508514404297
82026502,2023,2023-03-23,3019,2023-03-12,1848,3700,WE,7,5,7,3019,0,0,0,,0,001,"MARTHA LANE","MERIDAY LANE (W)",260.00,W,N,B,-,N,,,,,,,,,,N,3,0,1,3,A,-,03,22350,,N,A,E,A,A,H,-,B,D,0,,,Y,,Y,,C,06,0,1,0,0,0,0,0,0,1,"- ","- ",33.756328582763672,-117.89566802978516,ORANGE,"SANTA ANA",-117.89664459228516,33.756568908691406
82027527,2023,2023-03-24,3001,2023-03-22,1910,A2461,D-1,3,5,7,3001,0,0,0,,0,D-1,"BROOKHURST STREET","BALL ROAD",158.00,N,N,B,-,N,,,,,,,,,,N,4,0,1,2,A,-,07,21658,A,N,B,C,A,B,H,-,B,D,0,,,Y,,Y,,A,01,0,0,1,0,0,0,0,0,1,"- ","- ",33.817649841308594,-117.95894622802734,ORANGE,ANAHEIM,-117.95893859863281,33.818202972412109
82028414,2023,2023-03-27,3019,2023-03-16,1430,3849,NE,4,5,7,3019,0,0,0,,0,002,"1ST STREET","GRAND AVENUE",370.00,W,N,A,-,N,,,,,,,,,,Y,4,0,1,2,A,-,09,21801,A,N,D,C,A,A,H,-,A,D,0,,,Y,,Y,,A,01,0,0,1,0,0,0,0,0,1,"- ","- ",33.744438171386719,-117.85198974609375,ORANGE,"SANTA ANA",-117.85305023193359,33.745510101318359
82030170,2023,2023-03-29,3008,2023-01-30,1143,1582,"ZONE ",1,5,6,3008,0,0,0,,0,,"ACACIA AVE","DAWNS WAY",273.00,S,N,B,-,N,,,,,,,,,,Y,3,0,1,2,A,-,09,21804,A,N,D,C,A,A,H,-,A,A,0,,,Y,,Y,,A,01,0,1,0,0,0,0,0,0,1,"- ","- ",,,ORANGE,FULLERTON,-117.89802551269531,33.856483459472656
82031227,2023,2023-03-29,3010,2023-03-26,1645,1118,171,7,5,6,3010,0,0,0,,0,008,"PACIFIC COAST HWY - SR1","WARNER AVE",113.00,N,N,A,-,N,,,,,,,,,,N,4,0,1,2,A,-,03,22350,,N,C,C,A,A,H,-,A,D,0,,,Y,,Y,,C,02,0,0,1,0,0,0,0,0,1,"- ","- ",33.711490631103516,-118.06317901611328,ORANGE,"HUNTINGTON BEACH",-118.06310272216797,33.711559295654297
82032162,2023,2023-03-30,3015,2023-03-28,1650,1712,RD38,2,5,6,3015,0,0,0,,0,722M,"SANTIAGO CANYON RD","RT 261",0.00,,Y,A,-,Y,ORA,,261," "," ",6.026,H,,L,Y,3,0,1,2,A,-,08,22107,,N,B,C,A,A,H,-,A,D,0,,,Y,,Y,,A,01,0,1,0,0,0,0,0,0,1,"- ","- ",33.782241821289062,-117.74954986572266,ORANGE,ORANGE,-117.74967193603516,33.782375335693359
82032174,2023,2023-03-30,3001,2023-03-27,1616,A1962,D-3,1,5,7,3001,0,0,0,,0,D-3,"CERRITOS AVENUE","HARRIS COURT",0.00,,Y,A,-,N,,,,,,,,,,Y,4,0,1,2,A,-,09,21801,A,N,D,C,A,A,H,-,A,D,0,,,Y,,Y,,A,01,0,0,1,0,0,0,0,0,1,"- ","- ",33.8095703125,-117.88214111328125,ORANGE,ANAHEIM,-117.88185882568359,33.811199188232422
82032223,2023,2023-03-30,3010,2023-03-28,"814 ",3042,179,2,5,6,3010,0,0,0,,0,007,"GOLDENWEST ST","WARNER AVE",450.00,S,N,A,-,N,,,,,,,,,,Y,3,0,1,2,A,-,06,21755,A,N,D,C,A,A,H,-,A,D,0,,,Y,Y,Y,,C,02,0,1,0,0,0,0,0,0,1,"- ","- ",33.715568542480469,-118.00672149658203,ORANGE,"HUNTINGTON BEACH",-118.00666046142578,33.714256286621094
82032230,2023,2023-03-31,3008,2023-01-06,1650,1636,"ZONE ",5,5,6,3008,0,0,0,,0,,"HARBOR BLVD","BERKELEY AVE",50.00,N,N,A,-,N,,,,,,,,,,Y,3,0,1,4,A,-,01,23152,A,M,D,C,A,A,H,-,B,A,0,,,Y,,Y,Y,C,02,0,1,0,0,0,0,0,0,1,"- ","- ",,,ORANGE,FULLERTON,-117.92435455322266,33.879287719726562
82034183,2023,2023-04-03,3001,2023-03-07,"511 ",A1007,,2,5,7,3001,0,0,0,,0,D-4,"TUSTIN AVENUE","JEFFERSON STREET",0.00,S,Y,A,-,N,,,,,,,,,,Y,2,0,1,2,A,-,09,21802,A,N,A,C,A,A,H,-,C,A,0,,,Y,,Y,,A,01,1,0,0,0,0,0,0,0,1,"- ","- ",33.855911254882812,-117.83699035644531,ORANGE,ANAHEIM,-117.83769226074219,33.858009338378906
82034798,2023,2023-04-03,3015,2023-03-26,1629,1598,56,7,5,6,3015,0,0,0,,0,231,"HAMILTON AVE","HANDY ST",80.00,E,N,A,-,N,,,,,,,,,,N,2,0,1,1,A,-,03,22350,,N,E,I,A,A,H,-,A,D,0,,,Y,,Y,,C,02,1,0,0,0,0,0,0,0,1,"- ","- ",,,ORANGE,ORANGE,-117.82670593261719,33.79681396484375
82040065,2023,2023-04-10,3008,2023-02-11,1857,1159,"ZONE ",6,5,6,3008,0,0,0,,0,,"EUCLID ST","VALENCIA DR",87.00,N,N,A,-,N,,,,,,,,,,Y,3,0,1,2,A,-,01,23152,A,N,C,C,A,A,H,-,C,A,0,,,Y,,Y,Y,A,01,0,1,0,0,0,0,0,0,0,"- ","- ",,,ORANGE,FULLERTON,-117.94194030761719,33.866828918457031
82041253,2023,2023-04-10,3014,2023-02-15,1900,1570,RD29,3,5,5,3014,0,0,0,,0,"A2  ","DOVER DR","KENT LN",140.00,S,N,A,-,N,,,,,,,,,,N,2,0,1,1,A,-,03,22350,,N,H,A,A,A,H,-,B,D,0,,,Y,,Y,,C,03,1,0,0,0,0,0,0,0,1,"- ","- ",33.628700256347656,-117.90160369873047,ORANGE,"NEWPORT BEACH",-117.90169525146484,33.628681182861328
82041580,2023,2023-04-11,3010,2023-04-07,"912 ",3172,,5,5,6,3010,0,0,0,,0,,"GOLDENWEST ST","EDINGER AVE",1.00,N,N,A,-,N,,,,,,,,,,Y,3,0,1,1,A,-,03,22350,,N,F,A,A,A,H,-,A,A,0,,,Y,,Y,,C,02,0,1,0,0,0,0,0,0,1,"- ","- ",33.730068206787109,-118.00662231445312,ORANGE,"HUNTINGTON BEACH",-118.00676727294922,33.7301025390625
82042532,2023,2023-04-12,3001,2023-04-09,1915,A2467,D-2,7,5,7,3001,0,0,0,,0,,"ORANGETHORPE AVENUE","STATE COLLEGE BOULEVARD",517.00,E,N,A,-,N,,,,,,,,,,Y,2,0,1,1,A,-,08,22107,,N,E,I,A,A,D,-,C,D,0,,,Y,,Y,,C,02,1,0,0,0,0,0,0,0,1,"- ","- ",33.859699249267578,-117.88913726806641,ORANGE,ANAHEIM,-117.88771057128906,33.859649658203125
82042583,2022,2023-04-12,3019,2022-10-26,1501,3439,SC,3,5,7,3019,0,0,0,,0,004,"BRISTOL STREET","SAINT GERTRUDE PLACE (N)",0.00,,Y,A,-,N,,,,,,,,,,Y,1,1,1,2,A,-,03,22350,,N,A,C,A,A,H,-,A,A,0,,,Y,,Y,Y,C,02,0,0,1,0,0,0,0,1,0,"- ","- ",33.718799591064453,-117.88590240478516,ORANGE,"SANTA ANA",-117.88527679443359,33.719020843505859
82042639,2023,2023-04-12,3019,2023-03-17,1700,3615,WE,5,5,7,3019,0,0,0,,0,001,"LA VETA AVENUE","ROUTE 22 WB OFF (W)",31.00,S,N,A,-,N,,,,,,,,,,Y,3,0,1,2,A,-,03,22350,,N,C,C,A,A,H,-,A,A,0,,,Y,,Y,,C,02,0,1,0,0,0,0,0,0,1,"- ","- ",33.780078887939453,-117.88150787353516,ORANGE,"SANTA ANA",,
82042680,2023,2023-04-12,3019,2023-03-28,1509,3615,NE,2,5,7,3019,0,0,0,,0,002,"GRAND AVENUE","21ST STREET",0.00,,Y,A,-,N,,,,,,,,,,Y,3,0,1,2,A,-,09,21801,A,N,D,C,A,A,H,-,A,A,0,,,Y,,Y,,A,01,0,1,0,0,0,0,0,0,1,"- ","- ",33.762519836425781,-117.85150909423828,ORANGE,"SANTA ANA",-117.85173034667969,33.763507843017578
82046165,2023,2023-04-18,3008,2023-01-18,1227,1158,,3,5,6,3008,0,0,0,,0,,"ORANGETHORPE AVE","EUCLID ST",260.00,W,N,A,-,N,,,,,,,,,,Y,4,0,1,2,A,-,09,21801,A,N,D,C,A,A,H,-,A,A,0,,,Y,,Y,,A,07,0,0,1,0,0,0,0,0,1,"- ","- ",,,ORANGE,FULLERTON,-117.94268798828125,33.859340667724609
82049058,2023,2023-04-20,3010,2023-04-15,1504,1107,411,6,5,6,3010,0,0,0,,0,005,"GOLDENWEST ST","ELLIS AVE",0.00,,Y,A,-,N,,,,,,,,,,N,4,0,1,2,A,-,08,22107,,F,D,C,A,A,H,-,A,A,0,,,Y,,Y,,-,99,0,0,1,0,0,0,0,0,1,"- ","- ",33.693859100341797,-118.00599670410156,ORANGE,"HUNTINGTON BEACH",-118.00636291503906,33.693748474121094
82049138,2023,2023-04-21,3024,2023-02-09,"920 ",505,P-01,4,5,5,3024,0,0,0,,0,WEST,"BOLSA CHICA ROAD","405 S FWY OFF RAMP",12.00,S,N,A,-,N,,,,,,,,,,Y,3,0,1,2,A,-,09,21800,A,N,C,C,A,A,H,-,A,A,0,,,Y,,Y,,A,01,0,1,0,0,0,0,0,0,1,"- ","- ",,,ORANGE,WESTMINSTER,-118.03933715820312,33.773178100585938
82052076,2023,2023-04-24,3026,2023-04-24,"341 ",618,,1,5,6,3026,0,0,0,,0,006,"QUAIL HILL PARKWAY","SAND CANYON",0.00,,Y,A,-,N,,,,,,,,,,Y,2,0,1,1,A,-,03,22350,,N,E,I,A,A,H,-,C,D,0,,,Y,,Y,,C,02,1,0,0,0,0,0,0,0,1,"- ","- ",,,ORANGE,IRVINE,,
82052954,2023,2023-04-25,3014,2023-04-20,1715,1277,RD37,4,5,5,3014,0,0,0,,0,"A3  ","BACK BAY DR","SAN JOAQUIN HILLS RD",75.00,N,N,A,-,N,,,,,,,,,,N,3,0,2,2,A,-,03,22350,,N,D,G,A,A,H,-,A,D,0,,Y,Y,,Y,,L,04,0,2,0,0,0,0,1,0,1,"- ","- ",33.625389099121094,-117.88439178466797,ORANGE,"NEWPORT BEACH",-117.88442230224609,33.625511169433594
82053282,2023,2023-04-26,3015,2023-04-22,1444,1250,RD154,6,5,6,3015,0,0,0,,0,711M,"SANTIAGO CANYON RD","HOLY SEPULCHER",121.00,E,N,A,-,N,,,,,,,,,,Y,4,0,1,1,A,-,03,22350,,N,H,J,A,A,H,-,A,A,0,,,Y,,Y,Y,C,02,0,0,1,0,0,0,0,0,1,"- ","- ",,,ORANGE,ORANGE,-117.10569000244141,33.180488586425781
82054264,2023,2023-04-27,3001,2023-04-22,"916 ",A2814,D-2,6,5,7,3001,0,0,0,,0,D-2,"ANAHEIM BOULEVARD","SYCAMORE STREET",0.00,,Y,A,-,N,,,,,,,,,,Y,4,0,1,2,A,-,09,21801,A,N,D,C,A,A,H,-,A,A,0,,,Y,,Y,,C,02,0,0,1,0,0,0,0,0,1,"- ","- ",33.839801788330078,-117.91541290283203,ORANGE,ANAHEIM,-117.91532135009766,33.839855194091797
82056124,2023,2023-04-28,3007,2023-04-09,1730,1148,43,7,5,5,3007,0,0,0,,0,001,"WARNER AVE","405 NORTH ON RAMP",65.00,E,N,A,-,N,,,,,,,,,,Y,3,0,1,1,A,-,03,22350,,N,E,I,A,A,H,-,A,D,0,,,Y,,Y,,C,02,0,1,0,0,0,0,0,0,1,"- ","- ",,,ORANGE,"FOUNTAIN VALLEY",-117.96676635742188,33.716011047363281
82056682,2023,2023-05-18,3007,2023-04-20,"840 ",314,57,4,5,5,3007,0,0,0,,0,002,EUCLID,TALBERT,44.00,N,N,A,-,N,,,,,,,,,,N,3,0,1,2,A,-,07,21658,A,F,B,C,A,A,H,-,A,A,0,,,Y,,Y,,C,02,0,1,0,0,0,0,0,0,1,"- ","- ",,,ORANGE,"FOUNTAIN VALLEY",-117.93702697753906,33.701930999755859
82057151,2023,2023-05-01,3015,2023-04-26,1607,1710,RD54,3,5,6,3015,0,0,0,,0,1824,"VIRAGE ST","SPRING ST",0.00,,Y,A,-,N,,,,,,,,,,N,3,0,1,1,A,-,03,22350,,N,E,I,A,A,H,-,A,D,0,,,Y,,Y,,C,03,0,1,0,0,0,0,0,0,1,"- ","- ",33.791358947753906,-117.81678009033203,ORANGE,ORANGE,-117.81694030761719,33.791408538818359
82058658,2023,2023-05-02,3026,2023-04-26,"750 ",313,,3,5,6,3026,0,0,0,,0,004,"CULVER DR","WALNUT AVE",373.00,N,N,A,-,N,,,,,,,,,,N,4,0,1,2,A,-,09,21801,A,N,D,C,A,A,H,-,A,A,0,,,Y,,Y,,A,01,0,0,1,0,0,0,0,0,1,"- ","- ",33.704669952392578,-117.78780364990234,ORANGE,IRVINE,-117.78697967529297,33.705539703369141
82061856,2023,2023-05-05,3015,2023-04-27,1727,1710,RD17,4,5,6,3015,0,0,0,,0,722M,"TUSTIN ST","GROVE AVE",0.00,,Y,A,-,N,,,,,,,,,,Y,4,0,1,2,A,-,09,21804,A,N,D,C,A,A,H,-,A,D,0,,,Y,,Y,,C,02,0,0,1,0,0,0,0,0,1,"- ","- ",33.820640563964844,-117.83585357666016,ORANGE,ORANGE,-117.83599853515625,33.820594787597656
82061857,2023,2023-05-05,3015,2023-04-27,2127,1515,RD147,4,5,6,3015,0,0,0,,0,732M,"5434 E. TAFT AVENUE","CANNON STREET",396.00,E,N,A,-,N,,,,,,,,,,Y,3,0,1,1,A,-,03,22350,,N,E,I,A,A,H,-,C,D,0,,,Y,,Y,,C,03,0,1,0,0,0,0,0,0,1,"- ","- ",33.818111419677734,-117.79440307617188,ORANGE,ORANGE,-117.79573822021484,33.817699432373047
82061880,2023,2023-05-05,3001,2023-05-03,"854 ",A2382,,3,5,7,3001,0,0,0,,0,D-1,"ORANGE AVENUE","ANTHONY STREET (E)",0.00,,Y,A,-,N,,,,,,,,,,N,3,0,1,2,A,-,09,21802,A,N,E,I,A,A,H,-,A,A,0,,,Y,,Y,,A,01,0,1,0,0,0,0,0,0,1,"- ","- ",33.825450897216797,-117.94532012939453,ORANGE,ANAHEIM,-117.94523620605469,33.825176239013672
82063200,2023,2023-05-08,3010,2023-04-28,"12  ",2213,422,5,5,6,3010,0,0,0,,0,005,"BEACH BL - SR39","GARFIELD AVE",296.00,S,N,A,-,Y,ORA,,39," "," ",2.649,H,,L,Y,4,0,1,1,A,-,01,23152,A,N,H,A,A,A,H,-,C,A,0,,,Y,,Y,Y,C,02,0,0,1,0,0,0,0,0,1,"- ","- ",33.686710357666016,-117.98921203613281,ORANGE,"HUNTINGTON BEACH",-117.9888916015625,33.686714172363281
82064405,2023,2023-05-10,3001,2023-04-23,1417,A2537,,7,5,7,3001,0,0,0,,0,D-1,"BALL ROAD","ROANNE STREET",0.00,,Y,A,-,N,,,,,,,,,,N,3,0,1,2,D,-,00,,,N,B,C,A,A,H,-,A,D,0,,,Y,,Y,,-,"- ",0,1,0,0,0,0,0,0,1,"- ","- ",33.817668914794922,-117.9693603515625,ORANGE,ANAHEIM,-117.96937561035156,33.817661285400391
82067359,2023,2023-05-12,3008,2023-04-01,1047,1470,"ZONE ",6,5,6,3008,0,0,0,,0,,"RAYMOND AVE","WILSHIRE AVE",230.00,N,N,A,-,N,,,,,,,,,,Y,3,0,1,2,A,-,03,22350,,N,C,C,A,A,H,-,A,A,0,,,Y,,Y,,C,02,0,1,0,0,0,0,0,0,1,"- ","- ",,,ORANGE,FULLERTON,-117.90701293945312,33.873111724853516
82070409,2023,2023-05-17,3015,2023-05-11,1551,1653,,4,5,6,3015,0,0,0,,0,222,"TUSTIN ST","TAFT AVE (S)",241.00,N,N,A,-,N,,,,,,,,,,N,4,0,1,1,A,-,03,22350,,N,H,A,A,A,H,-,A,D,0,,,Y,,Y,,C,02,0,0,1,0,0,0,0,0,1,"- ","- ",33.815849304199219,-117.83583068847656,ORANGE,ORANGE,-117.83594512939453,33.818119049072266
82070431,2023,2023-05-17,3001,2023-04-21,2053,A1047,,5,5,7,3001,0,0,0,,0,D-3,"DISNEYLAND DRIVE","BALL ROAD",528.00,S,N,A,-,N,,,,,,,,,,Y,4,0,1,1,A,-,01,23152,A,N,E,I,A,A,H,-,C,A,0,,,Y,,Y,Y,C,02,0,0,1,0,0,0,0,0,1,"- ","- ",,,ORANGE,ANAHEIM,-117.92239379882812,33.816730499267578
82071067,2023,2023-05-17,3014,2023-04-28,1524,1572,RD45,5,5,5,3014,0,0,0,,0,"A4  ","SR-1 (E. COAST HWY)","MORNING CANYON",30.00,W,N,A,-,Y,,,,,,,,,,Y,2,0,1,2,A,-,03,22350,,N,B,C,A,A,H,-,A,A,0,,,Y,,Y,,C,02,1,0,0,0,0,0,0,0,1,"- ","- ",33.591468811035156,-117.86266326904297,ORANGE,"NEWPORT BEACH",-117.86252593994141,33.591411590576172
82071461,2023,2023-05-18,3007,2023-05-03,1145,1148,66,3,5,5,3007,0,0,0,,0,003,"EUCLID ST","NEWHOPE ST",0.00,,N,A,-,N,,,,,,,,,,N,4,0,1,2,A,-,08,22107,,N,B,C,A,A,H,-,A,A,0,,,Y,,Y,,A,01,0,0,1,0,0,0,0,0,1,"- ","- ",,,ORANGE,"FOUNTAIN VALLEY",-117.93659973144531,33.699844360351562
82074777,2023,2023-05-25,3001,2023-05-19,2011,A2851,,5,5,7,3001,0,0,0,,0,D-1,"MAGNOLIA AVENUE","GREENLEAF AVENUE",0.00,,Y,A,-,N,,,,,,,,,,N,3,0,1,2,A,-,09,21801,A,N,A,C,A,A,H,-,C,A,0,,,Y,,Y,,A,01,0,1,0,0,0,0,0,0,1,"- ","- ",33.842418670654297,-117.97618103027344,ORANGE,ANAHEIM,-117.97609710693359,33.842330932617188
82075913,2023,2023-05-24,3010,2023-05-17,2028,1152,293,3,5,6,3010,0,0,0,,0,005,"NEWLAND ST","RHOADS CIR",0.00,,Y,A,-,N,,,,,,,,,,Y,4,0,1,2,A,-,09,21804,A,N,B,C,A,A,H,-,C,D,0,,,Y,,Y,,A,07,0,0,1,0,0,0,0,0,1,"- ","- ",,,ORANGE,"HUNTINGTON BEACH",-117.98033905029297,33.699600219726562
82079813,2023,2023-05-29,3008,2023-03-24,2010,1159,"ZONE ",5,5,6,3008,0,0,0,,0,,"MAGNOLIA AVE","91 FWY",0.00,,Y,A,-,N,,,,,,,,,,N,4,0,1,2,A,-,12,21453,A,N,B,C,A,A,H,-,C,A,0,,,Y,,Y,,A,01,0,0,1,0,0,0,0,0,1,"- ","- ",,,ORANGE,FULLERTON,,
82081958,2023,2023-05-31,3010,2023-05-28,1152,1118,463,7,5,6,3010,0,0,0,,0,002,"LOCHLEA LN","LOMOND DR",0.00,,Y,A,-,N,,,,,,,,,,N,3,0,1,1,A,-,08,22107,,N,E,I,A,A,H,-,A,D,0,,,Y,,Y,,C,02,0,1,0,0,0,0,0,0,1,"- ","- ",33.652240753173828,-117.98193359375,ORANGE,"HUNTINGTON BEACH",-117.98178100585938,33.652294158935547
82084268,2023,2023-06-05,3024,2023-04-06,"757 ",400,P-22,4,5,5,3024,0,0,0,,0,WEST,"GOLDENWEST STREET","SOWELL AVENUE",320.00,N,N,A,-,N,,,,,,,,,,Y,4,0,1,2,A,-,05,21651,A,N,D,C,A,A,H,-,A,D,0,,,Y,,Y,,A,01,0,0,1,0,0,0,0,0,1,"- ","- ",33.748691558837891,-118.00727081298828,ORANGE,WESTMINSTER,-118.00704193115234,33.749458312988281
82085045,2023,2023-06-05,3016,2023-04-29,1743,1303,21,6,5,5,3016,0,0,0,,0,002,"ORANGETHORPE AVENUE","IOWA PLACE",0.00,,Y,A,-,Y,,,,,,,,,,Y,4,0,3,2,A,-,12,21453,A,N,D,C,A,A,H,-,A,A,0,,,Y,,Y,,-,"- ",0,0,3,0,0,0,0,0,1,"- ","- ",33.861049652099609,-117.87859344482422,ORANGE,PLACENTIA,-117.87834930419922,33.860950469970703
82085498,2023,2023-06-05,3015,2023-05-30,1526,1715,RD61,2,5,6,3015,0,0,0,,0,711M,"MAIN ST","PALMYRA AVE",247.00,S,N,B,-,N,,,,,,,,,,Y,4,0,2,2,A,-,09,21801,A,N,D,C,A,A,H,-,A,D,0,,,Y,,Y,,A,07,0,0,2,0,0,0,0,0,1,"- ","- ",33.783611297607422,-117.86737823486328,ORANGE,ORANGE,-117.86730194091797,33.783294677734375
82086502,2023,2023-06-06,3001,2023-06-03,1953,A1906,D-3,6,5,7,3001,0,0,0,,0,D-3,"SOUTH STREET","PRISCILLA STREET",151.00,W,N,A,-,N,,,,,,,,,,Y,3,0,2,2,A,-,05,21460,A,N,A,C,A,A,H,-,A,D,0,,,Y,,Y,,C,02,0,2,0,0,0,0,0,0,1,"- ","- ",33.8326416015625,-117.88687133789062,ORANGE,ANAHEIM,-117.88710784912109,33.832660675048828
82087497,2023,2023-06-07,3001,2023-04-26,1258,A2540,D-3,3,5,7,3001,0,0,0,,0,D-3,"DOUGLASS ROAD","KATELLA AVENUE",1000.00,S,N,A,-,N,,,,,,,,,,N,3,0,1,1,A,-,12,21453,A,N,H,A,A,A,H,-,A,A,0,,,Y,,Y,,C,02,0,1,0,0,0,0,0,0,1,"- ","- ",33.804389953613281,-117.87796783447266,ORANGE,ANAHEIM,-117.87837982177734,33.803485870361328
82087531,2022,2023-06-07,3019,2022-08-12,2025,3700,WE,5,5,7,3019,0,0,0,,0,001,"BRISTOL STREET","6TH STREET",42.00,S,N,A,-,N,,,,,,,,,,N,4,0,1,2,A,-,03,22350,,N,C,C,A,A,H,-,C,D,0,,,Y,,Y,,C,02,0,0,1,0,0,0,0,0,1,"- ","- ",33.749668121337891,-117.88540649414062,ORANGE,"SANTA ANA",-117.8851318359375,33.749534606933594
82087599,2023,2023-06-07,3019,2023-04-18,"820 ",2875,SE,2,5,7,3019,0,0,0,,0,003,"WARNER AVENUE","BIRCH STREET",75.00,W,N,A,-,N,,,,,,,,,,N,3,0,1,2,A,-,03,22350,,N,C,C,A,A,H,-,A,D,0,,,Y,,Y,,C,02,0,1,0,0,0,0,0,0,1,"- ","- ",33.715320587158203,-117.87187194824219,ORANGE,"SANTA ANA",-117.87145233154297,33.716053009033203
82087610,2023,2023-06-07,3019,2023-04-22,1040,3829,WE,6,5,7,3019,0,0,0,,0,001,"BRISTOL STREET","MEMORY LANE",514.00,N,N,A,-,N,,,,,,,,,,N,2,0,1,2,A,-,09,21804,A,N,D,C,A,A,H,-,A,D,0,,,Y,,Y,,A,07,1,0,0,0,0,0,0,0,1,"- ","- ",33.772518157958984,-117.88437652587891,ORANGE,"SANTA ANA",-117.88482666015625,33.774539947509766
82087618,2023,2023-06-07,3019,2023-04-25,1441,3702,SE,2,5,7,3019,0,0,0,,0,003,"MAPLE STREET","WAKEHAM AVENUE",0.00,,Y,A,-,N,,,,,,,,,,Y,2,0,1,2,A,-,12,22450,A,N,D,C,A,A,H,-,A,A,0,,,Y,,Y,,C,02,1,0,0,0,0,0,0,0,1,"- ","- ",33.737258911132812,-117.86338043212891,ORANGE,"SANTA ANA",-117.86347961425781,33.7374267578125
82087850,2023,2023-06-07,3019,2023-05-22,1800,3631,SC,1,5,7,3019,0,0,0,,0,004,"MACARTHUR BOULEVARD","GREENVILLE STREET",0.00,,Y,A,-,N,,,,,,,,,,Y,3,0,2,2,A,-,09,21801,A,N,A,C,A,A,H,-,A,D,0,,,Y,,Y,,A,07,0,1,1,0,0,0,0,0,2,"- ","- ",33.708789825439453,-117.90448760986328,ORANGE,"SANTA ANA",-117.90406036376953,33.699878692626953
82088904,2023,2023-06-08,3024,2023-04-18,1905,224,P-30,2,5,5,3024,0,0,0,,0,WEST,"BOLSA AVENUE","GOLDENWEST STREET",50.00,E,N,A,-,N,,,,,,,,,,Y,3,0,1,2,A,-,03,22350,,N,C,C,A,A,H,-,A,D,0,,,Y,,Y,,C,02,0,1,0,0,0,0,0,0,1,"- ","- ",33.74407958984375,-118.0098876953125,ORANGE,WESTMINSTER,-118.00682830810547,33.744495391845703
82089797,2023,2023-06-14,3010,2023-05-26,2347,1230,432,5,5,6,3010,0,0,0,,0,005,"BEACH BL - SR39","YORKTOWN AVE",1.00,N,N,B,-,Y,ORA,,39," "," ",2.129,H,,L,Y,3,0,1,2,A,-,03,22350,,F,B,C,A,A,H,-,C,A,0,,,Y,,Y,Y,-,99,0,1,0,0,0,0,0,0,1,"- ","- ",33.679279327392578,-117.98873138427734,ORANGE,"HUNTINGTON BEACH",-117.98877716064453,33.679279327392578
82090563,2023,2023-06-12,3015,2023-05-16,1658,1703,37E,2,5,6,3015,0,0,0,,0,221,"GLASSELL ST","LINCOLN AVE",26.00,S,N,A,-,N,,,,,,,,,,N,2,0,1,2,A,-,08,22107,,N,D,C,A,A,H,-,A,D,0,,,Y,,Y,Y,A,01,1,0,0,0,0,0,0,0,1,"- ","- ",33.835628509521484,-117.85253143310547,ORANGE,ORANGE,-117.85242462158203,33.835540771484375
82090640,2023,2023-06-12,3008,2023-04-08,"837 ",1636,"ZONE ",6,5,6,3008,0,0,0,,0,,"STATE COLLEGE BLVD","CHAPMAN AVE",10.00,N,N,A,-,N,,,,,,,,,,N,3,0,1,1,C,-,18,,,N,H,A,A,A,B,-,A,A,0,,,Y,,Y,,-,"- ",0,1,0,0,0,0,0,0,1,"- ","- ",,,ORANGE,FULLERTON,-117.88961791992188,33.874237060546875
82090646,2023,2023-06-12,3008,2023-02-11,1317,1630,"ZONE ",6,5,6,3008,0,0,0,,0,,"LEMON ST","SHADY BROOK DR",196.00,S,N,A,-,N,,,,,,,,,,Y,4,0,1,2,A,-,05,21651,B,N,A,C,A,A,H,-,A,D,0,,,Y,,Y,,C,02,0,0,1,0,0,0,0,0,1,"- ","- ",,,ORANGE,FULLERTON,-117.920166015625,33.885513305664062
82091831,2023,2023-06-12,3014,2023-06-02,1726,1555,RD34,5,5,5,3014,0,0,0,,0,"A3  ","MACARTHUR BLVD","BIRCH ST",569.00,N,N,A,-,N,,,,,,,,,,N,2,0,1,1,A,-,03,22350,,N,F,A,A,A,H,-,A,D,0,,,Y,,Y,,C,02,1,0,0,0,0,0,0,0,1,"- ","- ",33.670791625976562,-117.86408996582031,ORANGE,"NEWPORT BEACH",-117.86435699462891,33.670734405517578
82092022,2023,2023-06-20,3001,2023-06-09,2301,A1047,,5,5,7,3001,0,0,0,,0,D-1,"LINCOLN AVENUE","BEL AIR STREET",17.00,W,N,A,-,N,,,,,,,,,,Y,2,0,1,2,A,-,01,23152,A,F,D,C,A,A,H,-,C,D,0,,,Y,,Y,Y,A,01,1,0,0,0,0,0,0,0,1,"- ","- ",33.8319091796875,-117.98887634277344,ORANGE,ANAHEIM,-117.98907470703125,33.832168579101562
82093044,2023,2023-06-19,3001,2023-06-08,1318,A1825,,4,5,7,3001,0,0,0,,0,D-3,"BALL ROAD","ALLEC STREET",0.00,,Y,A,-,N,,,,,,,,,,Y,1,1,0,2,A,-,09,21801,A,N,D,C,A,A,H,-,A,D,0,,,Y,,Y,,A,07,0,0,0,0,0,0,0,1,0,"- ","- ",33.816730499267578,-117.90322113037109,ORANGE,ANAHEIM,-117.90303039550781,33.818092346191406
82095267,2023,2023-06-16,3001,2023-05-21,1504,A2657,D-2,7,5,7,3001,0,0,0,,0,021,"EUCLID STREET","CATHERINE DRIVE",70.00,S,N,A,-,N,,,,,,,,,,Y,3,0,1,2,A,-,07,21658,A,N,H,A,A,A,H,-,A,D,0,,,Y,,Y,,A,01,0,1,0,0,0,0,0,0,1,"- ","- ",33.844028472900391,-117.94126129150391,ORANGE,ANAHEIM,-117.94163513183594,33.844699859619141
82095316,2023,2023-06-16,3019,2023-05-28,2200,3134,NE,7,5,7,3019,0,0,0,,0,002,BROADWAY,"SANTA CLARA AVENUE",0.00,,Y,A,B,N,,,,,,,,,,Y,4,0,2,2,A,-,01,23152,A,N,D,C,A,A,H,-,C,A,0,,,Y,,Y,Y,C,02,0,0,2,0,0,0,0,0,1,"- ","- ",33.766658782958984,-117.86949920654297,ORANGE,"SANTA ANA",-117.86952972412109,33.766849517822266
82096254,2023,2023-06-19,3024,2023-04-20,1525,503,P-30,4,5,5,3024,0,0,0,,0,WEST,"GEORGETOWN AVENUE","LAFAYETTE STREET",15.00,W,N,A,-,N,,,,,,,,,,N,4,0,1,2,A,-,08,22107,,N,A,C,A,A,H,-,A,D,0,,,Y,,Y,,A,07,0,0,1,0,0,0,0,0,1,"- ","- ",33.742221832275391,-118.00553131103516,ORANGE,WESTMINSTER,-118.00560760498047,33.74237060546875
82096450,2023,2023-06-19,3024,2023-04-30,1026,498,P-17,7,5,5,3024,0,0,0,,0,WEST,"WESTMINSTER BOULEVARD","OLIVE STREET",0.00,,Y,B,-,N,,,,,,,,,,N,3,0,1,1,A,-,03,22350,,N,F,A,A,A,H,-,A,D,0,,,Y,,Y,,C,02,0,1,0,0,0,0,0,0,1,"- ","- ",33.759059906005859,-118.00064086914062,ORANGE,WESTMINSTER,-118.0006103515625,33.759162902832031
82096452,2023,2023-06-19,3024,2023-05-02,"855 ",505,P-13,2,5,5,3024,0,0,0,,0,EAST,"NEWLAND STREET","LOMAY AVENUE",90.00,N,N,A,-,N,,,,,,,,,,N,2,0,1,1,A,-,03,22350,,N,F,A,A,A,B,-,A,B,0,,,Y,,Y,,C,02,1,0,0,0,0,0,0,0,1,"- ","- ",33.760009765625,-117.98108673095703,ORANGE,WESTMINSTER,-117.98106384277344,33.760597229003906
82096580,2023,2023-06-20,3008,2023-02-26,"816 ",1582,"ZONE ",7,5,6,3008,0,0,0,,0,,"ORANGETHORPE AVE","STATE COLLEGE BLVD",115.00,E,N,A,-,N,,,,,,,,,,Y,3,0,1,1,A,-,03,22350,,N,E,J,A,A,H,-,A,A,0,,,Y,,Y,,C,02,0,1,0,0,0,0,0,0,1,"- ","- ",,,ORANGE,FULLERTON,-117.88903045654297,33.859649658203125
82097474,2023,2023-06-20,3019,2023-06-03,1010,3830,WE,6,5,7,3019,0,0,0,,0,001,"HARBOR BOULEVARD","MCFADDEN AVENUE",475.00,S,N,A,-,N,,,,,,,,,,N,3,0,1,2,A,-,07,21658,A,N,B,C,A,A,H,-,A,A,0,,,Y,,Y,,C,02,0,1,0,0,0,0,0,0,1,"- ","- ",33.7381591796875,-117.92028045654297,ORANGE,"SANTA ANA",-117.92006683349609,33.736957550048828
82098374,2023,2023-06-21,3001,2023-06-02,1715,A2312,D-1,5,5,7,3001,0,0,0,,0,D-1,"LINCOLN AVENUE","BEACH BOULEVARD",9.00,E,N,A,-,N,,,,,,,,,,N,4,0,1,2,A,-,07,21658,A,M,B,C,A,A,H,-,A,A,0,,,Y,,Y,Y,A,01,0,0,1,0,0,0,0,0,1,"- ","- ",,,ORANGE,ANAHEIM,-117.99334716796875,33.831981658935547
82098585,2023,2023-06-21,3026,2023-05-12,1843,674,,5,5,6,3026,0,0,0,,0,001,MACARTHUR,"55 FREEWAY",0.00,,Y,A,-,N,,,,,,,,,,N,3,0,1,2,A,-,08,22107,,M,B,C,A,A,H,-,B,A,0,,,Y,,Y,,-,"- ",0,1,0,0,0,0,0,0,1,"- ","- ",33.698558807373047,-117.86128234863281,ORANGE,IRVINE,,
82098945,2023,2023-06-21,3014,2023-06-15,1314,1625,RD39,4,5,5,3014,0,0,0,,0,"A3  ","SR1(E COAST HWY)","NEWPORT CENTER",0.00,,Y,B,-,Y,,,,,,,,,,Y,4,0,1,2,A,-,09,21453,C,N,D,C,A,A,H,-,A,A,0,,,Y,,Y,,A,07,0,0,1,0,0,0,0,0,1,"- ","- ",33.607700347900391,-117.87860107421875,ORANGE,"NEWPORT BEACH",-117.87898254394531,33.607700347900391
82099519,2023,2023-06-23,3024,2023-05-13,"17  ",535,P-41,6,5,5,3024,0,0,0,,0,EAST,"BROOKHURST STREET","MCFADDEN AVENUE",130.00,S,N,A,-,N,,,,,,,,,,N,3,0,1,2,A,-,03,22350,,F,C,C,A,A,H,-,C,A,0,,,Y,,Y,,-,99,0,1,0,0,0,0,0,0,1,"- ","- ",33.736530303955078,-117.95783233642578,ORANGE,WESTMINSTER,-117.95477294921875,33.737323760986328
82100557,2023,2023-06-26,3024,2023-05-14,1423,503,P-18,7,5,5,3024,0,0,0,,0,WEST,"BEACH BOULEVARD (SR39)","14TH ST",28.00,S,N,A,-,Y,,,,,,,,,,N,3,0,1,2,A,-,08,22107,,N,B,C,A,A,H,-,A,D,0,,,Y,,Y,,A,01,0,1,0,0,0,0,0,0,1,"- ","- ",,,ORANGE,WESTMINSTER,-117.98951721191406,33.756443023681641
82101267,2023,2023-06-26,3015,2023-06-21,1550,1545,RD67,3,5,6,3015,0,0,0,,0,721M,"LINCOLN AVE","TUSTIN ST",292.00,W,N,A,-,N,,,,,,,,,,N,4,0,1,2,A,-,09,21804,A,N,D,C,A,A,H,-,A,D,0,,,Y,,Y,,A,01,0,0,1,0,0,0,0,0,1,"- ","- ",33.834159851074219,-117.83538055419922,ORANGE,ORANGE,-117.83721160888672,33.834964752197266
82101412,2023,2023-06-26,3010,2023-06-20,1724,1015,166,2,5,6,3010,0,0,0,,0,008,"HEIL AVE","BOLSA CHICA ST",195.00,E,N,A,-,N,,,,,,,,,,N,4,0,1,2,A,-,09,21804,A,N,D,C,A,A,H,-,A,D,0,,,Y,,Y,,C,02,0,0,1,0,0,0,0,0,1,"- ","- ",33.722160339355469,-118.04141235351562,ORANGE,"HUNTINGTON BEACH",-118.04093933105469,33.722591400146484
82103675,2023,2023-06-28,3015,2023-05-12,"806 ",1495,RD67S,5,5,6,3015,0,0,0,,0,712M,"MEATS AVE","OF THE ECL OF HARWOOD ST",6.00,E,N,A,-,N,,,,,,,,,,Y,2,0,4,3,A,-,09,21802,A,N,D,C,A,A,H,-,A,A,0,,,Y,,Y,,A,07,1,0,3,0,0,0,0,0,2,"- ","- ",33.822380065917969,-117.84664154052734,ORANGE,ORANGE,-117.84729766845703,33.823028564453125
82106875,2023,2023-07-03,3024,2023-05-18,1421,312,P-13,4,5,5,3024,0,0,0,,0,EAST,"BEACH BOULEVARD (SR-39)","19TH STREET",0.00,,Y,A,-,Y,ORA,,39," "," ",7.744,H,,R,Y,3,0,1,2,A,-,08,22100,B,N,D,C,A,A,H,-,A,D,0,,,Y,,Y,,A,08,0,1,0,0,0,0,0,0,1,"- ","- ",33.760841369628906,-117.98963928222656,ORANGE,WESTMINSTER,-117.98956298828125,33.760841369628906
82110345,2023,2023-07-06,3015,2023-07-04,1123,1336,RD203,2,5,6,3015,0,0,0,,0,722M,"SANTIAGO CANYON RD","RT 261 NB OFFRAMP",0.00,,Y,A,-,Y,,,,,,,,,,Y,3,0,2,2,A,-,08,22107,,N,C,C,A,A,H,-,A,A,0,,,Y,,Y,,A,01,0,1,1,0,0,0,0,0,1,"- ","- ",33.781139373779297,-117.74880981445312,ORANGE,ORANGE,,
82110360,2023,2023-07-07,3001,2023-06-30,1645,A2312,D-3,5,5,7,3001,0,0,0,,0,D-3,"BALL ROAD","ALLEC STREET",13.00,W,N,A,-,N,,,,,,,,,,Y,3,0,1,2,A,-,08,22107,,N,B,C,A,A,H,-,A,D,0,,,Y,,Y,,D,22,0,1,0,0,0,0,0,0,1,"- ","- ",33.816730499267578,-117.90322113037109,ORANGE,ANAHEIM,-117.903076171875,33.818088531494141
82110396,2023,2023-07-06,3010,2023-07-03,1607,1208,473,1,5,6,3010,0,0,0,,0,002,"PACIFIC COAST HWY - SR1","HUNTINGTON ST",544.00,S,N,A,-,Y,,,,,,,,,,N,3,0,1,2,A,-,08,22107,,N,H,G,A,A,H,-,A,D,0,,Y,Y,,Y,,C,02,0,1,0,0,0,0,1,0,0,"- ","- ",33.652069091796875,-117.99696350097656,ORANGE,"HUNTINGTON BEACH",-117.99413299560547,33.652267456054688
82110857,2023,2023-07-06,3014,2023-06-22,1829,1606,RD15,4,5,5,3014,0,0,0,,0,"A1  ","NEWPORT BLVD","VIA LIDO",954.00,N,N,A,-,N,,,,,,,,,,N,3,0,1,2,A,-,07,21658,A,N,F,A,A,A,H,-,A,D,0,,,Y,,Y,,-,"- ",0,1,0,0,0,0,0,0,1,"- ","- ",33.620689392089844,-117.92949676513672,ORANGE,"NEWPORT BEACH",-117.92942810058594,33.621124267578125
82112269,2023,2023-07-10,3007,2023-06-22,1704,301,75,4,5,5,3007,0,0,0,,0,003,BROOKHURST,ELLIS,421.00,S,N,A,-,N,,,,,,,,,,Y,3,0,1,2,A,-,07,21658,A,N,B,C,A,A,H,-,A,-,0,,,Y,,Y,,A,01,0,1,0,0,0,0,0,0,1,"- ","- ",,,ORANGE,"FOUNTAIN VALLEY",-117.95426177978516,33.692985534667969
82112605,2023,2023-07-10,3026,2023-07-02,1518,691,,7,5,6,3026,0,0,0,,0,008,"SAND CANYON","MARINE WAY",0.00,,Y,A,-,N,,,,,,,,,,Y,3,0,1,2,A,-,08,22107,,N,B,C,A,A,H,-,A,A,0,,,Y,,Y,,C,02,0,1,0,0,0,0,0,0,1,"- ","- ",,,ORANGE,IRVINE,-117.75769805908203,33.678413391113281
82114658,2023,2023-07-12,3008,2023-03-07,2117,1484,,2,5,6,3008,0,0,0,,0,,"ASSOCIATED RD","YORBA LINDA BLVD",0.00,,Y,A,-,N,,,,,,,,,,N,4,0,1,1,A,-,03,22350,,N,H,I,A,A,H,-,C,A,0,,,Y,,Y,,C,02,0,0,1,0,0,0,0,0,1,"- ","- ",,,ORANGE,FULLERTON,-117.88556671142578,33.888961791992188
82116543,2023,2023-07-14,3010,2023-07-09,1410,1118,348,7,5,6,3010,0,0,0,,0,004,"GOLDENWEST ST","PACIFIC COAST HWY - SR1",0.00,,Y,A,-,N,,,,,,,,,,N,3,0,1,1,C,-,18,,,N,E,I,A,A,H,-,A,A,0,,,Y,,Y,,-,"- ",0,1,0,0,0,0,0,0,1,"- ","- ",33.668388366699219,-118.01738739013672,ORANGE,"HUNTINGTON BEACH",-118.01747131347656,33.668270111083984
82117459,2023,2023-07-17,3001,2023-07-07,1037,A1825,,5,5,7,3001,0,0,0,,0,D-1,"WESTCHESTER DRIVE","LINCOLN AVENUE",10.00,S,N,A,-,N,,,,,,,,,,N,3,0,1,2,A,-,17,21228,,N,D,C,A,A,H,-,A,A,0,,,Y,,Y,,C,03,0,1,0,0,0,0,0,0,1,"- ","- ",,,ORANGE,ANAHEIM,-118.00541687011719,33.831871032714844
82117530,2023,2023-07-17,3008,2023-04-21,1637,1484,"ZONE ",5,5,6,3008,0,0,0,,0,,"BROOKHURST RD","ROBERTA AVE",0.00,,Y,A,-,N,,,,,,,,,,Y,3,0,1,2,A,-,12,21453,A,N,D,C,A,A,H,-,A,A,0,,,Y,,Y,,C,02,0,1,0,0,0,0,0,0,1,"- ","- ",,,ORANGE,FULLERTON,-117.95926666259766,33.856182098388672
82119393,2023,2023-07-19,3008,2023-05-17,1111,1484,"ZONE ",3,5,6,3008,0,0,0,,0,,"MAGNOLIA AVE","WESTBOUND 91 FREEWAY OFF RAMP",0.00,,Y,A,-,N,,,,,,,,,,Y,3,0,1,2,A,-,01,23152,A,N,D,C,A,A,H,-,A,A,0,,,Y,,Y,Y,C,02,0,1,0,0,0,0,0,0,1,"- ","- ",,,ORANGE,FULLERTON,,
82120351,2023,2023-07-19,3015,2023-07-16,1128,1250,RD54,7,5,6,3015,0,0,0,,0,711M,"PROSPECT ST","SPRING ST (S)",20.00,S,N,A,-,N,,,,,,,,,,Y,3,0,1,2,A,-,08,22107,,N,D,C,A,A,H,-,A,A,0,,,Y,,Y,,A,01,0,1,0,0,0,0,0,0,1,"- ","- ",33.790409088134766,-117.81829833984375,ORANGE,ORANGE,-117.81838226318359,33.791423797607422
82120427,2023,2023-07-19,3010,2023-07-18,"828 ",2126,442,2,5,6,3010,0,0,0,,0,003,"ADAMS AVE","BEACH BL - SR39",60.00,W,N,A,-,Y,ORA,,39," "," ",1.619,H,,L,N,3,0,1,2,A,-,09,21801,A,N,B,C,A,A,H,-,A,A,0,,,Y,,Y,Y,C,02,0,1,0,0,0,0,0,0,1,"- ","- ",33.672031402587891,-117.98877716064453,ORANGE,"HUNTINGTON BEACH",-117.98867034912109,33.672031402587891
82120442,2023,2023-07-20,3008,2023-02-19,1812,1614,"ZONE ",7,5,6,3008,0,0,0,,0,,"EUCLID ST","VALENCIA DR",0.00,,Y,A,-,N,,,,,,,,,,Y,3,0,1,2,A,-,09,21801,A,N,A,C,A,A,H,-,C,A,0,,,Y,,Y,,A,01,0,1,0,0,0,0,0,0,1,"- ","- ",,,ORANGE,FULLERTON,-117.94194030761719,33.866584777832031
82121349,2023,2023-07-20,3026,2023-07-12,1200,719,,3,5,6,3026,0,0,0,,0,003,BERKELEY,CORNELL,0.00,,Y,A,-,N,,,,,,,,,,N,3,0,1,2,A,-,12,22450,A,N,D,C,A,A,H,-,A,A,0,,,Y,,Y,,A,01,0,1,0,0,0,0,0,0,1,"- ","- ",33.649261474609375,-117.83556365966797,ORANGE,IRVINE,-117.83547973632812,33.649379730224609
82124889,2023,2023-07-25,3001,2023-07-22,1445,A2814,D-2,6,5,7,3001,0,0,0,,0,D-2,"SYCAMORE STREET","FLOWER STREET",83.00,W,N,A,-,N,,,,,,,,,,Y,3,0,1,2,A,-,09,21804,A,N,D,C,A,A,H,-,A,D,0,,,Y,,Y,,C,02,0,1,0,0,0,0,0,0,1,"- ","- ",33.843330383300781,-117.90110015869141,ORANGE,ANAHEIM,-117.90127563476562,33.843105316162109
82124990,2023,2023-07-27,3008,2023-05-13,"830 ",1484,"ZONE ",6,5,6,3008,0,0,0,,0,,"EUCLID ST","VALLEY VIEW DR",85.00,N,N,A,-,N,,,,,,,,,,N,3,0,1,2,A,-,09,21802,A,N,E,I,A,A,H,-,A,A,0,,,Y,,Y,,D,22,0,1,0,0,0,0,0,0,1,"- ","- ",,,ORANGE,FULLERTON,-117.94199371337891,33.881420135498047
82125981,2023,2023-07-26,3010,2023-07-14,1606,1261,184,5,5,6,3010,0,0,0,,0,008,"PACIFIC COAST HWY - SR1","WARNER AVE",4275.00,S,N,A,-,Y,ORA,,1," "," ",29.893,H,,R,N,2,0,1,2,A,-,09,21801,A,N,D,C,A,A,H,-,A,D,0,,,Y,,Y,,A,08,1,0,0,0,0,0,0,0,1,"- ","- ",33.711490631103516,-118.06317901611328,ORANGE,"HUNTINGTON BEACH",-118.06299591064453,33.711635589599609
82126005,2023,2023-07-26,3019,2023-06-09,2025,3701,WE,5,5,7,3019,0,0,0,,0,001,"1ST STREET","CENTER STREET",0.00,,Y,A,-,N,,,,,,,,,,N,3,0,1,1,A,-,03,22350,,N,H,A,A,A,H,-,D,A,0,,,Y,,Y,,C,02,0,1,0,0,0,0,0,0,1,"- ","- ",33.745269775390625,-117.89810180664062,ORANGE,"SANTA ANA",-117.89810180664062,33.745330810546875
82126019,2023,2023-07-26,3019,2023-06-18,2117,3700,WE,7,5,7,3019,0,0,0,,0,001,"17TH STREET","MARKET PLACE",100.00,E,N,A,-,N,,,,,,,,,,Y,4,0,2,3,A,-,03,22350,,M,C,C,A,A,H,-,C,D,0,,,Y,,Y,,A,01,0,0,2,0,0,0,0,0,0,"- ","- ",,,ORANGE,"SANTA ANA",,
82126078,2023,2023-07-26,3019,2023-06-29,1738,3249,SE,4,5,7,3019,0,0,0,,0,003,"MAIN STREET","ALTON AVENUE",0.00,,Y,A,-,N,,,,,,,,,,N,4,0,1,2,A,-,09,21801,A,N,D,C,A,A,H,-,A,A,0,,,Y,,Y,,D,22,0,0,1,0,0,0,0,0,1,"- ","- ",33.704891204833984,-117.86795043945312,ORANGE,"SANTA ANA",-117.86806488037109,33.705154418945312
82126121,2023,2023-07-26,3019,2023-07-02,1815,3778,WE,7,5,7,3019,0,0,0,,0,001,"FAIRVIEW STREET","CIVIC CENTER DRIVE",0.00,,Y,A,-,N,,,,,,,,,,Y,3,0,1,2,D,-,00,,,N,D,C,A,A,H,-,A,A,0,,,Y,,Y,,-,"- ",0,1,0,0,0,0,0,0,1,"- ","- ",33.751548767089844,-117.90297698974609,ORANGE,"SANTA ANA",-117.90322875976562,33.751495361328125
82127111,2023,2023-07-27,3010,2023-07-17,1824,4094,461,1,5,6,3010,0,0,0,,0,004,"PACIFIC COAST HWY - SR1","6TH ST (N)",4.00,S,N,A,-,Y,ORA,,1," "," ",30.181,H,,R,Y,3,0,1,3,A,-,08,22100,A,N,B,C,A,A,H,-,A,A,0,,,Y,,Y,,A,07,0,1,0,0,0,0,0,0,1,"- ","- ",33.714618682861328,-118.06659698486328,ORANGE,"HUNTINGTON BEACH",-118.06649017333984,33.714706420898438
82127143,2023,2023-07-27,3019,2023-07-24,"800 ",3449,NE,1,5,7,3019,0,0,0,,0,002,"GRAND AVENUE","1ST STREET",25.00,N,N,A,-,N,,,,,,,,,,N,3,0,1,2,A,-,03,22350,,N,C,C,A,A,H,-,A,A,0,,,Y,,Y,,C,02,0,1,0,0,0,0,0,0,1,"- ","- ",33.745468139648438,-117.85211181640625,ORANGE,"SANTA ANA",-117.85184478759766,33.745548248291016
82130164,2023,2023-07-28,3001,2023-07-25,"715 ",A1068,,2,5,7,3001,0,0,0,,0,,"ORANGETHORPE AVENUE","HOLBROOK STREET",0.00,,Y,A,-,N,,,,,,,,,,N,4,0,1,2,A,-,09,21804,A,N,D,G,A,A,H,-,A,D,0,,Y,Y,,Y,,L,04,0,0,1,0,0,0,1,0,0,"- ","- ",,,ORANGE,ANAHEIM,-117.81343841552734,33.866153717041016
82131109,2023,2023-07-31,3001,2023-07-28,"709 ",A2303,D-4,5,5,7,3001,0,0,0,,0,D-4,"BLUE GUM STREET","GRETTA LANE",185.00,S,N,A,-,N,,,,,,,,,,N,4,0,1,1,C,-,18,,,N,E,I,A,D,H,-,A,D,0,,,Y,,Y,,-,"- ",0,0,1,0,0,0,0,0,1,"- ","- ",33.848518371582031,-117.8701171875,ORANGE,ANAHEIM,-117.87026977539062,33.849864959716797
82132583,2023,2023-08-02,3022,2023-07-19,1110,1342,,3,5,5,3022,0,0,0,,0,,"RED HILL AV","EL CAMINO REAL",68.00,S,N,A,-,N,,,,,,,,,,Y,3,0,1,3,A,-,08,22100,A,N,D,C,A,A,H,-,A,A,0,,,Y,,Y,,A,01,0,1,0,0,0,0,0,0,1,"- ","- ",33.734451293945312,-117.81468200683594,ORANGE,TUSTIN,-117.81480407714844,33.734123229980469
82132584,2023,2023-08-01,3022,2023-07-20,1857,1374,NORTH,4,5,5,3022,0,0,0,,0,,"MAIN ST","B ST",9.00,W,N,A,-,N,,,,,,,,,,N,3,0,1,2,A,-,03,22350,,N,C,C,A,A,H,-,A,A,0,,,Y,,Y,,C,02,0,1,0,0,0,0,0,0,1,"- ","- ",33.741939544677734,-117.82595062255859,ORANGE,TUSTIN,-117.82614898681641,33.742069244384766
82132677,2023,2023-08-02,3008,2023-06-07,2053,1523,"ZONE ",3,5,6,3008,0,0,0,,0,,"PIONEER AVE","STARBUCK ST",0.00,,Y,A,-,N,,,,,,,,,,Y,3,0,4,2,A,-,09,21801,A,N,D,C,A,A,H,-,C,A,0,,,Y,,Y,,A,01,0,2,2,0,0,0,0,0,2,"- ","- ",,,ORANGE,FULLERTON,-117.9622802734375,33.888141632080078
82133697,2023,2023-08-02,3015,2023-07-29,1400,1250,RD27,6,5,6,3015,0,0,0,,0,711M,"BATAVIA ST","TAFT AVE (E)",275.00,N,N,A,-,N,,,,,,,,,,N,3,0,1,1,A,-,03,22350,,N,E,I,A,A,H,-,A,D,0,,,Y,,Y,,C,02,0,1,0,0,0,0,0,0,1,"- ","- ",33.815620422363281,-117.86206817626953,ORANGE,ORANGE,-117.86203002929688,33.816410064697266
82133708,2023,2023-08-02,3001,2023-07-31,1721,A1962,,1,5,7,3001,0,0,0,,0,,"HASTER STREET","GENE AUTRY WAY",0.00,,Y,B,-,N,,,,,,,,,,Y,3,0,1,2,A,-,03,22350,,F,C,C,A,A,H,-,A,A,0,,,Y,,Y,,A,01,0,1,0,0,0,0,0,0,1,"- ","- ",33.798480987548828,-117.90702819824219,ORANGE,ANAHEIM,-117.90650939941406,33.799888610839844
82134183,2023,2023-08-02,3014,2023-07-28,2246,1418,RD24,5,5,5,3014,0,0,0,,0,"A2  ","WB SR-1 TO SB SR-55","SR-55 (NEWPORT BLVD)",56.00,W,N,A,-,Y,ORA,,55," "," ",0.323,H,,R,Y,3,0,1,1,A,-,03,22350,,N,E,I,A,A,H,-,C,D,0,,,Y,,Y,,C,02,0,1,0,0,0,0,0,0,1,"- ","- ",33.621891021728516,-117.92929077148438,ORANGE,"NEWPORT BEACH",-117.92909240722656,33.621829986572266
82134741,2023,2023-08-04,3015,2023-07-13,1653,1515,,4,5,6,3015,0,0,0,,0,732M,"MAIN ST","CHAPMAN AVE",304.00,S,N,A,-,N,,,,,,,,,,Y,3,0,1,2,A,-,03,22350,,M,C,C,A,A,H,-,A,D,0,,,Y,,Y,,C,02,0,1,0,0,0,0,0,0,1,"- ","- ",33.787910461425781,-117.86727142333984,ORANGE,ORANGE,-117.86730194091797,33.787067413330078
82134815,2023,2023-08-03,3010,2023-07-29,"213 ",2248,476,6,5,6,3010,0,0,0,,0,002,"BROOKHURST ST","BANNING AVE",0.00,,Y,A,-,N,,,,,,,,,,Y,4,0,1,2,A,-,04,21703,,N,C,C,A,A,H,-,C,A,0,,,Y,,Y,,C,02,0,0,1,0,0,0,0,0,1,"- ","- ",33.643020629882812,-117.95667266845703,ORANGE,"HUNTINGTON BEACH",-117.95697021484375,33.643161773681641
82135911,2023,2023-08-04,3019,2023-07-18,1900,3631,SC,2,5,7,3019,0,0,0,,0,004,"MCFADDEN AVENUE","FAIRVIEW STREET",480.00,E,N,A,-,N,,,,,,,,,,N,3,0,1,2,A,-,17,21663,,N,D,C,A,A,H,-,A,D,0,,,Y,,Y,,C,03,0,1,0,0,0,0,0,0,1,"- ","- ",33.734210968017578,-117.90704345703125,ORANGE,"SANTA ANA",-117.90521240234375,33.734508514404297
82136633,2023,2023-08-07,3015,2023-08-01,2058,1019,76,2,5,6,3015,0,0,0,,0,331,"WALNUT AVE","PROSPECT ST",0.00,,Y,-,-,N,,,,,,,,,,N,3,0,1,2,A,-,03,22350,,N,B,C,A,A,H,-,C,A,0,,,Y,,Y,,C,02,0,1,0,0,0,0,0,0,1,"- ","- ",33.795009613037109,-117.81813812255859,ORANGE,ORANGE,-117.81818389892578,33.795127868652344
82136645,2023,2023-08-07,3001,2023-08-03,"547 ",A1007,D-2,4,5,7,3001,0,0,0,,0,D-2,"STATE COLLEGE BOULEVARD","REDWOOD AVENUE",273.00,S,N,A,-,N,,,,,,,,,,N,4,0,2,2,A,-,09,21801,A,N,D,C,A,A,H,-,B,D,0,,,Y,,Y,,A,01,0,0,2,0,0,0,0,0,1,"- ","- ",33.843280792236328,-117.88883209228516,ORANGE,ANAHEIM,-117.88928985595703,33.844081878662109
82136695,2023,2023-08-07,3010,2023-07-30,1923,1118,495,7,5,6,3010,0,0,0,,0,002,"PACIFIC COAST HWY - SR1","BROOKHURST ST",50.00,S,N,A,-,Y,ORA,,1," "," ",22.085,H,,R,Y,3,0,1,3,A,-,07,21658,A,N,B,C,A,A,H,-,A,A,0,,,Y,,Y,,A,07,0,1,0,0,0,0,0,0,1,"- ","- ",33.6351318359375,-117.96417999267578,ORANGE,"HUNTINGTON BEACH",-117.96404266357422,33.635299682617188
82136962,2023,2023-08-10,3024,2023-06-17,1329,519,P-22,6,5,5,3024,0,0,0,,0,WEST,"BOLSA AVENUE","WEST DRIVE",0.00,,Y,A,-,N,,,,,,,,,,Y,2,0,1,2,A,-,03,22350,,N,D,C,A,A,H,-,A,A,0,,,Y,,Y,,C,02,1,0,0,0,0,0,0,0,1,"- ","- ",33.744400024414062,-118.01328277587891,ORANGE,WESTMINSTER,-118.01341247558594,33.744510650634766
82139190,2023,2023-08-09,3015,2023-08-06,1249,1250,RD44,7,5,6,3015,0,0,0,,0,711M,"HEWES ST","CHAPMAN AVE",79.00,S,N,A,-,N,,,,,,,,,,N,3,0,1,2,A,-,08,22107,,N,B,C,A,A,H,-,A,D,0,,,Y,,Y,,C,02,0,1,0,0,0,0,0,0,1,"- ","- ",33.78656005859375,-117.80571746826172,ORANGE,ORANGE,-117.80570983886719,33.787525177001953
82139243,2023,2023-08-09,3010,2023-07-27,1701,4094,451,4,5,6,3010,0,0,0,,0,004,"6TH ST","WALNUT AVE",146.00,S,N,A,-,N,,,,,,,,,,N,4,0,1,2,A,-,08,22107,,N,C,E,A,A,H,-,A,D,0,,,Y,,Y,,C,02,0,0,1,0,0,0,0,0,1,"- ","- ",,,ORANGE,"HUNTINGTON BEACH",-118.00299835205078,33.658889770507812
82139245,2023,2023-08-09,3010,2023-07-31,1540,2216,292,1,5,6,3010,0,0,0,,0,005,"TALBERT AVE","BEACH BL - SR39",133.00,W,N,A,-,N,,,,,,,,,,Y,2,0,1,2,A,-,08,22107,,N,B,C,A,A,H,-,A,A,0,,,Y,,Y,,A,01,1,0,0,0,0,0,0,0,1,"- ","- ",33.701221466064453,-117.98912048339844,ORANGE,"HUNTINGTON BEACH",-117.98902130126953,33.701251983642578
82139310,2023,2023-08-09,3008,2023-05-25,"551 ",1450,"ZONE ",4,5,6,3008,0,0,0,,0,,"STATE COLLEGE BLVD","FENDER AVE",0.00,,Y,A,-,N,,,,,,,,,,N,4,0,1,1,A,-,08,22107,,N,H,A,A,A,H,-,A,A,0,,,Y,,Y,,C,02,0,0,1,0,0,0,0,0,1,"- ","- ",,,ORANGE,FULLERTON,-117.88954162597656,33.868114471435547
82140161,2023,2023-09-12,3026,2023-08-04,"623 ",602,,5,5,6,3026,0,0,0,,0,004,"CULVER DR","WALNUT AVE",701.00,S,N,A,-,N,,,,,,,,,,Y,2,0,1,1,D,-,00,,,N,E,I,A,A,H,-,A,D,0,,,Y,,Y,Y,-,"- ",1,0,0,0,0,0,0,0,1,"- ","- ",33.704669952392578,-117.78780364990234,ORANGE,IRVINE,-117.78923797607422,33.703281402587891
82140233,2023,2023-08-11,3001,2023-08-03,1749,A2461,D-1,4,5,7,3001,0,0,0,,0,D-1,"BALL ROAD","WESTERN AVENUE",0.00,,Y,A,-,N,,,,,,,,,,Y,3,0,5,3,A,-,09,21801,A,N,A,C,A,A,H,-,A,A,0,,,Y,,Y,,C,06,0,2,3,0,0,0,0,0,2,"- ","- ",,,ORANGE,ANAHEIM,-118.00205993652344,33.817337036132812
82140377,2023,2023-08-10,3024,2023-07-05,1255,567,P-20,3,5,5,3024,0,0,0,,0,EAST,"WESTMINSTER BOULEVARD","MAGNOLIA STREET",255.00,W,N,A,-,N,,,,,,,,,,N,4,0,1,2,A,-,03,22350,,N,C,C,A,A,H,-,A,A,0,,,Y,,Y,,D,22,0,0,1,0,0,0,0,0,1,"- ","- ",33.758480072021484,-117.97499847412109,ORANGE,WESTMINSTER,-117.97325897216797,33.7593994140625
82140378,2023,2023-08-10,3024,2023-07-07,1616,400,P-12,5,5,5,3024,0,0,0,,0,WEST,"BEACH BOULEVARD (SR 39)","23RD STREET",0.00,,Y,A,-,Y,ORA,,39," "," ",7.993,H,,R,Y,3,0,1,2,A,-,09,21801,A,N,D,C,A,A,H,-,A,D,0,,,Y,,Y,,A,07,0,1,0,0,0,0,0,0,1,"- ","- ",33.764488220214844,-117.98960113525391,ORANGE,WESTMINSTER,-117.98960113525391,33.764488220214844
82141399,2023,2023-08-11,3019,2023-07-15,"111 ",3880,SC,6,5,7,3019,0,0,0,,0,004,"BRISTOL STREET","WALNUT STREET",260.00,S,N,F,-,N,,,,,,,,,,Y,4,0,1,1,A,-,08,22107,,N,E,I,A,A,H,-,C,D,0,,,Y,,Y,,C,03,0,0,1,0,0,0,0,0,1,"- ","- ",33.744281768798828,-117.88516998291016,ORANGE,"SANTA ANA",-117.88525390625,33.743778228759766
82144838,2023,2023-08-16,3010,2023-08-13,1751,6043,447,7,5,6,3010,0,0,0,,0,003,"SPRINGDALE ST","PRISCILLA DR",26.00,S,N,A,-,N,,,,,,,,,,N,3,0,1,1,A,-,03,22350,,N,F,A,A,A,B,-,C,D,0,,,Y,,Y,,O,05,0,1,0,0,0,0,0,0,1,"- ","- ",33.734580993652344,-118.02445983886719,ORANGE,"HUNTINGTON BEACH",-118.02411651611328,33.7344970703125
82145282,2023,2023-09-11,3007,2023-08-13,1558,283,16,7,5,5,3007,0,0,0,,0,002,EDINGER,"LOS GATOS",0.00,,Y,A,-,N,,,,,,,,,,Y,3,0,1,2,A,-,09,21804,A,N,D,C,A,A,H,-,A,A,0,,,Y,,Y,,A,01,0,1,0,0,0,0,0,0,1,"- ","- ",,,ORANGE,"FOUNTAIN VALLEY",-117.94172668457031,33.730846405029297
82145857,2023,2023-08-17,3015,2023-08-09,"701 ",1563,"RD 55",3,5,6,3015,0,0,0,,0,731M,"KATELLA AVE","TUSTIN ST",120.00,W,N,A,-,N,,,,,,,,,,Y,3,0,1,2,A,-,08,22107,,N,B,C,A,A,H,-,A,D,0,,,Y,,Y,,A,01,0,1,0,0,0,0,0,0,1,"- ","- ",33.809200286865234,-117.83582305908203,ORANGE,ORANGE,-117.83613586425781,33.809192657470703
82146178,2023,2023-08-17,3007,2023-07-12,"820 ",273,55,3,5,5,3007,0,0,0,,0,003,BROOKHURST,SLATER,827.00,S,N,A,-,N,,,,,,,,,,Y,4,0,1,2,A,-,05,21651,B,N,A,C,A,A,H,-,A,A,0,,,Y,,Y,,C,02,0,0,1,0,0,0,0,0,1,"- ","- ",,,ORANGE,"FOUNTAIN VALLEY",-117.95445251464844,33.706745147705078
82147934,2023,2023-08-21,3019,2023-08-04,1804,3776,WE,5,5,7,3019,0,0,0,,0,001,"BRISTOL STREET","MEMORY LANE",200.00,N,N,A,-,N,,,,,,,,,,Y,2,0,1,2,A,-,08,22107,,N,B,C,A,A,H,-,A,A,0,,,Y,,Y,,C,02,1,0,0,0,0,0,0,0,1,"- ","- ",33.772518157958984,-117.88437652587891,ORANGE,"SANTA ANA",-117.88484191894531,33.773677825927734
82149280,2023,2023-08-23,3015,2023-08-19,1326,1495,RD26S,6,5,6,3015,0,0,0,,0,712M,"CHAPMAN AVE","WAYFIELD ST",90.00,W,N,A,-,N,,,,,,,,,,Y,3,0,1,3,A,-,03,22350,,N,C,C,A,A,H,-,A,D,0,,,Y,,Y,,C,02,0,1,0,0,0,0,0,0,1,"- ","- ",33.787818908691406,-117.83331298828125,ORANGE,ORANGE,-117.83372497558594,33.787830352783203
82150633,2023,2023-08-23,3019,2023-08-03,1825,3698,WE,4,5,7,3019,0,0,0,,0,001,"NEWHOPE STREET","NEW BRITAIN COMMON",0.00,,Y,A,-,N,,,,,,,,,,Y,3,0,1,2,A,-,09,21801,A,N,F,A,A,A,H,-,A,D,0,,,Y,,Y,,A,01,0,1,0,0,0,0,0,0,1,"- ","- ",33.742031097412109,-117.92893981933594,ORANGE,"SANTA ANA",-117.92870330810547,33.742015838623047
82151111,2023,2023-08-23,3026,2023-07-26,2023,519,,3,5,6,3026,0,0,0,,0,002,JAMBOREE,DUPONT,199.00,S,N,A,-,N,,,,,,,,,,Y,4,0,1,2,A,-,03,22350,,N,C,C,A,A,H,-,C,A,0,,,Y,,Y,,C,02,0,0,1,0,0,0,0,0,1,"- ","- ",,,ORANGE,IRVINE,-117.85184478759766,33.668582916259766
82151827,2023,2023-08-25,3001,2023-08-09,"717 ",A1404,,3,5,7,3001,0,0,0,,0,,"LINCOLN AVENUE","MAGNOLIA AVENUE",1028.00,E,N,A,-,N,,,,,,,,,,N,3,0,1,3,A,-,04,21703,,N,C,C,A,A,H,-,A,A,0,,,Y,,Y,,C,02,0,1,0,0,0,0,0,0,1,"- ","- ",33.831840515136719,-117.97585296630859,ORANGE,ANAHEIM,-117.97261047363281,33.832210540771484
82151852,2023,2023-08-25,3001,2023-08-17,2315,A1906,D-3,4,5,7,3001,0,0,0,,0,D-3,"KATELLA AVENUE","STADIUM CROSSING",100.00,E,N,A,-,N,,,,,,,,,,Y,1,1,0,1,A,-,08,22107,,N,E,I,A,A,H,-,C,D,0,,,Y,,Y,,C,02,0,0,0,0,0,0,0,1,0,"- ","- ",33.803569793701172,-117.88661956787109,ORANGE,ANAHEIM,,
82151906,2023,2023-08-24,3010,2023-08-16,"957 ",1208,126,3,5,6,3010,0,0,0,,0,009,"BOLSA CHICA ST","RANCHO RD",46.00,S,N,A,-,N,,,,,,,,,,Y,3,0,1,2,A,-,21,22106,,N,C,C,A,A,H,-,A,A,0,,,Y,,Y,,A,01,0,1,0,0,0,0,0,0,1,"- ","- ",33.750480651855469,-118.04176330566406,ORANGE,"HUNTINGTON BEACH",-118.04178619384766,33.750144958496094
82151908,2023,2023-08-24,3010,2023-08-19,1136,1261,242,6,5,6,3010,0,0,0,,0,009,"BEACH BL - SR39","CENTER AVE",430.00,N,N,B,-,Y,ORA,,39," "," ",5.648,H,,R,Y,4,0,1,3,A,-,03,22350,,N,B,C,A,A,H,-,A,D,0,,,Y,,Y,,C,02,0,0,1,0,0,0,0,0,1,"- ","- ",33.730339050292969,-117.98915863037109,ORANGE,"HUNTINGTON BEACH",-117.98922729492188,33.730339050292969
82151920,2023,2023-08-24,3019,2023-08-02,"729 ",3295,NE,3,5,7,3019,0,0,0,,0,002,"TUSTIN AVENUE","17TH STREET",100.00,S,N,A,-,N,,,,,,,,,,N,3,0,1,2,A,-,06,21755,,N,B,C,A,A,H,-,A,D,0,,,Y,,Y,,C,02,0,1,0,0,0,0,0,0,1,"- ","- ",33.759658813476562,-117.83425903320312,ORANGE,"SANTA ANA",-117.83435821533203,33.759536743164062
82153874,2023,2023-08-28,3001,2023-08-07,1503,A2367,D-2,1,5,7,3001,0,0,0,,0,021,"EUCLID STREET","GLENOAKS AVENUE",332.00,S,N,A,-,N,,,,,,,,,,Y,1,1,1,2,A,-,09,21804,A,N,D,C,A,A,H,-,A,D,0,,,Y,,Y,,A,01,0,0,1,0,0,0,0,1,0,"- ","- ",,,ORANGE,ANAHEIM,-117.94160461425781,33.842041015625
82154029,2023,2023-08-25,3024,2023-07-16,1328,544,P-11,7,5,5,3024,0,0,0,,0,WEST,"GOLDENWEST STREET","WESTMINSTER BOULEVARD",40.00,N,N,A,-,N,,,,,,,,,,Y,2,0,1,2,A,-,03,22350,,N,B,C,A,A,H,-,A,A,0,,,Y,Y,Y,,C,02,1,0,0,0,0,0,0,0,1,"- ","- ",33.758678436279297,-118.00974273681641,ORANGE,WESTMINSTER,-118.00717163085938,33.759250640869141
82155079,2022,2023-08-28,3008,2022-11-03,1825,1351,ZONE,4,5,6,3008,0,0,0,,0,,"BROOKHURST RD","ORANGETHORPE AVE",100.00,S,N,A,-,N,,,,,,,,,,N,4,0,1,2,A,-,09,21804,A,F,D,C,A,A,H,-,B,D,0,,,Y,,Y,,C,02,0,0,1,0,0,0,0,0,1,"- ","- ",,,ORANGE,FULLERTON,-117.95929718017578,33.858924865722656
82155120,2023,2023-08-28,3024,2023-07-20,1217,400,P-10,4,5,5,3024,0,0,0,,0,WEST,"WESTMINSTER BOULEVARD","LA PAT PLACE",256.00,E,N,A,-,N,,,,,,,,,,Y,3,0,1,1,C,-,18,,,N,E,I,A,A,H,-,A,D,0,,,Y,,Y,,-,"- ",0,1,0,0,0,0,0,0,1,"- ","- ",33.759109497070312,-118.01460266113281,ORANGE,WESTMINSTER,-118.01396942138672,33.759063720703125
82157910,2023,2023-08-30,3001,2023-08-02,"550 ",A1007,D-4,3,5,7,3001,0,0,0,,0,D-4,"ANAHEIM BOULEVARD","COMMERCIAL STREET",0.00,,Y,A,-,N,,,,,,,,,,N,4,0,1,2,A,-,12,21453,A,N,D,C,A,A,H,-,B,A,0,,,Y,,Y,,O,05,0,0,1,0,0,0,0,0,0,"- ","- ",33.852668762207031,-117.91970825195312,ORANGE,ANAHEIM,-117.91986846923828,33.852672576904297
82157927,2023,2023-08-31,3001,2023-08-20,"25  ",A1047,,7,5,7,3001,0,0,0,,0,D-2,"SUNKIST STREET","PURITAN DRIVE",0.00,,Y,B,-,N,,,,,,,,,,Y,2,0,1,2,A,-,09,21801,A,N,B,C,A,A,H,-,C,D,0,,,Y,,Y,,A,01,1,0,0,0,0,0,0,0,1,"- ","- ",,,ORANGE,ANAHEIM,-117.88053131103516,33.835975646972656
82159056,2023,2023-08-31,3015,2023-08-25,1754,1545,RD55,5,5,6,3015,0,0,0,,0,721M,"KATELLA AVE","GLASSELL ST",825.00,E,N,A,-,N,,,,,,,,,,N,4,0,1,2,A,-,09,21804,A,M,B,C,A,A,H,-,A,D,0,,,Y,,Y,,A,08,0,0,1,0,0,0,0,0,1,"- ","- ",33.808498382568359,-117.85260772705078,ORANGE,ORANGE,-117.85301971435547,33.809089660644531
82159459,2023,2023-08-31,3026,2023-08-27,1204,12434,,7,5,6,3026,0,0,0,,0,001,"MAIN ST","PASEO WESTPARK",521.00,W,N,A,-,N,,,,,,,,,,N,3,0,1,1,A,-,03,22350,,N,E,I,A,A,H,-,A,D,0,,,Y,,Y,,C,03,0,1,0,0,0,0,0,0,1,"- ","- ",33.678520202636719,-117.82057952880859,ORANGE,IRVINE,-117.82230377197266,33.67877197265625
82161355,2023,2023-09-04,3022,2023-08-15,1912,1374,,2,5,5,3022,0,0,0,,0,,"PARKCENTER LN","EL CAMINO REAL",352.00,N,N,A,-,N,,,,,,,,,,Y,3,0,1,2,A,-,03,22350,,N,D,C,A,A,H,-,A,D,0,,,Y,,Y,,C,02,0,1,0,0,0,0,0,0,0,"- ","- ",33.729408264160156,-117.80422973632812,ORANGE,TUSTIN,-117.8045654296875,33.730232238769531
82161386,2023,2023-09-04,3010,2023-08-31,1541,4094,146,4,5,6,3010,0,0,0,,0,009,"EDINGER AVE","BOLSA CHICA ST",115.00,E,N,A,-,N,,,,,,,,,,N,4,0,1,2,A,-,21,22106,,N,C,C,A,A,H,-,A,D,0,,,Y,,Y,,A,01,0,0,1,0,0,0,0,0,1,"- ","- ",,,ORANGE,"HUNTINGTON BEACH",-118.04131317138672,33.729862213134766
82162039,2023,2023-09-05,3014,2023-08-24,1742,1527,RD16,4,5,5,3014,0,0,0,,0,"A1  ","BALBOA BLVD W","41ST ST",50.00,E,N,A,-,N,,,,,,,,,,Y,2,0,1,2,A,-,03,22350,,N,D,C,A,A,H,-,A,D,0,,,Y,,Y,,C,02,1,0,0,0,0,0,0,0,1,"- ","- ",33.619098663330078,-117.93649291992188,ORANGE,"NEWPORT BEACH",-117.93657684326172,33.619144439697266
82162050,2023,2023-09-05,3014,2023-08-31,1131,1527,RD24,4,5,5,3014,0,0,0,,0,"A2  ","SR-1 (W COAST HWY)","SR-55 (NEWPORT BLVD)",523.00,W,N,A,-,Y,ORA,,1," "," ",19.914,H,,R,Y,2,0,1,1,A,-,03,22350,,N,H,A,A,A,H,-,A,D,0,,,Y,,Y,,C,02,1,0,0,0,0,0,0,0,1,"- ","- ",33.621200561523438,-117.93128967285156,ORANGE,"NEWPORT BEACH",-117.93123626708984,33.621425628662109
82162881,2023,2023-09-06,3026,2023-09-02,"246 ",694,,6,5,6,3026,0,0,0,,0,007,"CULVER DR","TRABUCO RD",0.00,,Y,B,-,N,,,,,,,,,,Y,3,0,1,2,A,-,09,21453,C,N,D,C,A,A,H,-,C,A,0,,,Y,,Y,,C,02,0,1,0,0,0,0,0,0,1,"- ","- ",,,ORANGE,IRVINE,-117.78154754638672,33.710929870605469
82162979,2023,2023-09-06,3010,2023-09-03,2239,1152,326,7,5,6,3010,0,0,0,,0,004,"PACIFIC COAST HWY - SR1","SEAPOINT AVE",1452.00,S,N,A,-,Y,ORA,,1," "," ",27.046,H,,R,Y,3,0,1,2,A,-,01,23152,A,F,C,C,A,A,H,-,C,D,0,,,Y,,Y,Y,A,01,0,1,0,0,0,0,0,0,1,"- ","- ",33.680061340332031,-118.03220367431641,ORANGE,"HUNTINGTON BEACH",-118.03215789794922,33.680095672607422
82162995,2023,2023-09-06,3019,2023-08-30,1322,3382,SE,3,5,7,3019,0,0,0,,0,003,"GRAND AVENUE","WARNER AVENUE",290.00,S,N,A,-,N,,,,,,,,,,N,3,0,1,1,A,-,03,22350,,N,F,A,A,A,H,-,A,D,0,,,Y,,Y,,C,02,0,1,0,0,0,0,0,0,1,"- ","- ",33.71588134765625,-117.85060119628906,ORANGE,"SANTA ANA",-117.85059356689453,33.715106964111328
82164048,2023,2023-09-07,3015,2023-09-01,1157,1545,,5,5,6,3015,0,0,0,,0,721M,"SYCAMORE AVE","MAIN ST",0.00,,Y,A,-,N,,,,,,,,,,N,3,0,1,2,A,-,12,22450,A,N,E,J,A,A,H,-,A,A,0,,,Y,,Y,,A,01,0,1,0,0,0,0,0,0,1,"- ","- ",33.793048858642578,-117.86653137207031,ORANGE,ORANGE,-117.86655426025391,33.792984008789062
82164102,2023,2023-09-07,3019,2023-08-23,1428,3615,SE,3,5,7,3019,0,0,0,,0,003,"MAIN STREET","SAINT GERTRUDE PLACE",108.00,S,N,A,-,N,,,,,,,,,,Y,4,0,1,2,D,-,00,,,N,B,C,A,A,D,-,A,D,0,,,Y,,Y,,-,"- ",0,0,1,0,0,0,0,0,1,"- ","- ",33.719890594482422,-117.86785125732422,ORANGE,"SANTA ANA",-117.86786651611328,33.719394683837891
82165146,2023,2023-09-08,3001,2023-09-06,1913,A2576,D-3,3,5,7,3001,0,0,0,,0,D-3,"HARBOR BOULEVARD","BALL ROAD",158.00,S,N,A,-,N,,,,,,,,,,N,4,0,1,3,A,-,05,21651,B,N,D,C,A,A,H,-,C,D,0,,,Y,,Y,,C,03,0,0,1,0,0,0,0,0,1,"- ","- ",33.816879272460938,-117.91551971435547,ORANGE,ANAHEIM,-117.91551208496094,33.817596435546875
82165215,2023,2023-09-08,3010,2023-08-29,1530,1225,272,2,5,6,3010,0,0,0,,0,006,"BEACH BL - SR39","HOLLAND DR",20.00,S,N,A,-,Y,ORA,,39," "," ",4.173,H,,L,Y,3,0,1,2,A,-,09,21801,A,N,D,C,A,A,H,-,A,A,0,,,Y,,Y,,A,01,0,1,0,0,0,0,0,0,1,"- ","- ",33.709068298339844,-117.98931121826172,ORANGE,"HUNTINGTON BEACH",-117.98926544189453,33.709068298339844
82165942,2023,2023-09-08,3026,2023-08-17,1819,625,,4,5,6,3026,0,0,0,,0,007,"CULVER DR","BRYAN AVE",187.00,S,N,A,-,N,,,,,,,,,,N,4,0,1,1,A,-,08,22107,,N,E,I,A,A,H,-,A,D,0,,,Y,,Y,,C,02,0,0,1,0,0,0,0,0,1,"- ","- ",33.716018676757812,-117.77658081054688,ORANGE,IRVINE,-117.77701568603516,33.715572357177734
82166174,2023,2023-09-11,3010,2023-09-06,"814 ",3042,272,3,5,6,3010,0,0,0,,0,006,"OAK LN","MANDRELL DR",217.00,N,N,B,-,N,,,,,,,,,,N,3,0,1,2,A,-,09,21801,A,N,A,C,A,A,H,-,A,D,0,,,Y,,Y,,A,07,0,1,0,0,0,0,0,0,1,"- ","- ",33.710430145263672,-117.99360656738281,ORANGE,"HUNTINGTON BEACH",-117.99351501464844,33.712165832519531
82166352,2023,2023-09-11,3007,2023-08-24,"600 ",302,64,4,5,5,3007,0,0,0,,0,003,TALBERT,FOSTER,0.00,,Y,A,-,N,,,,,,,,,,Y,4,0,1,2,A,-,09,21801,A,N,D,C,A,A,H,-,A,A,0,,,Y,,Y,,A,01,0,0,1,0,0,0,0,0,1,"- ","- ",,,ORANGE,"FOUNTAIN VALLEY",-117.95700836181641,33.701679229736328
82168762,2023,2023-09-13,3019,2023-09-08,1333,3615,NE,5,5,7,3019,0,0,0,,0,002,"GRAND AVENUE","ROUTE 22 EB OFFRAMP",271.00,S,N,A,-,N,,,,,,,,,,Y,3,0,1,2,A,-,09,21801,A,N,D,C,A,A,H,-,A,D,0,,,Y,,Y,,A,01,0,1,0,0,0,0,0,0,1,"- ","- ",33.775100708007812,-117.85285186767578,ORANGE,"SANTA ANA",,
82170636,2023,2023-09-15,3010,2023-09-11,1241,1208,447,1,5,6,3010,0,0,0,,0,003,"BROOKHURST ST","PECK DR",50.00,N,N,B,-,N,,,,,,,,,,Y,3,0,1,2,A,-,07,21658,A,N,C,C,A,A,H,-,A,D,0,,,Y,,Y,,A,01,0,1,0,0,0,0,0,0,1,"- ","- ",33.666191101074219,-117.95487213134766,ORANGE,"HUNTINGTON BEACH",-117.95388031005859,33.66796875
82171563,2023,2023-09-18,3001,2023-08-31,1750,A2292,,4,5,7,3001,0,0,0,,0,,"STATE COLLEGE BOULEVARD","CERRITOS AVENUE",268.00,S,N,A,-,N,,,,,,,,,,Y,3,0,1,1,A,-,03,22350,,N,E,J,A,A,H,-,A,D,0,,,Y,,Y,,C,02,0,1,0,0,0,0,0,0,1,"- ","- ",33.810619354248047,-117.88925170898438,ORANGE,ANAHEIM,-117.88925170898438,33.809894561767578
82172948,2023,2023-09-18,3026,2023-09-07,1210,8929,,4,5,6,3026,0,0,0,,0,009,CHRYSLER,MORGAN,366.00,S,N,A,-,N,,,,,,,,,,Y,3,0,1,2,A,-,09,21804,A,N,D,C,A,A,H,-,A,D,0,,,Y,,Y,,A,01,0,1,0,0,0,0,0,0,1,"- ","- ",33.649078369140625,-117.71115112304688,ORANGE,IRVINE,-117.71183013916016,33.649967193603516
82174163,2023,2023-09-20,3001,2023-08-31,1523,A2382,,4,5,7,3001,0,0,0,,0,D-3,"WALNUT STREET","APOLLO AVENUE",133.00,S,N,A,-,N,,,,,,,,,,N,3,0,1,2,A,-,03,22350,,N,B,C,A,A,H,-,A,D,0,,,Y,,Y,,C,02,0,1,0,0,0,0,0,0,1,"- ","- ",,,ORANGE,ANAHEIM,-117.92848968505859,33.823554992675781
82175712,2023,2023-09-21,3024,2023-08-15,1531,468,P-01,2,5,5,3024,0,0,0,,0,WEST,"DUNCANNON AVENUE","TULANE STREET",98.00,W,N,A,-,N,,,,,,,,,,N,3,0,1,1,A,-,03,22350,,N,F,A,A,A,B,-,A,D,0,,,Y,,Y,,C,02,0,1,0,0,0,0,0,0,1,"- ","- ",33.767261505126953,-118.03768920898438,ORANGE,WESTMINSTER,-118.03792572021484,33.767112731933594
82176278,2023,2023-09-21,3014,2023-09-03,1830,1462,RD25,7,5,5,3014,0,0,0,,0,"A2  ","SR-1 (W. COAST HWY)","SR-55 (NEWPORT BLVD)",120.00,E,N,A,-,Y,,,,,,,,,,N,3,0,1,1,A,-,08,22107,,N,E,A,A,A,H,-,A,D,0,,,Y,,Y,,C,02,0,1,0,0,0,0,0,0,1,"- ","- ",33.620689392089844,-117.92888641357422,ORANGE,"NEWPORT BEACH",-117.92891693115234,33.621185302734375
82177604,2023,2023-09-25,3016,2023-08-31,"550 ",1257,33,4,5,5,3016,0,0,0,,0,,"ORANGETHORPE AVENUE","DEL CERRO",113.00,W,N,A,-,N,,,,,,,,,,Y,2,0,1,2,A,-,03,22350,,N,C,C,A,A,H,-,C,A,0,,,Y,,Y,,C,02,1,0,0,0,0,0,0,0,1,"- ","- ",33.860511779785156,-117.88076782226562,ORANGE,PLACENTIA,-117.84226226806641,33.868278503417969
82177657,2023,2023-09-25,3024,2023-07-05,1904,534,P-40,3,5,5,3024,0,0,0,,0,EAST,"BROOKHURST STREET","MARGO LANE",59.00,S,N,A,-,N,,,,,,,,,,N,3,0,2,1,A,-,07,21658,A,N,F,A,A,A,H,-,A,D,0,,,Y,,Y,,C,02,0,2,0,0,0,0,0,0,2,"- ","- ",33.734409332275391,-117.95475006103516,ORANGE,WESTMINSTER,-117.95479583740234,33.734237670898438
82177686,2023,2023-09-25,3007,2023-09-06,1825,306,56,3,5,5,3007,0,0,0,,0,002,TALBERT,WARD,0.00,,Y,A,-,N,,,,,,,,,,N,3,0,1,2,A,-,06,21750,A,N,B,C,A,A,H,-,A,A,0,,,Y,,Y,,C,02,0,1,0,0,0,0,0,0,1,"- ","- ",,,ORANGE,"FOUNTAIN VALLEY",-117.94561767578125,33.701786041259766
82178986,2023,2023-09-25,3026,2023-09-17,2125,648,,7,5,6,3026,0,0,0,,0,009,CADENCE,"RIDGE VALLEY",0.00,,Y,B,-,N,,,,,,,,,,N,3,0,1,1,A,-,03,22350,,N,H,A,A,A,H,-,C,A,0,,,Y,,Y,Y,C,03,0,1,0,0,0,0,0,0,1,"- ","- ",,,ORANGE,IRVINE,-117.73946380615234,33.685123443603516
82180693,2023,2023-09-27,3001,2023-09-15,2010,A2467,D-3,5,5,7,3001,0,0,0,,0,D-3,"DUPONT DRIVE","ORANGEWOOD AVENUE (W)",133.00,N,N,A,-,N,,,,,,,,,,N,4,0,1,2,A,-,08,22102,,N,D,C,A,A,H,-,C,D,0,,,Y,,Y,,A,01,0,0,1,0,0,0,0,0,1,"- ","- ",33.796100616455078,-117.88603210449219,ORANGE,ANAHEIM,-117.88572692871094,33.796131134033203
82180749,2023,2023-09-27,3010,2023-09-20,1911,3110,183,3,5,6,3010,0,0,0,,0,008,"PACIFIC COAST HWY - SR1","WARNER AVE",2110.00,S,N,A,-,Y,ORA,,1," "," ",29.893,H,,R,N,3,0,1,2,A,-,09,21801,A,N,C,C,A,A,H,-,D,D,0,,,Y,,Y,,A,01,0,1,0,0,0,0,0,0,1,"- ","- ",33.711490631103516,-118.06317901611328,ORANGE,"HUNTINGTON BEACH",-118.06299591064453,33.711635589599609
82180790,2023,2023-09-27,3019,2023-08-30,"735 ",3295,SC,3,5,7,3019,0,0,0,,0,001,"WILLITS STREET","WESTERN AVENUE (W)",0.00,,Y,A,-,N,,,,,,,,,,N,4,0,1,2,A,-,17,21228,,N,D,C,A,A,H,-,A,D,0,,,Y,,Y,,C,03,0,0,1,0,0,0,0,0,1,"- ","- ",33.739818572998047,-117.89122009277344,ORANGE,"SANTA ANA",-117.89115905761719,33.739936828613281
82180830,2023,2023-09-27,3019,2023-09-16,1205,3327,SE,6,5,7,3019,0,0,0,,0,,"GRAND AVENUE","WARNER AVENUE",30.00,N,N,A,-,N,,,,,,,,,,N,4,0,1,1,A,-,08,22107,,N,F,A,A,A,H,-,A,A,0,,,Y,,Y,,C,02,0,0,1,0,0,0,0,0,1,"- ","- ",33.714908599853516,-117.85128021240234,ORANGE,"SANTA ANA",-117.85057830810547,33.715980529785156
82180841,2023,2023-09-27,3019,2023-09-18,1556,3717,NE,1,5,7,3019,0,0,0,,0,001,"FLOWER STREET","CIVIC CENTER DRIVE",0.00,,Y,A,-,N,,,,,,,,,,Y,4,0,1,2,A,-,12,21453,A,N,D,C,A,A,H,-,A,A,0,,,Y,Y,Y,,C,02,0,0,1,0,0,0,0,0,1,"- ","- ",33.751510620117188,-117.87615203857422,ORANGE,"SANTA ANA",-117.87649536132812,33.751529693603516
82180853,2023,2023-09-27,3019,2023-09-19,2214,3881,WE,2,5,7,3019,0,0,0,,0,001,"BRISTOL STREET","MEMORY LANE",62.00,S,N,A,-,N,,,,,,,,,,N,4,0,1,2,A,-,09,21801,A,N,D,D,A,A,H,-,C,A,0,,,Y,,Y,,A,01,0,0,1,0,0,0,0,0,1,"- ","- ",33.773090362548828,-117.88462829589844,ORANGE,"SANTA ANA",-117.88485717773438,33.772960662841797
82182123,2023,2023-09-28,3019,2023-09-18,1102,2801,SC,1,5,7,3019,0,0,0,,0,004,"EDINGER AVENUE","FAIRVIEW STREET",413.00,E,N,A,-,N,,,,,,,,,,N,3,0,1,2,A,-,09,21804,A,N,D,C,A,A,H,-,A,D,0,,,Y,,Y,,A,01,0,1,0,0,0,0,0,0,1,"- ","- ",33.727321624755859,-117.90615844726562,ORANGE,"SANTA ANA",-117.90481567382812,33.727275848388672
82185257,2023,2023-10-02,3019,2023-08-20,1300,3792,SC,7,5,7,3019,0,0,0,,0,004,"DAHL LANE","FAIRVIEW STREET",50.00,W,N,C,-,N,,,,,,,,,,Y,4,0,1,3,A,-,03,22350,,N,-,C,A,B,H,-,A,D,0,,,Y,,Y,,A,07,0,0,1,0,0,0,0,0,0,"- ","- ",33.731529235839844,-117.90634155273438,ORANGE,"SANTA ANA",-117.90666198730469,33.731460571289062
82186662,2023,2023-10-02,3016,2023-08-28,1719,1299,16,1,5,5,3016,0,0,0,,0,001,"IMPERIAL HIGHWAY","ROSE DRIVE",748.00,W,N,A,-,N,,,,,,,,,,N,2,0,1,2,A,-,09,21804,A,N,D,D,A,A,H,-,A,D,0,,,Y,,Y,,A,07,1,0,0,0,0,0,0,0,0,"- ","- ",33.904659271240234,-117.84230804443359,ORANGE,PLACENTIA,-117.84433746337891,33.905338287353516
82189549,2023,2023-10-03,3014,2023-09-17,2313,1623,RD24,7,5,5,3014,0,0,0,,0,"A2  ","SR-1 (W COAST HWY)","SUPERIOR AVE",1408.00,W,N,A,-,Y,ORA,,1," "," ",20.662,H,,R,Y,2,0,1,1,A,-,03,22350,,N,E,I,A,A,H,-,C,D,0,,,Y,,Y,,C,02,1,0,0,0,0,0,0,0,1,"- ","- ",33.624801635742188,-117.94349670410156,ORANGE,"NEWPORT BEACH",-117.94342041015625,33.624942779541016
82192709,2023,2023-10-06,3001,2023-10-03,2248,A2813,D-2,2,5,7,3001,0,0,0,,0,D-2,"SANTA ANA STREET","CITRON STREET",0.00,,Y,A,-,N,,,,,,,,,,Y,2,0,2,2,A,-,01,23153,F,N,D,C,A,A,H,-,C,A,0,,,Y,,Y,,A,01,1,0,1,0,0,0,0,0,2,"- ","- ",33.828891754150391,-117.92201232910156,ORANGE,ANAHEIM,-117.92189025878906,33.828964233398438
82192765,2023,2023-10-06,3010,2023-09-28,1821,1015,197,4,5,6,3010,0,0,0,,0,008,"SPRINGDALE ST","KENBROOK DR",15.00,S,N,A,-,N,,,,,,,,,,N,3,0,1,2,A,-,03,22350,,N,C,E,A,A,H,-,B,D,0,,,Y,,Y,,C,02,0,1,0,0,0,0,0,0,1,"- ","- ",33.698558807373047,-118.02426910400391,ORANGE,"HUNTINGTON BEACH",-118.02384948730469,33.699211120605469
82192815,2023,2023-10-30,3008,2023-08-25,1457,1387,"ZONE ",5,5,6,3008,0,0,0,,0,,"ORANGETHORPE AVE","JEFFERSON AVE",58.00,W,N,A,-,N,,,,,,,,,,Y,3,0,1,2,A,-,08,22100,A,N,C,C,A,A,H,-,A,A,0,,,Y,,Y,,C,02,0,1,0,0,0,0,0,0,1,"- ","- ",,,ORANGE,FULLERTON,-117.93955230712891,33.859149932861328
82194866,2023,2023-10-10,3015,2023-10-07,1412,1250,RD26,6,5,6,3015,0,0,0,,0,711M,"TUSTIN ST","CHAPMAN AVE",0.00,,Y,A,-,N,,,,,,,,,,Y,2,0,1,2,A,-,09,21453,C,N,A,C,A,A,H,-,A,A,0,,,Y,,Y,,A,01,1,0,0,0,0,0,0,0,1,"- ","- ",33.787860870361328,-117.83567810058594,ORANGE,ORANGE,-117.83573913574219,33.787826538085938
82194888,2023,2023-10-10,3001,2023-10-07,2106,A2844,D-2,6,5,7,3001,0,0,0,,0,D-2,"STATE COLLEGE BOULEVARD","WESTPORT DRIVE",300.00,N,N,A,-,N,,,,,,,,,,N,4,0,1,1,A,-,03,22350,,N,H,A,A,A,H,-,B,A,0,,,Y,,Y,,C,02,0,0,1,0,0,0,0,0,1,"- ","- ",33.836811065673828,-117.88941192626953,ORANGE,ANAHEIM,-117.88918304443359,33.837612152099609
82194965,2023,2023-10-10,3008,2023-08-27,"20  ",1616,"ZONE ",7,5,6,3008,0,0,0,,0,,"COMMONWEALTH AVE","ACACIA AVE",50.00,E,N,A,-,N,,,,,,,,,,N,3,0,1,1,A,-,08,22107,,N,F,A,A,A,H,-,C,A,0,,,Y,,Y,,C,02,0,1,0,0,0,0,0,0,1,"- ","- ",,,ORANGE,FULLERTON,-117.89809417724609,33.870529174804688
82196658,2023,2023-10-11,3014,2023-10-01,1700,1623,RD24,7,5,5,3014,0,0,0,,0,"A2  ","SR-1 (W COAST HWY)","HOAG DR",307.00,E,N,A,-,Y,ORA,,1," "," ",19.963,H,,L,N,3,0,1,2,A,-,03,22350,,N,C,C,A,A,H,-,A,D,0,,,Y,,Y,,C,02,0,1,0,0,0,0,0,0,1,"- ","- ",33.621288299560547,-117.93209838867188,ORANGE,"NEWPORT BEACH",-117.93208312988281,33.621387481689453
82196842,2023,2023-10-12,3001,2023-10-09,1649,A2882,D-4,1,5,7,3001,0,0,0,,0,D-4,"TUSTIN AVENUE",LINK,0.00,,Y,A,-,N,,,,,,,,,,Y,3,0,1,2,A,-,12,21453,A,N,D,C,A,A,H,-,A,A,0,,,Y,,Y,,C,02,0,1,0,0,0,0,0,0,1,"- ","- ",,,ORANGE,ANAHEIM,,
82197924,2023,2023-10-13,3001,2023-10-11,"819 ",A1068,,3,5,7,3001,0,0,0,,0,,"SANTA ANA CANYON ROAD","AVENIDA MARGARITA",0.00,,Y,B,-,N,,,,,,,,,,Y,4,0,1,2,A,-,12,21453,A,N,D,C,A,A,H,-,A,A,0,,,Y,,Y,,-,"- ",0,0,1,0,0,0,0,0,1,"- ","- ",,,ORANGE,ANAHEIM,-117.79335021972656,33.851367950439453
82198027,2023,2023-10-16,3010,2023-10-09,1239,0147,262,1,5,6,3010,0,0,0,,0,007,"BEACH BL - SR39","TERRY DR",137.00,S,N,A,-,Y,ORA,,39," "," ",4.800,H,,L,Y,3,0,1,2,A,-,09,21804,A,N,D,C,A,A,H,-,A,D,0,,,Y,,Y,,A,08,0,1,0,0,0,0,0,0,1,"- ","- ",33.718170166015625,-117.98925018310547,ORANGE,"HUNTINGTON BEACH",-117.98926544189453,33.718170166015625
82198170,2023,2023-10-13,3002,2023-09-25,"754 ",1710,,1,5,4,3002,0,0,0,,0,012,"IMPERIAL HY","SATURN ST",800.00,E,N,A,-,Y,ORA,,90," "," ",6.962,H,,R,Y,3,0,3,3,A,-,09,21801,A,N,D,C,A,A,H,-,A,D,0,,,Y,,Y,,A,01,0,1,2,0,0,0,0,0,1,"- ","- ",33.911098480224609,-117.85733795166016,ORANGE,BREA,-117.85733795166016,33.911052703857422
82200564,2023,2023-10-17,3001,2023-09-30,2211,A2467,D-1,6,5,7,3001,0,0,0,,0,D-1,"LINCOLN AVENUE","CRESCENT WAY",0.00,,Y,A,-,N,,,,,,,,,,Y,4,0,1,2,A,-,09,21801,A,N,C,C,A,A,H,-,C,A,0,,,Y,,Y,,A,01,0,0,1,0,0,0,0,0,1,"- ","- ",33.832820892333984,-117.94737243652344,ORANGE,ANAHEIM,-117.94728851318359,33.832450866699219
82201792,2023,2023-10-18,3010,2023-10-12,1649,6044,437,4,5,6,3010,0,0,0,,0,003,"MAGNOLIA ST","CLIPPER DR",135.00,S,N,A,-,N,,,,,,,,,,Y,3,0,1,2,A,-,09,21804,A,N,D,C,A,A,H,-,A,D,0,,,Y,,Y,,A,01,0,1,0,0,0,0,0,0,1,"- ","- ",33.672611236572266,-117.97219085693359,ORANGE,"HUNTINGTON BEACH",-117.97126007080078,33.673648834228516
82203792,2023,2023-11-01,3026,2023-10-13,1402,727,,5,5,6,3026,0,0,0,,0,009,"IRVINE BLVD",AXIS,0.00,,Y,A,-,N,,,,,,,,,,Y,2,0,1,2,A,-,12,21453,A,N,D,C,A,A,H,-,A,A,0,,,Y,,Y,,A,07,1,0,0,0,0,0,0,0,1,"- ","- ",,,ORANGE,IRVINE,-117.70903778076172,33.672626495361328
82204287,2023,2023-10-20,3001,2023-10-18,1100,A2889,D-3,3,5,7,3001,0,0,0,,0,D-3,"KATELLA AVENUE","VARNA STREET",81.00,W,N,A,-,N,,,,,,,,,,N,3,0,2,3,A,-,03,22350,,N,C,C,A,A,H,-,A,A,0,,,Y,,Y,,C,02,0,1,1,0,0,0,0,0,1,"- ","- ",33.803298950195312,-117.94317626953125,ORANGE,ANAHEIM,-117.94340515136719,33.803237915039062
82206618,2023,2023-10-25,3001,2023-10-07,"227 ",A2900,D-1,6,5,7,3001,0,0,0,,0,D-1,"WESTERN AVENUE","TERANIMAR DRIVE",94.00,S,N,A,-,N,,,,,,,,,,Y,3,0,1,2,A,-,09,21802,A,N,D,C,A,A,H,-,C,D,0,,,Y,,Y,,A,01,0,1,0,0,0,0,0,0,1,"- ","- ",33.819599151611328,-118.00221252441406,ORANGE,ANAHEIM,-118.00209808349609,33.819351196289062
82206624,2023,2023-10-24,3001,2023-10-19,1611,A2461,D-3,4,5,7,3001,0,0,0,,0,D-3,"EUCLID STREET","PAMPAS LANE",41.00,S,N,A,-,N,,,,,,,,,,N,4,0,2,2,A,-,03,22350,,N,C,C,A,A,H,-,A,D,0,,,Y,,Y,,C,06,0,0,2,0,0,0,0,0,1,"- ","- ",,,ORANGE,ANAHEIM,-117.94151306152344,33.830589294433594
82206693,2023,2023-10-24,3010,2023-09-29,1730,2213,,5,5,6,3010,0,0,0,,0,007,"GOLDENWEST ST","HEIL AVE",115.00,N,N,A,-,N,,,,,,,,,,Y,4,0,1,2,A,-,01,23152,A,N,B,C,A,A,H,-,A,D,0,,,Y,,Y,Y,C,02,0,0,1,0,0,0,0,0,1,"- ","- ",33.722808837890625,-118.00666809082031,ORANGE,"HUNTINGTON BEACH",-118.00667572021484,33.723125457763672
82207864,2023,2023-10-25,3010,2023-10-21,1838,6046,476,6,5,6,3010,0,0,0,,0,002,"BROOKHURST ST","BAYBREEZE DR",600.00,N,N,A,-,N,,,,,,,,,,Y,3,0,1,2,A,-,09,21804,A,N,F,A,A,A,H,-,C,D,0,,,Y,,Y,,A,07,0,1,0,0,0,0,0,0,1,"- ","- ",33.646568298339844,-117.95400238037109,ORANGE,"HUNTINGTON BEACH",-117.95420837402344,33.646938323974609
82208063,2023,2023-10-25,3026,2023-10-01,1906,698,,7,5,6,3026,0,0,0,,0,007,"TWISTED OAK","NARROW PATH",656.00,N,N,A,-,N,,,,,,,,,,Y,3,0,1,2,A,-,03,22350,,N,A,C,A,A,H,-,A,D,0,,,Y,,Y,,-,"- ",0,1,0,0,0,0,0,0,1,"- ","- ",,,ORANGE,IRVINE,-117.75249481201172,33.736015319824219
82222134,2023,2023-10-30,3015,2023-10-24,1956,1563,"RD 20",2,5,6,3015,0,0,0,,0,731M,"SANTIAGO CANYON RD","RT 241 NB ONRAMP",0.00,,Y,A,-,Y,,,,,,,,,,Y,2,0,1,2,A,-,08,22107,,N,D,C,A,A,H,-,A,A,0,,,Y,,Y,,A,01,1,0,0,0,0,0,0,0,1,"- ","- ",33.779441833496094,-117.74890899658203,ORANGE,ORANGE,-117.74777221679688,33.780239105224609
82222208,2023,2023-10-30,3019,2023-10-18,1330,3295,SE,3,5,7,3019,0,0,0,,0,003,"WARNER AVENUE","STANDARD AVENUE",0.00,,Y,A,-,N,,,,,,,,,,N,4,0,1,2,D,-,00,,,M,B,G,A,A,H,-,A,A,0,,Y,Y,,Y,,-,"- ",0,0,1,0,0,0,1,0,0,"- ","- ",33.715988159179688,-117.85659027099609,ORANGE,"SANTA ANA",-117.85660552978516,33.715953826904297
82222592,2023,2025-01-08,3022,2023-10-11,1743,1342,,3,5,5,3022,0,0,0,,0,,"NEWPORT AV","BRYAN AV",263.00,N,N,A,-,N,,,,,,,,,,Y,3,0,1,2,A,-,09,21801,A,N,D,C,A,A,H,-,A,D,0,,,Y,,Y,,A,07,0,1,0,0,0,0,0,0,1,"- ","- ",33.743598937988281,-117.81642150878906,ORANGE,TUSTIN,-117.81596374511719,33.744289398193359
82223677,2023,2023-10-31,3001,2023-10-25,1557,A2332,D-2,3,5,7,3001,0,0,0,,0,D-2,"SUNKIST STREET","LINCOLN AVENUE",0.00,,Y,A,-,N,,,,,,,,,,Y,3,0,1,2,A,-,09,21801,A,N,D,C,A,A,H,-,A,A,0,,,Y,,Y,,A,01,0,1,0,0,0,0,0,0,1,"- ","- ",33.836891174316406,-117.88027191162109,ORANGE,ANAHEIM,-117.88048553466797,33.838550567626953
82223688,2023,2023-11-01,3001,2023-10-27,1859,A1047,,5,5,7,3001,0,0,0,,0,D-3,"ANAHEIM BOULEVARD","LORRAINE DRIVE",290.00,N,N,A,-,N,,,,,,,,,,Y,3,0,2,3,A,-,11,21954,A,N,G,B,D,A,H,-,C,D,0,Y,,Y,,Y,,N,60,0,2,0,0,1,0,0,0,1,"- ","- ",33.821090698242188,-117.90883636474609,ORANGE,ANAHEIM,-117.90921020507812,33.821575164794922
82225002,2023,2023-11-02,3008,2023-09-14,1650,1497,"ZONE ",4,5,6,3008,0,0,0,,0,,"YORBA LINDA BLVD","ALMIRA AVE",0.00,,Y,A,-,N,,,,,,,,,,Y,3,0,1,2,A,-,09,21801,A,N,D,C,A,A,H,-,A,D,0,,,Y,,Y,,A,07,0,1,0,0,0,0,0,0,1,"- ","- ",,,ORANGE,FULLERTON,-117.88761901855469,33.88861083984375
82226118,2023,2023-11-03,3010,2023-10-31,1509,1015,283,2,5,6,3010,0,0,0,,0,006,"NEWLAND ST","EL ARROYO DR",15.00,N,N,A,-,N,,,,,,,,,,Y,3,0,1,2,A,-,09,21802,A,F,D,C,A,A,H,-,A,A,0,,,Y,,Y,,-,99,0,1,0,0,0,0,0,0,1,"- ","- ",33.703971862792969,-117.98068237304688,ORANGE,"HUNTINGTON BEACH",-117.98042297363281,33.705291748046875
82226224,2023,2023-11-02,3024,2023-10-02,"806 ",511,P-11,1,5,5,3024,0,0,0,,0,WEST,"GOLDENWEST STREET","WYOMING STREET",0.00,,Y,A,-,N,,,,,,,,,,N,3,0,1,2,A,-,10,21950,A,N,G,B,B,A,H,-,A,A,0,Y,,Y,,Y,,C,06,0,1,0,0,1,0,0,0,0,"- ","- ",33.760971069335938,-118.00714874267578,ORANGE,WESTMINSTER,-118.00717926025391,33.760944366455078
82227958,2023,2023-11-06,3026,2023-09-22,1543,695,,5,5,6,3026,0,0,0,,0,008,"SCENTED VIOLET","STARRY IRIS",0.00,,Y,A,-,N,,,,,,,,,,N,3,0,1,1,C,-,18,,,N,G,A,A,A,H,-,A,D,0,,,Y,,Y,,-,"- ",0,1,0,0,0,0,0,0,1,"- ","- ",,,ORANGE,IRVINE,-117.76010894775391,33.685722351074219
82227980,2023,2023-11-06,3015,2023-10-08,"900 ",1717,RD37,7,5,6,3015,0,0,0,,0,222,"LINCOLN AVE","ANCHOR AVE",66.00,W,N,A,-,N,,,,,,,,,,Y,3,0,1,1,A,-,03,22350,,N,F,A,A,B,H,-,A,D,0,,,Y,,Y,,C,02,0,1,0,0,0,0,0,0,1,"- ","- ",33.836761474609375,-117.842529296875,ORANGE,ORANGE,-117.84282684326172,33.836776733398438
82228065,2023,2023-11-06,3019,2023-10-13,1100,3891,WE,5,5,7,3019,0,0,0,,0,001,"MAIN STREET","17TH STREET",81.00,N,N,A,-,N,,,,,,,,,,N,4,0,1,2,A,-,21,22106,,N,C,D,A,A,H,-,A,A,0,,,Y,,Y,,A,01,0,0,1,0,0,0,0,0,1,"- ","- ",33.759231567382812,-117.86744689941406,ORANGE,"SANTA ANA",-117.86759185791016,33.760181427001953
82229638,2023,2023-11-09,3008,2023-09-13,1747,1497,"ZONE ",3,5,6,3008,0,0,0,,0,,"BREA BLVD","BARBARA BLVD",0.00,,Y,A,-,N,,,,,,,,,,Y,2,0,3,2,A,-,09,21801,A,N,D,C,A,A,H,-,A,D,0,,,Y,,Y,,A,07,1,1,1,0,0,0,0,0,1,"- ","- ",,,ORANGE,FULLERTON,-117.91807556152344,33.89093017578125
82230447,2023,2023-11-07,3014,2023-11-03,2048,1623,RD47,5,5,5,3014,0,0,0,,0,"A4  ","MACARTHUR BLVD",SR-1,221.00,N,N,A,-,N,,,,,,,,,,Y,3,0,1,1,A,-,01,23152,,N,F,A,A,A,H,-,C,D,0,,,Y,,Y,Y,C,02,0,1,0,0,0,0,0,0,1,"- ","- ",33.604591369628906,-117.87329864501953,ORANGE,"NEWPORT BEACH",-117.87360382080078,33.604595184326172
82230597,2023,2023-11-09,3001,2023-10-10,"800 ",A1007,,2,5,7,3001,0,0,0,,0,,"SUNKIST STREET","AMES AVENUE",0.00,,Y,A,-,N,,,,,,,,,,N,3,0,1,2,A,-,05,21650,,N,D,C,A,A,H,-,A,D,0,,,Y,,Y,,C,03,0,1,0,0,0,0,0,0,1,"- ","- ",33.828361511230469,-117.88023376464844,ORANGE,ANAHEIM,-117.88050842285156,33.828426361083984
82230644,2023,2023-11-08,3019,2023-10-08,"902 ",3829,WE,7,5,7,3019,0,0,0,,0,001,"1ST STREET","HESPERIAN STREET",198.00,W,N,-,-,N,,,,,,,,,,N,2,0,1,2,A,-,09,21804,A,N,D,C,A,A,H,-,A,D,0,,,Y,,Y,,A,07,1,0,0,0,0,0,0,0,1,"- ","- ",33.745258331298828,-117.88687133789062,ORANGE,"SANTA ANA",-117.88758850097656,33.745452880859375
82231426,2023,2023-11-08,3007,2023-10-24,"802 ",289,56,2,5,5,3007,0,0,0,,0,002,"SLATER AVENUE","WARD STREET",250.00,E,N,A,-,N,,,,,,,,,,N,4,0,1,2,A,-,09,21804,A,N,D,C,A,A,H,-,A,D,0,,,Y,,Y,,C,02,0,0,1,0,0,0,0,0,1,"- ","- ",,,ORANGE,"FOUNTAIN VALLEY",-117.94487762451172,33.709049224853516
82232763,2023,2023-11-13,3001,2023-11-07,2053,A2378,D-3,2,5,7,3001,0,0,0,,0,D-3,"EUCLID STREET","LINCOLN AVENUE",120.00,S,N,A,-,N,,,,,,,,,,N,3,0,1,2,A,-,03,22350,,M,C,C,A,A,H,-,E,A,0,,,Y,,Y,,A,01,0,1,0,0,0,0,0,0,1,"- ","- ",33.832721710205078,-117.94159698486328,ORANGE,ANAHEIM,-117.94148254394531,33.832439422607422
82232878,2023,2023-11-13,3019,2023-09-29,2008,3733,SE,5,5,7,3019,0,0,0,,0,003,"MACARTHUR BOULEVARD","BIRCH STREET",0.00,,Y,A,-,N,,,,,,,,,,Y,3,0,1,2,A,-,09,21801,A,N,D,C,A,A,H,-,C,A,0,,,Y,,Y,,A,01,0,1,0,0,0,0,0,0,1,"- ","- ",33.699810028076172,-117.87168884277344,ORANGE,"SANTA ANA",-117.87171936035156,33.699943542480469
82233050,2023,2023-11-13,3024,2023-10-04,"848 ",329,P-23,3,5,5,3024,0,0,0,,0,WEST,"BOLSA AVENUE","HOOVER STREET",72.00,W,N,A,-,N,,,,,,,,,,N,2,0,1,2,A,-,07,21658,A,N,B,C,A,A,H,-,A,A,0,,,Y,,Y,,A,01,1,0,0,0,0,0,0,0,1,"- ","- ",33.744739532470703,-117.99826812744141,ORANGE,WESTMINSTER,-117.99854278564453,33.744621276855469
82233388,2023,2023-11-13,3019,2023-10-13,2246,3727,NE,5,5,7,3019,0,0,0,,0,002,"17TH STREET","SANTIAGO AVENUE",0.00,,Y,A,-,N,,,,,,,,,,Y,3,0,1,2,A,-,12,21453,A,N,D,C,A,A,H,-,C,A,0,,,Y,,Y,,C,02,0,1,0,0,0,0,0,0,1,"- ","- ",33.759071350097656,-117.86004638671875,ORANGE,"SANTA ANA",-117.86014556884766,33.760051727294922
82233390,2023,2023-11-13,3019,2023-10-14,"110 ",3767,WE,6,5,7,3019,0,0,0,,0,001,"BRISTOL STREET","MEMORY LANE",60.00,S,N,A,-,N,,,,,,,,,,Y,2,0,1,2,A,-,09,21801,A,N,D,C,A,A,H,-,C,D,0,,,Y,,Y,,A,01,1,0,0,0,0,0,0,0,1,"- ","- ",33.772518157958984,-117.88437652587891,ORANGE,"SANTA ANA",-117.88485717773438,33.772964477539062
82233750,2023,2024-02-22,3026,2023-10-27,1819,625,,5,5,6,3026,0,0,0,,0,007,"PORTOLA PKWY","261 SB TO PORTOLA RAMP",44.00,S,N,A,-,Y,,,,,,,,,,N,4,0,1,2,A,-,08,22107,,N,B,C,A,A,H,-,C,A,0,,,Y,,Y,,A,01,0,0,1,0,0,0,0,0,1,"- ","- ",33.740409851074219,-117.76615905761719,ORANGE,IRVINE,-117.73648834228516,33.490867614746094
82233853,2023,2023-11-15,3008,2023-09-24,1310,1582,"ZONE ",7,5,6,3008,0,0,0,,0,,"STATE COLLEGE BLVD","NUTWOOD AVE",0.00,,Y,A,-,N,,,,,,,,,,Y,3,0,1,2,A,-,12,21453,A,N,D,C,A,A,H,-,A,A,0,,,Y,,Y,,C,03,0,1,0,0,0,0,0,0,1,"- ","- ",,,ORANGE,FULLERTON,-117.88975524902344,33.877700805664062
82233854,2023,2023-11-14,3008,2023-09-26,"659 ",1582,"ZONE ",2,5,6,3008,0,0,0,,0,,"CHAPMAN AVE","ACACIA AVE",0.00,,Y,A,-,N,,,,,,,,,,Y,2,0,1,2,A,-,09,21801,A,N,D,C,A,A,H,-,A,A,0,,,Y,,Y,,A,07,1,0,0,0,0,0,0,0,1,"- ","- ",,,ORANGE,FULLERTON,-117.89833068847656,33.874164581298828
82236300,2023,2023-11-15,3010,2023-11-08,1345,1208,443,3,5,6,3010,0,0,0,,0,003,"BEACH BL - SR39","INDIANAPOLIS AVE",0.00,,Y,A,-,Y,,,,,,,,,,Y,3,0,1,2,A,-,01,23152,A,F,D,C,A,A,H,-,A,A,0,,,Y,,Y,Y,A,01,0,1,0,0,0,0,0,0,1,"- ","- ",33.663761138916016,-117.98963928222656,ORANGE,"HUNTINGTON BEACH",-117.98837280273438,33.664924621582031
82237370,2023,2023-11-17,3001,2023-11-06,1334,A2367,D-2,1,5,7,3001,0,0,0,,0,D-2,"ORANGETHORPE AVENUE","LEMON STREET",355.00,E,N,A,-,N,,,,,,,,,,Y,4,0,1,2,A,-,06,21755,A,N,B,C,A,A,H,-,A,D,0,,,Y,,Y,,C,02,0,0,1,0,0,0,0,0,1,"- ","- ",,,ORANGE,ANAHEIM,-117.918701171875,33.859508514404297
82238484,2023,2023-11-17,3001,2023-11-09,1513,A2883,D-3,4,5,7,3001,0,0,0,,0,D-3,BROADWAY,"CITRON STREET",20.00,W,N,A,-,N,,,,,,,,,,N,4,0,1,3,A,-,08,22107,,M,B,C,A,A,H,-,A,A,0,,,Y,,Y,,A,01,0,0,1,0,0,0,0,0,1,"- ","- ",33.831058502197266,-117.92268371582031,ORANGE,ANAHEIM,-117.92265319824219,33.831146240234375
82239944,2023,2023-11-20,3016,2023-11-07,2101,1283,24,2,5,5,3016,0,0,0,,0,002,"KRAEMER BOULEVARD","HAWAII WAY",14.00,N,N,B,-,N,,,,,,,,,,Y,3,0,1,2,A,-,03,22350,,N,C,C,A,A,H,-,C,A,0,,,Y,,Y,,A,07,0,1,0,0,0,0,0,0,1,"- ","- ",33.869659423828125,-117.86253356933594,ORANGE,PLACENTIA,-117.86310577392578,33.869789123535156
82239954,2023,2023-11-20,3019,2023-10-29,1009,3823,SE,7,5,7,3019,0,0,0,,0,003,"1ST STREET","SYCAMORE STREET",0.00,,Y,A,-,N,,,,,,,,,,Y,4,0,1,2,A,-,09,21801,A,N,D,C,A,A,H,-,A,A,0,,,Y,,Y,,A,07,0,0,1,0,0,0,0,0,1,"- ","- ",33.745361328125,-117.86844635009766,ORANGE,"SANTA ANA",-117.86871337890625,33.745418548583984
82239959,2023,2023-11-20,3019,2023-10-30,1449,3631,SC,1,5,7,3019,0,0,0,,0,004,"FAIRVIEW STREET","MACARTHUR BOULEVARD",588.00,N,N,A,-,N,,,,,,,,,,N,4,0,1,2,A,-,09,21801,A,N,D,C,A,A,H,-,A,D,0,,,Y,,Y,,A,07,0,0,1,0,0,0,0,0,1,"- ","- ",33.700180053710938,-117.90770721435547,ORANGE,"SANTA ANA",-117.90782928466797,33.701522827148438
82241267,2023,2023-11-21,3002,2023-10-28,1254,1694,,6,5,4,3002,0,0,0,,0,012,"VALENCIA AV","LAMBERT RD",16.00,S,N,A,-,Y,ORA,,142," ",R,1.768,H,,R,Y,3,0,1,2,A,-,09,21453,B,N,B,C,A,A,H,-,A,A,0,,,Y,,Y,,C,02,0,1,0,0,0,0,0,0,1,"- ","- ",33.924171447753906,-117.84767150878906,ORANGE,BREA,-117.84764862060547,33.924121856689453
82242318,2023,2023-11-23,3001,2023-11-04,1402,A2467,D-2,6,5,7,3001,0,0,0,,0,D-2,"UNDERHILL AVENUE","CAROLYN WAY",0.00,,Y,A,-,N,,,,,,,,,,Y,4,0,1,2,A,-,09,21801,A,M,F,A,A,A,H,-,A,D,0,,,Y,,Y,,D,22,0,0,1,0,0,0,0,0,0,"- ","- ",33.840610504150391,-117.88703918457031,ORANGE,ANAHEIM,-117.88736724853516,33.842170715332031
82242322,2023,2023-11-23,3001,2023-11-16,1443,A2367,D-4,4,5,7,3001,0,0,0,,0,D-4,"GLASSELL STREET","FRONTERA STREET",0.00,,Y,A,-,N,,,,,,,,,,Y,4,0,1,2,A,-,09,21801,A,N,D,C,A,A,H,-,A,A,0,,,Y,,Y,,D,22,0,0,1,0,0,0,0,0,1,"- ","- ",,,ORANGE,ANAHEIM,-117.85449981689453,33.846298217773438
82242328,2023,2023-11-22,3001,2023-11-17,1841,A1906,D-2,5,5,7,3001,0,0,0,,0,D-2,"LA PALMA AVENUE","EAST STREET",364.00,W,N,A,-,N,,,,,,,,,,Y,3,0,1,2,A,-,09,21801,A,N,H,A,A,A,H,-,C,D,0,,,Y,,Y,,A,01,0,1,0,0,0,0,0,0,1,"- ","- ",,,ORANGE,ANAHEIM,-117.90689849853516,33.8472900390625
82243405,2023,2023-11-23,3019,2023-10-11,1338,2801,NE,3,5,7,3019,0,0,0,,0,002,"GRAND AVENUE","15TH STREET (N)",7.00,N,N,A,-,N,,,,,,,,,,N,3,0,1,2,A,-,08,22107,,N,-,A,A,A,H,-,A,D,0,,,Y,,Y,,C,02,0,1,0,0,0,0,0,0,1,"- ","- ",33.757858276367188,-117.85193634033203,ORANGE,"SANTA ANA",-117.85192108154297,33.757740020751953
82243636,2023,2023-11-24,3001,2023-11-07,2127,A1962,,2,5,7,3001,0,0,0,,0,,"LINCOLN AVENUE","NB 57 OFF RAMP",230.00,W,N,A,-,Y,,,,,,,,,,Y,3,0,1,3,A,-,07,21658,A,N,B,C,A,A,H,-,C,A,0,,,Y,,Y,Y,A,01,0,1,0,0,0,0,0,0,1,"- ","- ",,,ORANGE,ANAHEIM,,
82243678,2023,2023-11-29,3002,2023-11-01,1517,1684,,3,5,4,3002,0,0,0,,0,014,"LAMBERT RD","RT 57 SB OFFRAMP",0.00,,Y,A,-,N,,,,,,,,,,N,4,0,1,2,A,-,17,21228,A,N,D,C,A,A,D,-,A,A,0,,,Y,,Y,,C,03,0,0,1,0,0,0,0,0,1,"- ","- ",33.924819946289062,-117.88102722167969,ORANGE,BREA,-117.88028717041016,33.925285339355469
82244397,2023,2023-11-27,3001,2023-11-05,1231,A2576,,7,5,7,3001,0,0,0,,0,,"BEACH BOULEVARD","YOUTH CENTER DRIVE",74.00,S,N,A,-,Y,ORA,,39," "," ",12.421,H,,R,N,3,0,1,1,A,-,03,22350,,N,H,A,A,A,H,-,A,A,0,,,Y,,Y,,C,02,0,1,0,0,0,0,0,0,1,"- ","- ",33.828220367431641,-117.99339294433594,ORANGE,ANAHEIM,-117.99330139160156,33.828220367431641
82246032,2023,2023-11-28,3010,2023-11-08,2012,3162,422,3,5,6,3010,0,0,0,,0,005,"BEACH BL - SR39","GARFIELD AVE",0.00,,Y,A,-,Y,ORA,,39," "," ",2.649,H,,L,Y,3,0,1,2,A,-,09,21453,C,N,A,C,A,A,H,-,C,A,0,,,Y,,Y,,A,01,0,1,0,0,0,0,0,0,1,"- ","- ",33.686710357666016,-117.98921203613281,ORANGE,"HUNTINGTON BEACH",-117.9888916015625,33.686714172363281
82247383,2023,2023-11-29,3008,2023-10-05,1535,1484,"ZONE ",4,5,6,3008,0,0,0,,0,,"COMMONWEALTH AVE","DRAKE AVE",184.00,W,N,A,-,N,,,,,,,,,,N,4,0,1,2,A,-,17,21663,,N,D,C,A,A,H,-,A,D,0,,,Y,,Y,,C,03,0,0,1,0,0,0,0,0,1,"- ","- ",,,ORANGE,FULLERTON,-117.93589782714844,33.870273590087891
82249570,2023,2023-11-30,3014,2023-11-26,1934,1462,RD25,7,5,5,3014,0,0,0,,0,"A2  ","SR-55 (NEWPORT BLVD.)","SR-1 (W. COAST HWY.)",94.00,N,N,A,-,Y,ORA,,55," "," ",0.307,H,,R,Y,3,0,1,1,A,-,03,22350,,N,H,A,A,A,H,-,C,D,0,,,Y,,Y,,C,02,0,1,0,0,0,0,0,0,1,"- ","- ",33.621601104736328,-117.92910003662109,ORANGE,"NEWPORT BEACH",-117.92918395996094,33.621623992919922
82250475,2023,2023-12-04,3019,2023-11-29,1550,3550,WE,3,5,7,3019,0,0,0,,0,001,"ALONA STREET","18TH STREET",0.00,,Y,A,-,N,,,,,,,,,,N,3,0,1,1,A,-,03,22350,,N,H,J,A,A,H,-,A,D,0,,,Y,,Y,,C,03,0,1,0,0,0,0,0,0,1,"- ","- ",33.760910034179688,-117.89373016357422,ORANGE,"SANTA ANA",-117.89366149902344,33.760791778564453
82250700,2022,2023-12-04,3024,2022-10-11,1818,537,P-15,2,5,5,3024,0,0,0,,0,WEST,"WESTMINSTER BOULEVARD","HAMMON PLACE",0.00,,Y,A,-,N,,,,,,,,,,Y,3,0,1,2,A,-,09,21801,A,N,D,C,A,A,H,-,A,D,0,,,Y,,Y,,A,07,0,1,0,0,0,0,0,0,1,"- ","- ",,,ORANGE,WESTMINSTER,-118.02992248535156,33.759063720703125
82251218,2023,2023-12-04,3024,2023-10-10,2019,224,P-20,2,5,5,3024,0,0,0,,0,EAST,"MAGNOLIA STREET","WESTMINSTER BOULEVARD",645.00,S,N,B,-,N,,,,,,,,,,Y,2,0,1,3,A,-,09,21801,A,N,D,C,A,A,H,-,C,D,0,,,Y,,Y,,A,01,1,0,0,0,0,0,0,0,1,"- ","- ",33.759391784667969,-117.97209167480469,ORANGE,WESTMINSTER,-117.97238922119141,33.757640838623047
82252566,2023,2023-12-05,3019,2023-11-17,1719,3201,SE,5,5,7,3019,0,0,0,,0,003,"HICKORY STREET","MCFADDEN AVENUE",0.00,,Y,A,-,N,,,,,,,,,,Y,2,0,1,2,A,-,03,22350,,N,B,C,A,A,H,-,C,D,0,,,Y,,Y,,C,02,1,0,0,0,0,0,0,0,1,"- ","- ",33.732639312744141,-117.86089324951172,ORANGE,"SANTA ANA",-117.86057281494141,33.733566284179688
82252585,2023,2023-12-05,3008,2023-10-23,1444,1295,"ZONE ",1,5,6,3008,0,0,0,,0,,"LEMON ST","DURST RD",200.00,N,N,A,-,N,,,,,,,,,,N,3,0,1,2,A,-,03,22350,,N,C,C,A,A,H,-,A,D,0,,,Y,,Y,,C,06,0,1,0,0,0,0,0,0,0,"- ","- ",,,ORANGE,FULLERTON,-117.91986083984375,33.857559204101562
82253530,2023,2023-12-06,3001,2023-12-01,1623,A2332,D-1,5,5,7,3001,0,0,0,,0,D-1,"LINCOLN AVENUE","BEACH BOULEVARD",336.00,W,N,A,-,N,,,,,,,,,,Y,4,0,1,2,A,-,06,21755,,N,D,C,A,A,H,-,B,D,0,,,Y,,Y,,C,02,0,0,1,0,0,0,0,0,1,"- ","- ",,,ORANGE,ANAHEIM,-117.99448394775391,33.831989288330078
82253584,2023,2023-12-06,3010,2023-11-26,1254,6047,171,7,5,6,3010,0,0,0,,0,008,"WARNER AVE","EDGEWATER LANE",40.00,W,N,A,-,N,,,,,,,,,,Y,3,0,1,2,A,-,04,21703,,N,C,C,A,A,H,-,A,D,0,,,Y,,Y,,D,22,0,1,0,0,0,0,0,0,1,"- ","- ",,,ORANGE,"HUNTINGTON BEACH",-118.05300140380859,33.711738586425781
82253610,2023,2023-12-06,3019,2023-11-30,1710,2595,SE,4,5,7,3019,0,0,0,,0,003,"GRAND AVENUE","EDINGER AVENUE",300.00,S,Y,A,-,N,,,,,,,,,,Y,2,0,1,2,A,-,03,22350,,F,C,C,A,A,H,-,C,D,0,,,Y,,Y,,-,99,1,0,0,0,0,0,0,0,1,"- ","- ",33.726718902587891,-117.85031127929688,ORANGE,"SANTA ANA",-117.85050201416016,33.725898742675781
82255691,2023,2023-12-07,3010,2023-12-04,1030,6048,283,1,5,6,3010,0,0,0,,0,006,"BEACH BL - SR39","RONALD RD",0.00,,Y,A,-,Y,ORA,,39," "," ",3.790,H,,R,Y,4,0,1,2,A,-,09,21804,A,N,D,C,A,A,H,-,A,A,0,,,Y,,Y,,C,02,0,0,1,0,0,0,0,0,1,"- ","- ",33.703620910644531,-117.98911285400391,ORANGE,"HUNTINGTON BEACH",-117.98908996582031,33.703620910644531
82255855,2023,2023-12-07,3024,2023-10-22,1242,503,P-39,7,5,5,3024,0,0,0,,0,EAST,"MCFADDEN AVENUE","BUSHARD STREET",235.00,E,N,A,-,N,,,,,,,,,,Y,3,0,1,1,A,-,03,22350,,N,F,A,A,A,H,-,A,A,0,,,Y,,Y,,C,02,0,1,0,0,0,0,0,0,1,"- ","- ",33.736591339111328,-117.96650695800781,ORANGE,WESTMINSTER,-117.96266174316406,33.737628936767578
82256768,2023,2023-12-08,3015,2023-12-05,1221,1732,23W,2,5,6,3015,0,0,0,,0,711M,"ORANGE ST","MAPLE AVE",339.00,S,N,A,-,N,,,,,,,,,,Y,2,0,1,2,A,-,09,21801,A,N,D,C,A,A,H,-,A,D,0,,,Y,,Y,,A,01,1,0,0,0,0,0,0,0,1,"- ","- ",33.789718627929688,-117.85195159912109,ORANGE,ORANGE,-117.85201263427734,33.788749694824219
82256953,2023,2023-12-08,3024,2023-10-13,"31  ",475,P-01,5,5,5,3024,0,0,0,,0,WEST,"BOLSA CHICA ROAD","GARDEN GROVE BOULEVARD",0.00,,Y,A,-,N,,,,,,,,,,Y,4,0,1,1,A,-,03,22350,,N,E,I,A,A,D,-,C,A,0,,,Y,,Y,,C,02,0,0,1,0,0,0,0,0,1,"- ","- ",33.773891448974609,-118.03842163085938,ORANGE,WESTMINSTER,-118.03849029541016,33.773941040039062
82256965,2023,2023-12-08,3024,2023-11-01,1545,468,P-34,3,5,5,3024,0,0,0,,0,EAST,"MAGNOLIA STREET","MCFADDEN AVENUE",44.00,N,N,A,-,N,,,,,,,,,,N,3,0,1,2,A,-,09,21453,B,N,B,C,A,A,H,-,A,A,0,,,Y,,Y,,A,01,0,1,0,0,0,0,0,0,0,"- ","- ",33.737560272216797,-117.97228240966797,ORANGE,WESTMINSTER,-117.97216033935547,33.737689971923828
82257284,2023,2023-12-08,3014,2023-11-17,1351,1527,RD17,5,5,5,3014,0,0,0,,0,"A2  ","SR-1 (W COAST HWY)","61ST ST",259.00,E,N,A,-,Y,ORA,,1," "," ",20.920,H,,R,Y,2,0,1,2,A,-,03,22350,,N,E,I,A,A,H,-,A,D,0,,,Y,,Y,,C,02,1,0,0,0,0,0,0,0,1,"- ","- ",33.625499725341797,-117.94759368896484,ORANGE,"NEWPORT BEACH",-117.94756317138672,33.625556945800781
82257652,2023,2023-12-11,3015,2023-12-07,1640,1732,25E,4,5,6,3015,0,0,0,,0,731M,"COLLINS AVE","BATAVIA ST",540.00,W,N,A,-,N,,,,,,,,,,Y,3,0,1,1,A,-,03,22350,,N,E,I,A,A,H,-,A,D,0,,,Y,,Y,,C,02,0,1,0,0,0,0,0,0,1,"- ","- ",33.802391052246094,-117.86165618896484,ORANGE,ORANGE,-117.86356353759766,33.802410125732422
82257718,2023,2023-12-11,3019,2023-12-04,1203,3615,WE,1,5,7,3019,0,0,0,,0,001,"EUCLID STREET","1ST STREET",189.00,N,N,A,-,N,,,,,,,,,,Y,3,0,1,2,A,-,08,22107,,N,B,C,A,A,H,-,A,D,0,,,Y,,Y,,A,07,0,1,0,0,0,0,0,0,1,"- ","- ",33.745159149169922,-117.93760681152344,ORANGE,"SANTA ANA",-117.93747711181641,33.745048522949219
82258046,2023,2023-12-20,3024,2023-07-26,1444,329,P-31,3,5,5,3024,0,0,0,,0,WEST,"BOLSA AVENUE","TEMPLE STREET",0.00,,Y,A,-,N,,,,,,,,,,Y,1,1,0,2,A,-,09,21801,A,N,D,C,A,A,H,-,A,D,0,,,Y,,Y,,A,07,0,0,0,0,0,0,0,1,0,"- ","- ",33.744720458984375,-117.99667358398438,ORANGE,WESTMINSTER,-117.99668884277344,33.744655609130859
82258218,2023,2023-12-11,3008,2023-10-09,"911 ",1158,"ZONE ",1,5,6,3008,0,0,0,,0,,"HARBOR BLVD","VALLEY VIEW DR (N)",1100.00,N,N,A,-,N,,,,,,,,,,Y,4,0,1,2,A,-,09,21804,A,N,D,C,A,A,H,-,A,D,0,,,Y,,Y,,A,07,0,0,1,0,0,0,0,0,1,"- ","- ",,,ORANGE,FULLERTON,-117.92462158203125,33.882736206054688
82260438,2023,2023-12-13,3015,2023-11-28,1654,1644,67S,2,5,6,3015,0,0,0,,0,222,"N. ORANGE OLIVE RD","E. MEATS AVE",300.00,N,N,A,-,N,,,,,,,,,,N,3,0,1,2,A,-,09,21801,A,N,D,C,A,A,H,-,B,D,0,,,Y,,Y,,A,08,0,1,0,0,0,0,0,0,1,"- ","- ",,,ORANGE,ORANGE,-117.85047912597656,33.823772430419922
82260447,2023,2023-12-13,3015,2023-12-06,"749 ",1598,64N,3,5,6,3015,0,0,0,,0,710M,"HEWES ST","JULIE AVE",0.00,,Y,A,-,N,,,,,,,,,,N,3,0,1,1,A,-,03,22350,,N,F,A,A,A,H,-,A,A,0,,,Y,,Y,,C,02,0,1,0,0,0,0,0,0,1,"- ","- ",33.808250427246094,-117.80091094970703,ORANGE,ORANGE,-117.8009033203125,33.808231353759766
82260514,2023,2023-12-14,3010,2023-12-12,"919 ",1208,445,2,5,6,3010,0,0,0,,0,003,"MAGNOLIA ST","ADAMS AVE",263.00,S,N,A,B,N,,,,,,,,,,Y,4,0,1,2,A,-,06,21755,A,N,D,C,A,A,D,E,A,A,0,,,Y,,Y,,C,02,0,0,1,0,0,0,0,0,1,"- ","- ",33.672489166259766,-117.97122955322266,ORANGE,"HUNTINGTON BEACH",-117.97129058837891,33.671470642089844
82260549,2023,2023-12-13,3008,2023-09-26,"756 ",1664,"ZONE ",2,5,6,3008,0,0,0,,0,,"COMMONWEALTH AVE","WOODS AVE",0.00,,Y,A,-,N,,,,,,,,,,Y,3,0,1,2,A,-,09,21801,A,F,H,A,A,A,H,-,A,A,0,,,Y,,Y,,-,99,0,1,0,0,0,0,0,0,1,"- ","- ",,,ORANGE,FULLERTON,-117.93753814697266,33.870258331298828
82261651,2023,2023-12-18,3010,2023-12-08,1744,6047,447,5,5,6,3010,0,0,0,,0,003,"BROOKHURST ST","ADAMS AVE",684.00,S,N,A,-,N,,,,,,,,,,Y,3,0,1,2,A,-,09,21804,A,N,D,C,A,A,H,-,C,D,0,,,Y,,Y,,C,02,0,1,0,0,0,0,0,0,1,"- ","- ",33.672378540039062,-117.95387268066406,ORANGE,"HUNTINGTON BEACH",-117.95391082763672,33.670425415039062
82263805,2023,2023-12-18,3019,2023-12-06,1821,3550,WE,3,5,7,3019,0,0,0,,0,001,"HARBOR BOULEVARD","MCFADDEN AVENUE",0.00,,Y,A,-,N,,,,,,,,,,Y,4,0,1,2,A,-,08,22107,,N,D,C,A,A,H,-,C,A,0,,,Y,,Y,,C,02,0,0,1,0,0,0,0,0,1,"- ","- ",33.738529205322266,-117.92012786865234,ORANGE,"SANTA ANA",-117.92010498046875,33.738262176513672
82264253,2023,2023-12-18,3001,2023-11-10,2058,A2540,D-1,5,5,7,3001,0,0,0,,0,D-1,BROADWAY,"HAMPTON STREET",0.00,,Y,A,-,N,,,,,,,,,,Y,4,0,1,2,A,-,08,22100,B,N,D,C,A,A,H,-,C,D,0,,,Y,,Y,,A,01,0,0,1,0,0,0,0,0,0,"- ","- ",33.828689575195312,-117.97238922119141,ORANGE,ANAHEIM,-117.97251129150391,33.828632354736328
82267643,2023,2023-12-20,3026,2023-11-22,1600,468,,3,5,6,3026,0,0,0,,0,009,"IRVINE BLVD","RIDGE VALLEY",205.00,W,N,A,-,N,,,,,,,,,,Y,2,0,1,1,A,-,03,22350,,N,F,A,A,A,H,-,A,A,0,,,Y,,Y,,C,02,1,0,0,0,0,0,0,0,1,"- ","- ",33.692310333251953,-117.73056793212891,ORANGE,IRVINE,-117.73191833496094,33.694049835205078
82267879,2023,2023-12-21,3019,2023-12-11,1436,3615,SC,1,5,7,3019,0,0,0,,0,004,"SULLIVAN STREET","DUCHESS LN",30.00,S,N,A,-,N,,,,,,,,,,N,3,0,1,2,A,-,09,21804,A,N,A,C,A,A,H,-,A,D,0,,,Y,,Y,,A,07,0,1,0,0,0,0,0,0,1,"- ","- ",,,ORANGE,"SANTA ANA",-117.90238952636719,33.741710662841797
82268920,2023,2023-12-22,3019,2023-12-12,2124,3424,NE,2,5,7,3019,0,0,0,,0,002,"GRAND AVENUE","17TH STREET",283.00,S,N,A,-,N,,,,,,,,,,N,3,0,1,2,A,-,09,21804,A,N,D,C,A,A,H,-,C,D,0,,,Y,,Y,,C,02,0,1,0,0,0,0,0,0,1,"- ","- ",33.759929656982422,-117.85192108154297,ORANGE,"SANTA ANA",-117.85192108154297,33.759143829345703
82269657,2023,2023-12-22,3014,2023-12-17,1452,1508,RD42,7,5,5,3014,0,0,0,,0,"A4  ","SR-1 (E. COAST HWY)","DAHLIA AVE",0.00,,Y,A,-,Y,,,,,,,,,,N,4,0,1,2,A,-,03,22350,,N,D,C,A,A,H,-,A,B,0,,,Y,,Y,,C,02,0,0,1,0,0,0,0,0,1,"- ","- ",33.602691650390625,-117.87309265136719,ORANGE,"NEWPORT BEACH",-117.87329864501953,33.602733612060547
82273086,2023,2023-12-28,3001,2023-12-15,1246,A2339,D-3,5,5,7,3001,0,0,0,,0,D-3,"DISNEY WAY","ANAHEIM BOULEVARD",36960.00,W,N,A,-,Y,,,,,,,,,,N,3,0,1,2,A,-,09,21804,A,N,D,C,A,A,H,-,A,A,0,,,Y,,Y,,C,03,0,1,0,0,0,0,0,0,1,"- ","- ",33.805950164794922,-117.90647888183594,ORANGE,ANAHEIM,-117.90648651123047,33.805870056152344
82273101,2023,2023-12-28,3001,2023-12-18,1530,A2382,,1,5,7,3001,0,0,0,,0,D-3,"EUCLID STREET","KATELLA AVENUE",5.00,N,N,B,-,N,,,,,,,,,,N,4,0,1,2,A,-,08,22100,5,N,B,C,A,A,H,-,A,A,0,,,Y,,Y,,D,22,0,0,1,0,0,0,0,0,1,"- ","- ",33.803279876708984,-117.94143676757812,ORANGE,ANAHEIM,-117.94142150878906,33.803264617919922
82275794,2023,2024-01-01,3024,2023-11-25,1457,468,P-37,6,5,5,3024,0,0,0,,0,EAST,"BEACH BOULEVARD (SR39)","405 S/B OFF RAMP",0.00,,Y,A,-,Y,,,,,,,,,,Y,3,0,1,1,A,-,08,22101,D,N,E,I,A,A,H,-,A,D,0,,,Y,,Y,,C,02,0,1,0,0,0,0,0,0,1,"- ","- ",,,ORANGE,WESTMINSTER,-117.98924255371094,33.732521057128906
82275987,2023,2024-01-02,3008,2023-11-15,"846 ",1676,"ZONE ",3,5,6,3008,0,0,0,,0,,"VALENCIA DR","OLIN ST",0.00,,Y,A,-,N,,,,,,,,,,Y,3,0,1,2,A,-,09,21802,A,N,D,C,A,A,H,-,A,A,0,,,Y,,Y,,A,07,0,1,0,0,0,0,0,0,1,"- ","- ",,,ORANGE,FULLERTON,-117.97853088378906,33.866359710693359
82277476,2023,2024-01-03,3001,2023-12-29,2251,A1962,D-2,5,5,7,3001,0,0,0,,0,D-2,"STATE COLLEGE BOULEVARD","LA PALMA AVENUE",140.00,S,N,A,-,N,,,,,,,,,,Y,3,0,2,4,A,-,03,22350,,F,C,C,A,A,H,-,C,A,0,,,Y,,Y,Y,C,02,0,1,1,0,0,0,0,0,1,"- ","- ",33.847259521484375,-117.88919830322266,ORANGE,ANAHEIM,-117.88929748535156,33.846878051757812
82277568,2023,2024-01-03,3019,2023-11-15,"6   ",3769,WE,3,5,7,3019,0,0,0,,0,001,"EUCLID STREET","HAZARD AVENUE",300.00,S,N,A,-,N,,,,,,,,,,N,4,0,1,1,A,-,17,21235,G,N,E,I,A,A,H,-,C,A,0,,,Y,,Y,,C,03,0,0,1,0,0,0,0,0,1,"- ","- ",33.752490997314453,-117.93756103515625,ORANGE,"SANTA ANA",-117.93757629394531,33.752349853515625
82278662,2023,2024-01-04,3015,2023-12-30,1253,1545,RD48,6,5,6,3015,0,0,0,,0,721M,"MAIN ST","KATELLA AVE",0.00,,Y,B,-,N,,,,,,,,,,N,3,0,2,1,A,-,03,22350,,N,E,I,A,B,H,-,A,A,0,,,Y,,Y,,C,02,0,1,1,0,0,0,0,0,2,"- ","- ",33.808971405029297,-117.86721038818359,ORANGE,ORANGE,-117.8670654296875,33.8089599609375
82278700,2023,2024-01-08,3001,2023-12-13,1606,A2339,D-2,3,5,7,3001,0,0,0,,0,D-2,"EAST STREET",BROADWAY,0.00,,Y,A,-,N,,,,,,,,,,Y,2,0,1,3,A,-,09,21801,A,N,A,C,A,A,H,-,A,A,0,,,Y,,Y,,D,22,1,0,0,0,0,0,0,0,1,"- ","- ",,,ORANGE,ANAHEIM,-117.90193939208984,33.835922241210938
82278799,2023,2024-01-04,3019,2023-11-02,1615,3575,NE,4,5,7,3019,0,0,0,,0,002,"SANTA CLARA AVENUE","OLD GRAND STREET",35.00,E,N,-,-,N,,,,,,,,,,Y,3,0,1,2,A,-,09,21804,A,N,D,C,A,A,H,-,A,D,0,,,Y,Y,Y,,F,26,0,1,0,0,0,0,0,0,1,"- ","- ",33.766151428222656,-117.84986114501953,ORANGE,"SANTA ANA",-117.85004425048828,33.767181396484375
82280835,2023,2024-01-08,3010,2023-12-28,1021,1208,427,4,5,6,3010,0,0,0,,0,003,"BROOKHURST ST","KUKUI DR",329.00,N,N,A,-,N,,,,,,,,,,Y,3,0,1,2,A,-,09,21801,A,N,D,C,A,A,H,-,A,D,0,,,Y,,Y,,A,01,0,1,0,0,0,0,0,0,1,"- ","- ",33.685050964355469,-117.95379638671875,ORANGE,"HUNTINGTON BEACH",-117.95411682128906,33.685020446777344
82284635,2023,2024-01-11,3024,2023-12-08,1809,537,P-30,5,5,5,3024,0,0,0,,0,WEST,"GOLDENWEST STREET","GEORGETOWN AVENUE",600.00,S,N,A,-,N,,,,,,,,,,Y,3,0,1,2,A,-,07,21658,A,N,B,C,A,A,H,-,C,D,0,,,Y,,Y,,C,02,0,1,0,0,0,0,0,0,1,"- ","- ",33.742279052734375,-118.00695037841797,ORANGE,WESTMINSTER,-118.00695037841797,33.740753173828125
82287385,2023,2024-01-17,3008,2023-10-17,2208,1627,,2,5,6,3008,0,0,0,,0,,"GILBERT ST","ROBERTA AVE",0.00,,Y,A,-,N,,,,,,,,,,N,3,0,1,2,A,-,14,21201,D,N,D,C,A,A,H,-,D,D,0,,,Y,,Y,,C,03,0,1,0,0,0,0,0,0,1,"- ","- ",,,ORANGE,FULLERTON,-117.96798706054688,33.856128692626953
82292453,2023,2024-01-22,3024,2023-12-16,1303,468,,6,5,5,3024,0,0,0,,0,WEST,"BOLSA AVENUE","GOLDENWEST STREET",670.00,E,N,A,-,N,,,,,,,,,,N,4,0,1,1,A,-,03,22350,,N,F,A,A,A,H,-,A,D,0,,,Y,,Y,,C,02,0,0,1,0,0,0,0,0,1,"- ","- ",33.744400024414062,-118.00694274902344,ORANGE,WESTMINSTER,-118.00479125976562,33.744571685791016
82292457,2023,2024-01-22,3024,2023-12-20,1036,478,,3,5,5,3024,0,0,0,,0,EAST,"WARD STREET","BOLSA AVENUE",0.00,,Y,C,-,N,,,,,,,,,,Y,3,0,1,2,A,-,17,21451,A,N,D,C,A,B,H,-,A,A,0,,,Y,,Y,,A,07,0,1,0,0,0,0,0,0,1,"- ","- ",33.744968414306641,-117.94612884521484,ORANGE,WESTMINSTER,-117.94615173339844,33.745014190673828
82294292,2023,2024-01-23,3019,2023-11-29,1815,3698,,3,5,7,3019,0,0,0,,0,002,"MAIN STREET","WASHINGTON AVENUE",0.00,,Y,A,-,N,,,,,,,,,,Y,3,0,2,2,A,-,09,21801,A,N,A,C,A,A,H,-,C,A,0,,,Y,,Y,,A,07,0,1,1,0,0,0,0,0,1,"- ","- ",33.754829406738281,-117.86756134033203,ORANGE,"SANTA ANA",-117.86758422851562,33.755607604980469
82294297,2023,2024-01-23,3019,2023-12-03,1227,3710,,7,5,7,3019,0,0,0,,0,004,"SULLIVAN STREET","1ST STREET",590.00,S,N,A,-,N,,,,,,,,,,N,3,0,1,2,A,-,09,21804,A,N,D,C,A,A,H,-,A,D,0,,,Y,,Y,,A,01,0,1,0,0,0,0,0,0,1,"- ","- ",33.745288848876953,-117.90255737304688,ORANGE,"SANTA ANA",-117.90257263183594,33.743663787841797
82299116,2023,2024-01-31,3024,2023-12-24,1351,468,P-30,7,5,5,3024,0,0,0,,0,WEST,"GOLDENWEST STREET","GEORGETOWN AVENUE",556.00,S,N,A,-,N,,,,,,,,,,N,3,0,1,1,A,-,03,22350,,N,F,A,A,A,H,-,A,D,0,,,Y,,Y,,C,02,0,1,0,0,0,0,0,0,1,"- ","- ",33.742279052734375,-118.00695037841797,ORANGE,WESTMINSTER,-118.00695037841797,33.740875244140625
82302543,2023,2024-02-02,3024,2023-12-03,1445,510,P-20,7,5,5,3024,0,0,0,,0,EAST,"NEWLAND STREET","WESTMINSTER BOULEVARD",6.00,S,N,A,-,N,,,,,,,,,,N,3,0,1,2,A,-,08,22107,,N,C,C,A,A,H,-,A,D,0,,,Y,,Y,,C,02,0,1,0,0,0,0,0,0,1,"- ","- ",33.759449005126953,-117.98075866699219,ORANGE,WESTMINSTER,-117.98107147216797,33.759323120117188
82305529,2023,2024-02-05,3022,2023-11-03,1419,1326,,5,5,5,3022,0,0,0,,0,,"NEWPORT AV","DEL AMO AV",0.00,,Y,A,-,N,,,,,,,,,,N,3,0,3,3,A,-,09,21453,C,N,D,C,A,A,H,-,A,A,0,,,Y,,Y,,A,01,0,3,0,0,0,0,0,0,1,"- ","- ",33.722568511962891,-117.83499145507812,ORANGE,TUSTIN,-117.83649444580078,33.719841003417969
82305540,2023,2024-02-05,3022,2023-11-06,1645,1169,,1,5,5,3022,0,0,0,,0,,"HOLT AV","NEWPORT AV",6.00,W,N,A,-,N,,,,,,,,,,N,3,0,1,2,A,-,10,21950,A,N,G,B,A,A,H,-,A,A,0,,,Y,,Y,,A,01,0,1,0,0,0,0,0,0,1,"- ","- ",33.746440887451172,-117.81387329101562,ORANGE,TUSTIN,-117.81390380859375,33.746391296386719
82311207,2023,2024-02-13,3008,2023-12-26,1449,1484,,2,5,6,3008,0,0,0,,0,,"ORANGETHORPE AVE","HARBOR BLVD",555.00,W,N,A,-,N,,,,,,,,,,Y,3,0,1,3,A,-,09,21810,A,N,D,C,A,A,H,-,A,D,0,,,Y,,Y,,A,01,0,1,0,0,0,0,0,0,1,"- ","- ",,,ORANGE,FULLERTON,-117.92619323730469,33.859481811523438
82315657,2023,2024-02-16,3008,2023-12-12,1119,1678,,2,5,6,3008,0,0,0,,0,,"HARBOR BLVD","IMPERIAL HWY",243.00,S,N,A,-,N,,,,,,,,,,N,4,0,1,2,A,-,09,21801,A,N,D,C,A,A,H,-,A,D,0,,,Y,,Y,,A,01,0,0,1,0,0,0,0,0,1,"- ","- ",,,ORANGE,FULLERTON,-117.93305969238281,33.916744232177734
82316537,2023,2024-02-19,3008,2023-12-18,1815,1641,"ZONE ",1,5,6,3008,0,0,0,,0,,"LEMON ST","ORANGETHORPE AVE",280.00,S,N,B,-,N,,,,,,,,,,Y,4,0,1,2,A,-,09,21801,A,N,D,C,A,A,H,-,C,A,0,,,Y,,Y,,C,02,0,0,1,0,0,0,0,0,0,"- ","- ",,,ORANGE,FULLERTON,-117.91986846923828,33.858741760253906
82346512,2023,2024-04-29,3026,2023-08-29,1431,6352,,2,5,6,3026,0,0,0,,0,006,"IRVINE CENTER DRIVE","BAKE PARKWAY",116.10,W,N,A,-,N,,,,,,,,,,Y,1,1,0,2,A,-,07,21658,A,N,C,C,A,A,H,-,A,A,0,,,Y,,Y,,D,22,0,0,0,0,0,0,0,1,0,"- ","- ",,,ORANGE,IRVINE,-117.740966796875,33.637844085693359
82369945,2023,2024-04-29,3024,2023-12-25,1730,536,P-32,1,5,5,3024,0,0,0,,0,EAST,"BEACH BLVD (SR-39)","ELMORE WAY",0.00,,Y,A,-,Y,,,,,,,,,,Y,1,1,0,2,A,-,09,21801,A,N,D,C,A,A,H,-,B,D,0,,,Y,,Y,,A,07,0,0,0,0,0,0,0,1,0,"- ","- ",,,ORANGE,WESTMINSTER,,
82382031,2023,2024-05-15,3024,2023-05-19,1555,312,,5,5,5,3024,0,0,0,,0,EAST,"BROOKHURST STREET","BISHOP PLACE",530.00,N,N,A,-,N,,,,,,,,,,Y,1,1,1,3,A,-,03,22350,,N,D,C,A,A,H,-,A,D,0,,,Y,,Y,,C,02,0,1,0,0,0,0,0,1,0,"- ","- ",33.741329193115234,-117.95474243164062,ORANGE,WESTMINSTER,-117.95492553710938,33.742794036865234
82417534,2023,2024-06-18,3026,2023-08-03,1024,11923,,4,5,6,3026,0,0,0,,0,001,"ALTON PARKWAY","JAMBOREE ROAD",0.00,,Y,A,-,N,,,,,,,,,,Y,1,1,0,2,A,-,03,22350,,N,E,I,A,A,H,-,A,A,0,,,Y,,Y,,C,02,0,0,0,0,0,0,0,1,0,"- ","- ",,,ORANGE,IRVINE,-117.83210754394531,33.68853759765625
84364005,2023,2024-08-21,3026,2023-08-02,1737,12434,,3,5,6,3026,0,0,0,,0,001,"MCGAW AVE","ARMSTRONG AVE",217.00,W,N,A,-,N,,,,,,,,,,Y,1,1,0,1,A,-,08,22107,,N,E,8,A,A,H,-,A,D,0,,,Y,,Y,,C,02,0,0,0,0,0,0,0,1,0,"- ","- ",,,ORANGE,IRVINE,-117.84659576416016,33.693851470947266
84392249,2023,2024-09-12,3026,2023-09-19,2207,657,,2,5,6,3026,0,0,0,,0,004,"CULVER DRIVE",SCOTTSDALE,140.00,S,N,A,-,N,,,,,,,,,,Y,1,1,0,2,A,-,03,22350,,N,C,C,A,A,H,-,C,A,0,,,Y,,Y,Y,C,02,0,0,0,0,0,0,0,1,0,"- ","- ",,,ORANGE,IRVINE,-117.78469085693359,33.70782470703125
8872311,2021,2021-10-18,3012,2021-09-04,1830,667,34,6,5,5,3012,0,0,0,,0,034,"W IMPERIAL HWY","BEACH BL",0.00,,Y,A,-,Y,ORA,12,90,-,-,0.520,H,-,W,Y,4,0,1,2,A,-,03,22350,,N,C,C,A,A,H,-,A,A,0,,,Y,,Y,,C,02,0,0,1,0,0,0,0,0,1,"- ","- ",,,ORANGE,"LA HABRA",-117.96759033203125,33.917423248291016
9108115,2021,2021-02-01,3002,2021-01-01,2047,1696,,5,5,4,3002,0,0,0,,0,012,"CARBON CANYON RD","RUBY ST",2788.00,W,N,A,-,Y,ORA,12,142,-,-,3.780,H,-,E,Y,4,0,1,1,A,-,03,22350,,N,F,A,A,A,H,-,D,A,0,,,Y,,Y,,C,02,0,0,1,0,0,0,0,0,1,"- ","- ",33.926910400390625,-117.80300903320312,ORANGE,BREA,-117.81430053710938,33.922428131103516
91382706,2021,2021-07-15,9690,2021-01-01,1222,014552,,5,1,9,3000,0,1,3,,1,074,"SR 74 W/B (ORTEGA HWY)","CALL BOX 74-88",360.00,E,N,A,-,Y,,,74,,,,,,W,Y,3,0,1,1,A,-,03,22350,,N,F,A,A,A,H,-,A,D,0,,,Y,,Y,,C,02,0,1,0,0,0,0,0,0,1,"- ","- ",33.552391052246094,-117.54904937744141,ORANGE,UNINCORPORATED,-117.54904174804688,33.552391052246094
91385990,2021,2021-01-12,9675,2021-01-08,1340,021834,,5,1,7,3001,0,1,3,,2,095,"STATE ROUTE 91 EASTBOUND","WEIR CANYON ROAD",1400.00,E,N,A,-,Y,,,91,,,,,,E,Y,2,0,1,1,A,-,03,22350,,N,F,A,A,A,H,-,A,D,0,,,Y,,Y,,C,02,1,0,0,0,0,0,0,0,1,"- ","- ",33.870880126953125,-117.73947906494141,ORANGE,ANAHEIM,-117.73947906494141,33.870826721191406
91387036,2021,2021-01-13,9690,2021-01-10,1350,016128,,7,1,9,3000,0,2,4,,2,037,"LIVE OAK CANYON ROAD","EL TORO ROAD",2640.00,S,N,A,-,N,,,,,,,,,,Y,4,0,1,1,A,-,03,22350,,N,E,I,A,A,H,-,A,D,0,,,Y,,Y,,C,02,0,0,1,0,0,0,0,0,1,"- ","- ",33.685638427734375,-117.60629272460938,ORANGE,UNINCORPORATED,-117.62065124511719,33.683330535888672
91389567,2021,2021-01-18,9690,2021-01-17,0944,016128,,7,1,9,3000,0,1,3,,1,074,"SR 74 W/B (ORTEGA HWY)","NARROW CANYON BRIDGE",5280.00,E,N,A,-,Y,,,74,,,,,,W,Y,2,0,1,1,A,-,03,22350,,N,E,I,A,A,H,-,A,D,0,,,Y,,Y,,C,02,1,0,0,0,0,0,0,0,1,"- ","- ",33.593448638916016,-117.49066925048828,ORANGE,UNINCORPORATED,-117.49066925048828,33.593456268310547
91389610,2021,2021-01-18,9675,2021-01-15,1545,021274,,5,2,6,3026,0,1,1,,2,540,"INTERSTATE 5 N/B","JEFFREY ROAD",300.00,S,N,A,-,Y,,,5,,,,,,N,Y,3,0,1,2,A,-,08,22107,,F,F,A,A,A,H,-,A,D,0,,,Y,,Y,,-,99,0,1,0,0,0,0,0,0,1,"- ","- ",33.689208984375,-117.76770782470703,ORANGE,IRVINE,-117.7677001953125,33.689216613769531
91390805,2021,2021-05-13,9670,2021-01-09,1150,018757,,6,1,4,3020,0,1,1,,2,045,"I-405 S/B","SEAL BEACH BLVD",100.00,S,N,A,-,Y,,,405,,,,,,S,N,2,0,1,1,A,-,03,22350,,N,E,J,A,A,D,E,A,D,0,,,Y,,Y,,C,02,1,0,0,0,0,0,0,0,1,"- ","- ",33.773811340332031,-118.07438659667969,ORANGE,"SEAL BEACH",-118.07439422607422,33.774284362792969
91390894,2021,2021-01-19,9675,2021-01-14,0750,020027,,4,1,6,3004,0,1,3,,2,553,"SR-55 NORTHBOUND","SR-73 NORTHBOUND",500.00,N,N,A,-,Y,,,55,,,,,,N,Y,2,0,1,2,A,-,03,22350,,N,C,C,A,A,H,-,A,D,0,,,Y,,Y,,C,02,1,0,0,0,0,0,0,0,1,"- ","- ",33.676540374755859,-117.88249206542969,ORANGE,"COSTA MESA",-117.88248443603516,33.676536560058594
91391180,2021,2021-01-20,9690,2021-01-15,2331,022237,,5,3,5,3017,0,1,1,,2,059,"INTERSTATE 5 NORTHBOUND","CAMINO DE ESTRELLA",1350.00,S,N,A,-,Y,,,5,,,,,,N,N,2,0,1,2,A,-,01,23152,A,N,C,C,A,A,H,-,C,D,0,,,Y,,Y,Y,C,02,1,0,0,0,0,0,0,0,1,"- ","- ",33.456619262695312,-117.65290832519531,ORANGE,"SAN CLEMENTE",-117.65271759033203,33.456977844238281
91391627,2021,2021-01-20,9675,2021-01-12,1625,019320,,2,2,5,3016,0,1,3,,2,571,"SR-57 NORTHBOUND","CHAPMAN AVE",500.00,S,N,A,-,Y,,,57,,,,,,N,Y,4,0,1,2,A,-,07,21658,A,F,B,C,A,A,H,-,A,D,0,,,Y,,Y,,-,99,0,0,1,0,0,0,0,0,1,"- ","- ",33.859821319580078,-117.87647247314453,ORANGE,PLACENTIA,-117.87661743164062,33.859771728515625
91394588,2021,2021-01-26,9675,2021-01-21,1745,022536,,4,2,7,3019,0,1,3,,2,222,"SR-22 EASTBOUND","TUSTIN AVE",1500.00,W,N,A,-,Y,,,22,,,,,,E,Y,3,0,1,2,D,-,00,,,N,B,C,A,A,H,-,C,D,0,,,Y,,Y,,-,"- ",0,1,0,0,0,0,0,0,1,"- ","- ",33.77655029296875,-117.84127807617188,ORANGE,"SANTA ANA",-117.84127807617188,33.776515960693359
91406823,2021,2021-02-11,9675,2021-02-05,1532,021834,,5,2,7,3001,0,1,3,,2,093,"STATE ROUTE 91 EASTBOUND","KRAEMER BOULEVARD",1500.00,W,N,A,-,Y,,,91,,,,,,E,Y,3,0,1,2,A,-,03,22350,,N,C,C,A,A,H,-,A,D,0,,,Y,,Y,,C,02,0,1,0,0,0,0,0,0,1,"- ","- ",33.846378326416016,-117.86744689941406,ORANGE,ANAHEIM,-117.867431640625,33.846500396728516
91409854,2021,2021-02-17,9690,2021-02-05,1750,019089,,5,2,9,3000,0,1,3,,2,073,"SR 73 N/B (SAN JOAQUIN HILLS TRANS COR)","SR 133 (LAGUNA CANYON ROAD)",3090.00,N,N,A,-,Y,,,73,,,,,,N,Y,3,0,1,1,A,-,01,23152,A,N,F,I,A,A,H,-,B,D,0,,,Y,,Y,Y,C,02,0,1,0,0,0,0,0,0,1,"- ","- ",33.598220825195312,-117.76833343505859,ORANGE,UNINCORPORATED,-117.76832580566406,33.598228454589844
91413446,2021,2021-02-23,9690,2021-02-14,1340,020472,,7,1,5,3017,0,1,1,,2,059,"I-5 N/B (SAN DIEGO FRWY)","AVENIDA VISTA HERMOSA",1320.00,N,N,A,-,Y,,,5,,,,,,N,Y,3,0,1,1,A,-,03,22350,,N,E,I,A,A,H,-,A,D,0,,,Y,,Y,,C,02,0,1,0,0,0,0,0,0,1,"- ","- ",33.448410034179688,-117.63715362548828,ORANGE,"SAN CLEMENTE",-117.63710021972656,33.448509216308594
91414656,2021,2021-02-24,9690,2021-02-13,1148,016128,,6,1,9,3000,0,2,4,,2,037,"LIVE OAK CANYON ROAD","EL TORO ROAD",5280.00,S,N,A,-,N,,,,,,,,,,Y,4,0,1,1,A,-,03,22350,,N,E,I,A,A,H,-,A,D,0,,,Y,,Y,,C,02,0,0,1,0,0,0,0,0,1,"- ","- ",33.685508728027344,-117.60613250732422,ORANGE,UNINCORPORATED,-117.62065124511719,33.683330535888672
91418537,2021,2021-03-02,9675,2021-02-20,1405,021377,,6,2,7,3001,0,1,3,,2,093,"SR-91 WESTBOUND","LAKEVIEW AVE",3000.00,W,N,A,-,Y,,,91,,,,,,W,Y,3,0,1,3,A,-,03,22350,,N,C,C,A,A,H,-,A,D,0,,,Y,,Y,,C,02,0,1,0,0,0,0,0,0,1,"- ","- ",33.845771789550781,-117.82259368896484,ORANGE,ANAHEIM,-117.82262420654297,33.845859527587891
91418626,2021,2021-03-02,9675,2021-02-21,1825,021377,,7,2,7,3001,0,1,3,,2,094,"SR-91 EASTBOUND","WEIR CYN RD",30.00,W,N,A,-,Y,,,91,,,,,,E,Y,3,0,1,2,A,-,03,22350,,N,C,C,A,A,H,-,C,D,0,,,Y,,Y,,A,01,0,1,0,0,0,0,0,0,1,"- ","- ",33.870250701904297,-117.74485778808594,ORANGE,ANAHEIM,-117.74485778808594,33.870227813720703
91420430,2021,2021-03-04,9670,2021-03-01,1610,017022,,1,2,9,3000,0,3,5,,2,005,"14582 HARPER STREET","ROOSEVELT AVENUE",190.00,N,N,A,-,N,,,,,,,,,,N,3,0,1,2,A,-,17,21235,G,N,D,C,A,A,H,-,A,D,0,,,Y,,Y,,C,03,0,1,0,0,0,0,0,0,1,"- ","- ",33.750839233398438,-117.98197937011719,ORANGE,UNINCORPORATED,-117.98210144042969,33.750740051269531
91422343,2021,2021-03-08,9670,2021-03-06,0925,019502,,6,1,3,3013,0,1,1,,2,044,"I-405 N/B","I-605 N/B",900.00,S,N,A,-,Y,,,,,,,,,,Y,4,0,1,2,A,-,07,21658,A,M,E,I,A,A,D,-,A,D,0,,,Y,,Y,,-,99,0,0,1,0,0,0,0,0,1,"- ","- ",33.774688720703125,-118.08500671386719,ORANGE,"LOS ALAMITOS",,
91422703,2021,2021-03-08,9690,2021-03-06,1151,016128,,6,1,9,3000,0,1,3,,1,074,"SR 74 W/B (ORTEGA HWY)","MPM 74 ORA 14.00",1320.00,W,N,A,-,Y,,,74,,,,,,W,Y,4,0,1,1,A,-,03,22350,,N,E,I,A,A,H,-,A,D,0,,,Y,,Y,,C,02,0,0,1,0,0,0,0,0,1,"- ","- ",33.592510223388672,-117.49590301513672,ORANGE,UNINCORPORATED,-117.49589538574219,33.592494964599609
91426420,2021,2021-03-12,9675,2021-03-06,0230,021984,,6,3,6,3015,0,1,3,,2,551,"SR-55 NORTHBOUND TO SR-22 WESTBOUND","FAIRHAVEN AVE",300.00,N,N,A,-,Y,,,55,,,,R,,N,Y,2,0,1,1,A,-,01,23152,A,N,E,I,A,A,H,-,C,D,0,,,Y,,Y,Y,C,02,1,0,0,0,0,0,0,0,1,"- ","- ",33.776279449462891,-117.83099365234375,ORANGE,ORANGE,-117.83099365234375,33.776279449462891
91430401,2021,2021-03-18,9675,2021-03-09,2035,018733,,2,2,7,3019,0,1,3,,2,052,"SR-55 NORTHBOUND","MCFADDEN AVE",380.00,S,N,B,-,Y,,,,,,,,,,Y,3,0,1,1,A,-,03,22350,,N,F,A,A,A,H,-,C,D,0,,,Y,,Y,,C,02,0,1,0,0,0,0,0,0,1,"- ","- ",33.435768127441406,-117.50129699707031,ORANGE,"SANTA ANA",-117.83375549316406,33.732776641845703
91434267,2021,2021-03-24,9690,2021-03-21,1233,016128,,7,1,9,3000,0,2,4,,2,030,"SANTIAGO CANYON ROAD","LIVE OAK CANYON ROAD",750.00,E,N,A,-,N,,,,,,,,,,Y,2,0,1,1,A,-,03,22350,,N,E,I,A,A,H,-,A,D,0,,,Y,,Y,,C,02,1,0,0,0,0,0,0,0,1,"- ","- ",33.685100555419922,-117.62069702148438,ORANGE,UNINCORPORATED,-117.62065124511719,33.683330535888672
91434859,2021,2021-03-25,9670,2021-03-23,1345,021242,,2,1,7,3001,0,1,3,,2,094,"SR-91 E/B","BROOKHURST ST",150.00,W,N,A,-,Y,,,91,,,,,,E,Y,3,0,1,2,A,-,03,22350,,N,C,C,A,A,H,-,A,D,0,,,Y,,Y,,C,02,0,1,0,0,0,0,0,0,1,"- ","- ",33.853778839111328,-117.95903015136719,ORANGE,ANAHEIM,-117.95903015136719,33.853855133056641
91437012,2021,2021-03-26,9675,2021-03-19,1410,017998,,5,2,6,3026,0,1,1,,2,503,"I-5 N/B","JAMBOREE RD",1500.00,S,N,A,-,Y,,,5,,,,,,N,Y,3,0,1,3,A,-,08,22107,,N,F,A,A,A,H,-,A,D,0,,,Y,,Y,,C,02,0,1,0,0,0,0,0,0,1,"- ","- ",33.716751098632812,-117.79093933105469,ORANGE,IRVINE,-117.79088592529297,33.716827392578125
91437169,2021,2021-03-26,9675,2021-03-19,1444,020627,,5,2,7,3001,0,1,3,,2,094,"SR-91 EASTBOUND","YORBA LINDA BLVD",300.00,W,N,A,-,Y,,,91,,,,,,E,Y,3,0,1,2,A,-,03,22350,,N,C,C,A,A,H,-,A,D,0,,,Y,,Y,,C,02,0,1,0,0,0,0,0,0,1,"- ","- ",33.870109558105469,-117.74436950683594,ORANGE,ANAHEIM,-117.74440002441406,33.870296478271484
91437882,2021,2021-03-29,9675,2021-03-19,1549,022038,,5,2,7,3001,0,1,3,,2,093,"SR-91 E/B (RIVERSIDE FWY)","GLASSELL ST.",675.00,E,N,A,-,Y,,,91,,,,,,E,Y,4,0,1,3,D,-,00,,,N,B,C,A,A,H,-,A,D,0,,,Y,,Y,Y,-,"- ",0,0,1,0,0,0,0,0,1,"- ","- ",33.848400115966797,-117.85320281982422,ORANGE,ANAHEIM,-117.85320281982422,33.848403930664062
91437921,2021,2021-03-29,9690,2021-03-21,2005,020038,,7,2,9,3000,0,2,4,,2,034,"ANTONIO PKWY","COW CAMP RD",26.00,N,N,A,-,N,,,,,,,,,,Y,3,0,1,1,A,-,01,23152,A,N,E,I,A,A,H,-,C,D,0,,,Y,,Y,Y,C,02,0,1,0,0,0,0,0,0,1,"- ","- ",33.526630401611328,-117.61868286132812,ORANGE,UNINCORPORATED,-117.618647,33.526431000000002
91439069,2021,2021-03-30,9675,2021-03-22,0720,015914,,1,1,6,3026,0,1,1,,2,406,"I-405 SOUTHBOUND FROM CULVER DR. E/B","CULVER DR.",300.00,S,N,A,-,Y,,,405,,,,R,,S,Y,4,0,1,2,A,-,03,22350,,N,C,C,A,A,H,-,A,D,0,,,Y,,Y,,C,02,0,0,1,0,0,0,0,0,1,"- ","- ",33.668350219726562,-117.82042694091797,ORANGE,IRVINE,-117.82042694091797,33.668350219726562
91440610,2021,2021-04-01,9670,2021-03-29,0750,016209,,1,1,5,3003,0,1,1,,2,500,"I-5 N/B (SANTA ANA FREEWAY)","BEACH BLVD.",200.00,S,N,A,-,Y,,,5,,,,,,N,Y,2,0,1,3,A,-,03,22350,,N,C,C,A,A,H,-,A,D,0,,,Y,,Y,,C,02,1,0,0,0,0,0,0,0,1,"- ","- ",33.865921020507812,-117.99732208251953,ORANGE,"BUENA PARK",-117.99724578857422,33.866062164306641
91443797,2021,2021-04-06,9675,2021-03-28,1615,018733,,7,2,6,3015,0,1,3,,2,550,"SR-55 SOUTHBOUND","KATELLA AVE",700.00,N,N,A,-,Y,,,55,,,,,,S,Y,2,0,1,2,A,-,03,22350,,N,C,C,A,A,H,-,A,D,0,,,Y,,Y,,C,02,1,0,0,0,0,0,0,0,1,"- ","- ",33.815940856933594,-117.8321533203125,ORANGE,ORANGE,-117.8321533203125,33.815940856933594
91444280,2021,2021-04-06,9675,2021-04-02,1215,021377,,5,1,7,3001,0,1,3,,2,093,"SR-91 EASTBOUND","TUSTIN AVE",500.00,E,N,A,-,Y,,,91,,,,,,E,Y,4,0,1,2,A,-,08,22107,,N,B,C,A,A,H,-,A,D,0,,,Y,,Y,,-,"- ",0,0,1,0,0,0,0,0,1,"- ","- ",33.850181579589844,-117.836181640625,ORANGE,ANAHEIM,-117.83618927001953,33.850166320800781
91445100,2021,2021-04-07,9675,2021-04-02,0840,020027,,5,1,7,3019,0,1,3,,2,551,"SR-55 NORTHBOUND","17TH ST",250.00,N,N,A,-,Y,,,55,,,,,,N,Y,3,0,1,2,A,-,07,21658,A,N,C,C,A,A,H,-,A,D,0,,,Y,,Y,,C,02,0,1,0,0,0,0,0,0,1,"- ","- ",33.762241363525391,-117.83068084716797,ORANGE,"SANTA ANA",-117.83084106445312,33.762241363525391
91447116,2021,2021-04-09,9675,2021-04-02,2135,022052,,5,2,7,3001,0,1,3,,2,571,"SR-57 SOUTHBOUND","LINCOLN AVE",2560.00,N,N,A,-,Y,,,57,,,,,,S,N,3,0,1,2,A,-,07,21658,A,N,B,C,A,A,H,-,C,D,0,,,Y,,Y,,C,02,0,1,0,0,0,0,0,0,1,"- ","- ",33.845039367675781,-117.87631225585938,ORANGE,ANAHEIM,-117.87621307373047,33.845035552978516
91447794,2021,2021-04-12,9670,2021-04-02,1600,020809,,5,2,6,3009,0,1,3,,2,025,"SR-22 W/B FROM HASTER ST","GARDEN GROVE BLVD",200.00,W,N,A,-,Y,,,22,,,,R,,W,Y,3,0,1,1,A,-,03,22350,,N,E,I,A,A,H,-,A,D,0,,,Y,,Y,,C,02,0,1,0,0,0,0,0,0,1,"- ","- ",33.773918151855469,-117.90637969970703,ORANGE,"GARDEN GROVE",-117.90637969970703,33.773918151855469
91448392,2021,2021-04-12,9670,2021-04-02,2040,020809,,5,2,6,3009,0,1,3,,2,024,"SR-22 E/B TO HARBOR BLVD N/B","HARBOR BLVD",528.00,E,N,A,-,Y,,,22,,,,R,,E,Y,2,0,1,1,A,-,03,22350,,N,E,I,A,A,H,-,C,D,0,,,Y,,Y,,C,02,1,0,0,0,0,0,0,0,1,"- ","- ",33.767810821533203,-117.91828918457031,ORANGE,"GARDEN GROVE",-117.91828918457031,33.767810821533203
91453412,2021,2021-04-19,9675,2021-04-10,1825,021377,,6,2,7,3001,0,1,3,,2,093,"SR-91 EASTBOUND","TUSTIN AVE",5000.00,E,N,A,-,Y,,,91,,,,,,E,Y,3,0,1,2,A,-,08,22107,,N,B,C,A,A,H,-,A,D,0,,,Y,,Y,,-,"- ",0,1,0,0,0,0,0,0,1,"- ","- ",33.844280242919922,-117.82804107666016,ORANGE,ANAHEIM,-117.82803344726562,33.844287872314453
91453781,2021,2021-04-20,9675,2021-04-11,1300,022536,,7,1,9,3000,0,3,5,,2,002,"SANTIAGO CANYON ROAD","HAUL RD",2000.00,N,N,A,-,Y,,,,,,,,,,Y,2,0,2,2,A,-,08,22107,,N,D,C,A,A,H,-,A,D,0,,,Y,,Y,,C,02,2,0,0,0,0,0,0,0,2,"- ","- ",33.767059326171875,-117.71607971191406,ORANGE,UNINCORPORATED,,
91456207,2021,2021-04-22,9670,2021-04-21,0534,016209,,3,3,5,3003,0,1,1,,2,500,"I-5 N/B (SANTA ANA FREEWAY)","ARTESIA BLVD.",200.00,S,N,A,-,Y,,,5,,,,,,N,Y,4,0,1,1,A,-,08,22107,,N,H,A,A,A,D,-,C,D,0,,,Y,,Y,,C,02,0,0,1,0,0,0,0,0,1,"- ","- ",33.872749328613281,-118.00894927978516,ORANGE,"BUENA PARK",-118.00888824462891,33.872821807861328
91457746,2021,2021-05-06,9675,2021-04-17,1058,020131,,6,1,9,3000,0,3,5,,2,002,"CHAPMAN AVENUE","ORANGE PARK BOULEVARD",320.00,E,N,A,-,N,,,,,,,,,,Y,2,0,1,2,A,-,09,21804,A,N,D,C,A,A,H,-,A,D,0,,,Y,,Y,,D,22,1,0,0,0,0,0,0,0,1,"- ","- ",33.795669555664062,-117.78102874755859,ORANGE,UNINCORPORATED,-117.78118133544922,33.795619964599609
91458299,2021,2021-04-26,9675,2021-04-15,1321,021752,,4,1,6,3015,0,1,3,,2,550,"SR-55 SOUTHBOUND TO KATELLA AVE","KATELLA AVE",310.00,N,N,A,-,Y,,,55,,,,R,,S,Y,4,0,1,2,A,-,03,22350,,N,C,C,A,A,H,-,A,A,0,,,Y,,Y,,C,02,0,0,1,0,0,0,0,0,1,"- ","- ",33.810970306396484,-117.83251953125,ORANGE,ORANGE,-117.83251953125,33.810970306396484
91458564,2021,2021-04-26,9670,2021-04-18,1520,021679,,7,2,7,3001,0,1,1,,2,500,"I-5 N/B (SANTA ANA FREEWAY)","LA PALMA AVE OC",700.00,N,N,A,-,Y,,,5,,,,,,N,Y,3,0,1,1,A,-,08,22107,,N,E,I,A,A,H,-,A,D,0,,,Y,,Y,,C,02,0,1,0,0,0,0,0,0,1,"- ","- ",33.848091125488281,-117.96395874023438,ORANGE,ANAHEIM,-117.96390533447266,33.848190307617188
91460283,2021,2021-04-28,9690,2021-04-23,1255,016128,,5,1,9,3000,0,1,3,,1,074,"SR 74 E/B (ORTEGA HWY)","74 ORA 15.50",600.00,E,N,A,-,Y,,,74,,,,,,E,Y,2,0,1,1,A,-,03,22350,,N,E,A,A,A,H,-,A,D,0,,,Y,,Y,,C,02,1,0,0,0,0,0,0,0,1,"- ","- ",33.596790313720703,-117.46411895751953,ORANGE,UNINCORPORATED,-117.46417999267578,33.596866607666016
91464514,2021,2021-05-03,9670,2021-04-26,1658,013977,,1,2,6,3009,0,1,3,,2,024,"SR-22 E/B (GARDEN GROVE FWY)","GARDEN GROVE BLVD",760.00,E,N,A,-,Y,,,22,,,,,,E,Y,2,0,1,4,A,-,03,22350,,F,C,C,A,A,D,-,A,D,0,,,Y,,Y,,A,07,1,0,0,0,0,0,0,0,1,"- ","- ",33.775760650634766,-117.90203857421875,ORANGE,"GARDEN GROVE",-117.90208435058594,33.775840759277344
91465127,2021,2021-05-04,9670,2021-04-28,1833,021679,,3,2,3,3013,0,1,1,,2,450,"I-405 S/B (SAN DIEGO FREEWAY)","I-605 OC",325.00,N,N,A,-,Y,,,405,,,,,,S,Y,2,0,1,1,A,-,03,22350,,N,E,I,A,A,G,-,A,D,0,,,Y,,Y,,C,02,1,0,0,0,0,0,0,0,1,"- ","- ",33.785148620605469,-118.09246826171875,ORANGE,"LOS ALAMITOS",-118.09246063232422,33.785160064697266
91467703,2021,2021-05-07,9675,2021-04-29,1545,020923,,4,2,7,3001,0,1,3,,2,093,"SR-91 E/B","GLASSELL ST.",2000.00,E,N,A,-,Y,,,91,,,,,,E,Y,3,0,1,2,A,-,07,21658,A,N,C,C,A,A,H,-,A,D,0,,,Y,,Y,,A,01,0,1,0,0,0,0,0,0,1,"- ","- ",33.849838256835938,-117.84765625,ORANGE,ANAHEIM,-117.84764862060547,33.849796295166016
91468084,2021,2021-05-07,9690,2021-05-01,1340,020038,,6,1,9,3000,0,1,3,,1,074,"SR-74 (ORTEGA HWY)","GIBBY RD",13200.00,E,N,A,-,Y,,,74,,,,,,,Y,2,0,1,2,A,-,03,22350,,N,C,C,A,A,H,-,A,D,0,,,Y,,Y,,C,02,1,0,0,0,0,0,0,0,1,"- ","- ",33.531990051269531,-117.55075073242188,ORANGE,UNINCORPORATED,-117.55077362060547,33.532005310058594
91468169,2021,2021-05-07,9690,2021-05-02,0920,014552,,7,1,9,3000,0,1,3,,1,074,"SR 74 E/B (ORTEGA HWY)","SAN JUAN CANYON BRIDGE",5280.00,W,N,B,-,Y,,,74,,,,,,E,Y,2,0,1,1,A,-,03,22350,,N,F,A,A,A,H,-,A,D,0,,,Y,,Y,,C,02,1,0,0,0,0,0,0,0,1,"- ","- ",33.594409942626953,-117.48480224609375,ORANGE,UNINCORPORATED,-117.48487091064453,33.594474792480469
91469196,2021,2021-05-10,9675,2021-04-30,1718,019942,,5,2,6,3004,0,1,1,,2,405,"I-405 SOUTHBOUND","EUCLID AVE",400.00,S,N,A,-,Y,,,405,,,,,,S,Y,3,0,1,4,A,-,07,21658,A,N,B,C,A,A,H,-,A,D,0,,,Y,,Y,,A,01,0,1,0,0,0,0,0,0,1,"- ","- ",33.694919586181641,-117.93370819091797,ORANGE,"COSTA MESA",-117.9337158203125,33.694915771484375
91473817,2021,2021-05-14,9675,2021-05-08,1632,020699,,6,2,7,3019,0,1,1,,2,502,"I-5 NORTHBOUND","LINCOLN AVE",500.00,S,N,A,-,Y,,,5,,,,,,N,Y,3,0,1,2,A,-,07,21658,A,N,C,C,A,A,H,-,E,D,0,,,Y,,Y,,C,02,0,1,0,0,0,0,0,0,1,"- ","- ",33.756309509277344,-117.85494995117188,ORANGE,"SANTA ANA",-117.85489654541016,33.756423950195312
91475664,2021,2021-05-18,9690,2021-05-07,2010,020375,,5,2,5,3028,0,1,1,,2,056,"I-5 S/B (SAN DIEGO FRWY)","OSO PKWY",3200.00,S,N,A,-,Y,,,5,,,,,,S,Y,3,0,1,1,C,-,18,,,N,E,J,A,A,D,-,D,D,0,,,Y,,Y,,-,"- ",0,1,0,0,0,0,0,0,1,"- ","- ",33.570938110351562,-117.67194366455078,ORANGE,"MISSION VIEJO",-117.67205047607422,33.570941925048828
91475842,2021,2021-05-18,9675,2021-05-09,2225,021694,,7,3,7,3001,0,1,3,,2,572,"SR-57 NORTHBOUND","ORANGEWOOD AVE",1300.00,N,N,A,-,Y,,,57,,,,,,N,Y,2,0,1,2,A,-,03,22350,,N,C,C,A,A,H,-,C,D,0,,,Y,,Y,,C,02,1,0,0,0,0,0,0,0,1,"- ","- ",33.79949951171875,-117.87777709960938,ORANGE,ANAHEIM,-117.87773895263672,33.799510955810547
91475891,2021,2021-05-18,9690,2021-05-09,1845,020236,,7,2,5,3017,0,1,1,,2,059,"I-5 N/B (SAN DIEGO FRWY)","CAMINO DE ESTRELLA",3500.00,S,N,A,-,Y,,,5,,,,,,N,N,3,0,1,2,A,-,03,22350,,N,B,C,A,A,H,-,A,D,0,,,Y,,Y,,C,02,0,1,0,0,0,0,0,0,1,"- ","- ",33.456249237060547,-117.65093994140625,ORANGE,"SAN CLEMENTE",-117.65099334716797,33.456130981445312
91476597,2021,2021-05-19,9690,2021-05-13,1335,017929,,4,1,9,3000,0,1,3,,1,074,"SR-74 (ORTEGA HWY)","REATA RD",18.00,E,N,A,-,Y,,,74,,,,,,,N,3,0,1,2,A,-,03,22350,,N,C,C,A,A,H,-,A,D,0,,,Y,,Y,,C,02,0,1,0,0,0,0,0,0,1,"- ","- ",33.518451690673828,-117.62738800048828,ORANGE,UNINCORPORATED,-117.62747192382812,33.51861572265625
91479070,2021,2021-05-21,9690,2021-05-18,1605,016493,,2,2,5,3028,0,1,1,,2,550,"I-5 N/B (SAN DIEGO FRWY)","ALICIA PKWY",1000.00,S,N,A,-,Y,,,5,,,,,,N,Y,2,0,1,2,A,-,03,22350,,N,C,C,A,A,H,-,A,D,0,,,Y,,Y,,C,02,1,0,0,0,0,0,0,0,1,"- ","- ",33.603370666503906,-117.68831634521484,ORANGE,"MISSION VIEJO",-117.68836975097656,33.603290557861328
91482259,2021,2021-05-26,9675,2021-05-18,1215,020627,,2,1,7,3019,0,1,3,,2,222,"SR-22 E/B TO I-5 / SR-51 N/B","LA VETA AVE",1320.00,W,N,A,-,Y,,,22,,,,R,,E,Y,3,0,1,1,A,-,03,22350,,N,F,A,A,A,H,-,A,D,0,,,Y,,Y,,C,02,0,1,0,0,0,0,0,0,1,"- ","- ",33.779079437255859,-117.87209320068359,ORANGE,"SANTA ANA",-117.87209320068359,33.779079437255859
91484658,2021,2021-05-28,9675,2021-05-19,1303,021752,,3,1,9,3000,0,2,4,,2,035,"SILVERADO CANYON ROAD","LADD CANYON ROAD",800.00,W,N,A,-,N,,,,,,,,,,Y,3,0,1,1,A,-,08,22107,,N,F,A,A,A,H,-,A,D,0,,,Y,,Y,,C,02,0,1,0,0,0,0,0,0,1,"- ","- ",33.747268676757812,-117.64324188232422,ORANGE,UNINCORPORATED,-117.64313507080078,33.747322082519531
91487484,2021,2021-06-02,9690,2021-05-23,0940,020472,,7,1,4,3045,0,1,1,,2,550,"I-5 SOUTHBOUND (SAN DIEGO FREEWAY)","LA PAZ ROAD",250.00,N,N,A,-,Y,,,5,,,,,,S,Y,2,0,1,1,A,-,08,22107,,N,E,I,A,A,D,-,A,D,0,,,Y,,Y,,C,02,1,0,0,0,0,0,0,0,1,"- ","- ",33.598419189453125,-117.67719268798828,ORANGE,"LAGUNA HILLS",-117.67722320556641,33.598350524902344
91487557,2021,2021-06-02,9670,2021-05-25,0800,014558,,2,1,6,3009,0,1,3,,2,024,"SR-22 E/B (GARDEN GROVE FREEWAY)","PEARCE STREET POC",500.00,E,N,A,-,Y,,,22,,,,,,E,N,4,0,1,3,A,-,03,22350,,N,C,C,A,A,H,-,A,D,0,,,Y,,Y,,C,02,0,0,1,0,0,0,0,0,1,"- ","- ",33.771060943603516,-117.91104888916016,ORANGE,"GARDEN GROVE",-117.91110992431641,33.771194458007812
91488366,2021,2021-06-03,9675,2021-05-25,1510,019018,,2,2,7,3019,0,1,3,,2,053,"SR-55 NORTHBOUND","MACARTHUR BLVD",500.00,S,N,A,-,Y,,,55,,,,,,N,Y,3,0,1,3,A,-,07,21658,A,N,C,C,A,A,H,-,A,D,0,,,Y,,Y,,A,01,0,1,0,0,0,0,0,0,1,"- ","- ",33.696769714355469,-117.86312866210938,ORANGE,"SANTA ANA",-117.86324310302734,33.696880340576172
91488512,2021,2021-06-03,9675,2021-05-25,1552,017998,,2,2,6,3026,0,1,1,,2,047,"I-405 N/B","SAND CANYON AVE",50.00,N,N,A,-,Y,,,405,,,,,,N,Y,2,0,1,2,A,-,08,22107,,N,C,C,A,A,H,-,A,D,0,,,Y,,Y,,A,01,1,0,0,0,0,0,0,0,1,"- ","- ",33.658290863037109,-117.77873229980469,ORANGE,IRVINE,-117.77871704101562,33.658306121826172
91488569,2021,2021-06-03,9675,2021-05-25,1838,018102,,2,2,6,3026,0,1,1,,2,504,"I-5 NORTHBOUND","JEFFREY ROAD",10.00,S,N,A,-,Y,,,5,,,,,,N,N,3,0,1,2,A,-,07,21658,A,N,B,C,A,A,H,-,A,D,0,,,Y,,Y,,A,01,0,1,0,0,0,0,0,0,1,"- ","- ",33.690120697021484,-117.76828002929688,ORANGE,IRVINE,-117.76829528808594,33.690109252929688
91491176,2021,2021-06-07,9675,2021-05-31,1322,018252,,1,1,9,3000,0,1,1,,2,405,"I-405 SOUTHBOUND",SR-55,792.00,S,N,A,-,Y,,,,,,,,,,Y,3,0,1,1,A,-,08,22107,,N,E,I,A,A,H,-,A,D,0,,,Y,,Y,,C,02,0,1,0,0,0,0,0,0,1,"- ","- ",33.687370300292969,-117.86920928955078,ORANGE,UNINCORPORATED,-117.87223052978516,33.687248229980469
91491637,2021,2021-06-08,9675,2021-05-31,1841,019938,,1,2,6,3026,0,1,3,,2,074,"SR-73 NORTHBOUND","JAMBOREE RD",800.00,S,N,A,-,Y,,,,,,,,,,Y,4,0,1,2,A,-,07,21658,A,N,B,C,A,A,H,-,B,D,0,,,Y,,Y,,C,02,0,0,1,0,0,0,0,0,1,"- ","- ",33.391338348388672,-117.51466369628906,ORANGE,IRVINE,-117.86313629150391,33.653934478759766
91492097,2021,2021-06-08,9690,2021-05-30,0640,016722,,7,1,5,3040,0,1,3,,2,073,"SR-73 FREEWAY N/B (SAN JOAQUIN HILLS TRANSPORTATON","THE SOUTH EDGE OF GREENFIELD DRIVE",30.00,S,N,B,-,Y,,,73,,,,,,N,Y,4,0,1,1,A,-,08,22107,,N,E,I,A,A,H,-,A,D,0,,,Y,,Y,,C,03,0,0,1,0,0,0,0,0,1,"- ","- ",33.558261871337891,-117.68540954589844,ORANGE,"LAGUNA NIGUEL",-117.68540954589844,33.558280944824219
91493773,2021,2021-06-10,9675,2021-06-03,1522,018027,,4,2,7,3001,0,1,3,,2,095,"SR-91 EASTBOUND","YORBA LINDA BLVD",1000.00,E,N,A,-,Y,,,91,,,,,,E,Y,3,0,1,2,A,-,07,21658,A,N,B,C,A,A,H,-,A,D,0,,,Y,,Y,,A,01,0,1,0,0,0,0,0,0,1,"- ","- ",33.868450164794922,-117.72855377197266,ORANGE,ANAHEIM,-117.72859954833984,33.868305206298828
91495251,2021,2021-06-11,9675,2021-06-04,1741,020699,,5,2,6,3026,0,1,1,,2,504,"I-5 NORTHBOUND TO BAKE PKWY.","BAKE PKWY.",400.00,S,N,A,-,Y,,,5,,,,R,,N,Y,2,0,1,1,A,-,03,22350,,N,E,I,A,A,H,-,A,D,0,,,Y,,Y,,C,02,1,0,0,0,0,0,0,0,1,"- ","- ",33.633609771728516,-117.72795104980469,ORANGE,IRVINE,-117.72795104980469,33.633609771728516
91496290,2021,2021-06-14,9670,2021-06-03,0745,017858,,4,1,3,3013,0,1,1,,2,061,"INTERSTATE 605 SOUTHBOUND","INTERSTATE 405 NORTHBOUND",1800.00,N,N,A,-,Y,,,605,,,,,,S,Y,3,0,1,2,D,-,00,,,N,C,C,A,A,H,-,A,A,0,,,Y,,Y,,-,"- ",0,1,0,0,0,0,0,0,1,"- ","- ",33.789260864257812,-118.08927917480469,ORANGE,"LOS ALAMITOS",-118.08935546875,33.789291381835938
91496371,2021,2021-06-14,9675,2021-06-04,0025,022052,,5,3,6,3026,0,1,1,,2,503,"I-5 NORTHBOUND TO CULVER DR.","CULVER DR.",600.00,S,N,A,-,Y,,,5,,,,R,,N,Y,2,0,1,1,A,-,03,22350,,N,F,A,A,A,H,-,C,D,0,,,Y,,Y,,C,02,1,0,0,0,0,0,0,0,1,"- ","- ",33.709300994873047,-117.78050231933594,ORANGE,IRVINE,-117.78050231933594,33.709300994873047
91497324,2021,2021-06-15,9670,2021-06-06,1024,019420,,7,1,4,3020,0,1,1,,2,044,"I-405 N/B (SAN DIEGO FREEWAY)","SR-22 W/B FLYOVER",100.00,N,N,A,-,Y,,,405,,,,,,N,N,3,0,1,2,A,-,08,22107,,N,B,D,A,A,H,-,A,D,0,,,Y,,Y,,C,02,0,1,0,0,0,0,0,0,1,"- ","- ",33.775371551513672,-118.08708190917969,ORANGE,"SEAL BEACH",-118.08701324462891,33.775466918945312
91497612,2021,2021-06-15,9675,2021-06-04,1935,021960,,5,2,7,3001,0,1,3,,2,095,"SR-91 EASTBOUND","GYPSUM CYN ROAD",1584.00,E,N,A,-,Y,,,91,,,,,,E,Y,2,0,1,2,A,-,07,21658,A,N,B,C,A,A,H,-,A,D,0,,,Y,,Y,,D,22,1,0,0,0,0,0,0,0,1,"- ","- ",33.868831634521484,-117.70690155029297,ORANGE,ANAHEIM,-117.70687866210938,33.868793487548828
91500394,2021,2021-06-18,9675,2021-06-11,1650,020699,,5,2,7,3019,0,1,1,,2,502,"I-5 SOUTHBOUND","17TH ST.",375.00,S,N,A,-,Y,,,5,,,,,,S,Y,2,0,1,2,A,-,01,23152,A,N,C,C,A,A,H,-,A,D,0,,,Y,,Y,Y,C,02,1,0,0,0,0,0,0,0,1,"- ","- ",33.758499145507812,-117.86016845703125,ORANGE,"SANTA ANA",-117.86019897460938,33.758445739746094
91500744,2021,2021-06-18,9675,2021-06-14,1223,019394,,1,1,6,3015,0,1,3,,2,550,"SR-55 SOUTHBOUND","CHAPMAN AVE",1745.00,N,N,A,-,Y,,,55,,,,,,S,Y,4,0,1,2,A,-,03,22350,,N,C,C,A,A,H,-,A,D,0,,,Y,,Y,,C,02,0,0,1,0,0,0,0,0,1,"- ","- ",33.792800903320312,-117.83100891113281,ORANGE,ORANGE,-117.83110046386719,33.792800903320312
91501650,2021,2021-06-21,9670,2021-06-11,1404,021467,,5,2,6,3008,0,1,3,,2,191,"SR-91 W/B (RIVERSIDE FREEWAY)","GILBERT ST",200.00,W,N,A,-,Y,,,91,,,,,,W,N,3,0,1,2,A,-,03,22350,,N,C,C,A,A,H,-,A,D,0,,,Y,,Y,,C,02,0,1,0,0,0,0,0,0,1,"- ","- ",33.854930877685547,-117.9686279296875,ORANGE,FULLERTON,-117.96862030029297,33.854961395263672
91503822,2021,2021-06-24,9690,2021-06-17,1054,016128,,4,1,9,3000,0,1,3,,1,074,"SR-74 (ORTEGA HIGHWAY)","MPM 74 - ORA - 13.29",600.00,E,N,A,-,N,,,74,,,,,,,Y,2,0,3,2,A,-,03,22350,,N,A,C,A,A,H,-,A,D,0,,,Y,,Y,,C,02,1,2,0,0,0,0,0,0,1,"- ","- ",33.590671539306641,-117.50054168701172,ORANGE,UNINCORPORATED,-117.50054168701172,33.590675354003906
91505156,2021,2021-06-24,9675,2021-06-13,0905,020018,,7,1,6,3026,0,1,1,,2,530,"I-5 NORTHBOUND","YALE AVENUE",1000.00,N,N,A,-,Y,,,5,,,,,,N,N,2,0,1,2,A,-,07,21658,A,F,F,A,A,A,H,-,A,D,0,,,Y,,Y,,-,99,1,0,0,0,0,0,0,0,1,"- ","- ",33.702541351318359,-117.77662658691406,ORANGE,IRVINE,-117.7764892578125,33.702629089355469
91505646,2021,2021-06-24,9675,2021-06-13,1331,020923,,7,1,9,3000,0,2,4,,2,034,"SANTIAGO CANYON RD.","SILVERADO CANYON RD",4000.00,N,N,A,-,N,,,,,,,,,,Y,2,0,1,2,A,-,03,22350,,N,F,A,A,A,H,-,A,D,0,,,Y,,Y,,C,02,1,0,0,0,0,0,0,0,1,"- ","- ",33.752918243408203,-117.68411254882812,ORANGE,UNINCORPORATED,-117.66551971435547,33.740642547607422
91507840,2021,2021-06-28,9675,2021-06-17,1115,020923,,4,1,7,3001,0,1,3,,2,194,"SR-91 W/B","WEIR CYN RD",3800.00,W,N,B,-,Y,,,91,,,,,,W,Y,3,0,1,2,A,-,03,22350,,N,B,C,A,A,H,-,A,D,0,,,Y,,Y,,C,02,0,1,0,0,0,0,0,0,1,"- ","- ",33.869029998779297,-117.75762176513672,ORANGE,ANAHEIM,-117.75762939453125,33.869159698486328
91507843,2021,2021-06-28,9670,2021-06-17,0559,016793,,4,3,6,3009,0,1,3,,2,020,"SR-22 E/B FROM BEACH BLVD. S/B (GARDEN GROVE FREEW","BEACH BLVD",200.00,W,N,A,-,Y,,,22,,,,R,,E,N,3,0,1,1,A,-,03,22350,,N,F,I,A,A,H,-,B,D,0,,,Y,,Y,,C,02,0,1,0,0,0,0,0,0,1,"- ","- ",33.770648956298828,-117.99333190917969,ORANGE,"GARDEN GROVE",-117.99333190917969,33.770648956298828
91507960,2021,2021-06-28,9675,2021-06-18,0750,020018,,5,1,7,3019,0,1,1,,2,520,"I-5 SOUTHBOUND","17TH STREET",800.00,S,N,A,-,Y,,,,,,,,,,Y,3,0,2,4,A,-,07,21658,A,N,B,C,A,A,H,-,A,D,0,,,Y,,Y,,C,03,0,1,1,0,0,0,0,0,0,"- ","- ",33.759868621826172,-117.82652282714844,ORANGE,"SANTA ANA",-117.86067962646484,33.758659362792969
91508067,2021,2021-06-28,9675,2021-06-19,1442,019942,,6,2,6,3004,0,1,1,,2,045,"I-405 NORTHBOUND","HARBOR BLVD",2600.00,N,N,A,-,Y,,,,,,,,,,N,3,0,1,2,A,-,03,22350,,N,F,A,A,A,H,-,A,D,0,,,Y,,Y,,C,02,0,1,0,0,0,0,0,0,1,"- ","- ",33.786510467529297,-117.98750305175781,ORANGE,"COSTA MESA",-117.92623138427734,33.692123413085938
91509201,2021,2021-06-29,9675,2021-06-23,1320,021272,,3,1,7,3001,0,1,3,,2,572,"SR-57 N/B TO KATELLA AVE OFF RAMP","KATELLA AVE",500.00,S,N,A,-,Y,,,57,,,,R,,N,Y,2,0,1,1,A,-,03,22350,,N,E,I,A,A,H,-,A,D,0,,,Y,,Y,,C,02,1,0,0,0,0,0,0,0,1,"- ","- ",33.804710388183594,-117.87896728515625,ORANGE,ANAHEIM,-117.87896728515625,33.804710388183594
91509753,2021,2021-06-30,9675,2021-06-19,1735,021690,,6,2,9,3000,0,3,5,,2,002,"BARRETT ST","FAIRHAVEN EXT",0.00,,Y,A,-,N,,,,,,,,,,Y,2,0,1,2,A,-,12,22450,A,N,D,C,A,A,H,-,A,A,0,,,Y,,Y,,C,02,1,0,0,0,0,0,0,0,1,"- ","- ",33.779361724853516,-117.79415893554688,ORANGE,UNINCORPORATED,-117.79415893554688,33.779331207275391
91510998,2021,2021-07-01,9690,2021-06-24,2328,021894,,4,3,4,3018,0,1,1,,2,056,"I-5 S/B (SAN DIEGO FREEWAY)","JUNIPERO SERRRA RD",2640.00,N,N,A,-,Y,,,5,,,,,,S,Y,3,0,1,1,A,-,03,22350,,N,F,A,A,A,H,-,D,D,0,,,Y,,Y,,C,02,0,1,0,0,0,0,0,0,1,"- ","- ",33.5306396484375,-117.67404937744141,ORANGE,"SAN JUAN CAPISTRANO",-117.67404937744141,33.5306396484375
91513581,2021,2021-07-06,9690,2021-06-26,1100,016128,,6,1,9,3000,0,1,3,,1,074,"SR-74 (ORTEGA HIGHWAY)","REATA ROAD",100.00,E,N,A,-,N,,,74,,,,,,,N,4,0,1,2,A,-,03,22350,,N,F,A,A,A,H,-,A,D,0,,,Y,,Y,,C,02,0,0,1,0,0,0,0,0,1,"- ","- ",33.518890380859375,-117.62680053710938,ORANGE,UNINCORPORATED,-117.62680053710938,33.518875122070312
91514888,2021,2021-07-07,9675,2021-06-29,1409,021274,,2,2,6,3008,0,1,3,,2,570,"STATE ROUTE 57 S/B","ASSOCIATED RD",350.00,S,N,A,-,Y,,,57,,,,,,S,Y,2,0,1,3,A,-,08,22107,,F,C,C,A,A,H,-,A,D,0,,,Y,,Y,,-,99,1,0,0,0,0,0,0,0,1,"- ","- ",33.906051635742188,-117.88152313232422,ORANGE,FULLERTON,-117.88156127929688,33.906032562255859
91515037,2021,2021-07-07,9690,2021-06-28,1838,019089,,1,2,4,3018,0,1,1,,2,057,"I-5 S/B (SAN DIEGO FRWY)","SAN JUAN CREEK ROAD",562.00,N,N,B,-,Y,,,5,,,,,,S,Y,3,0,1,1,A,-,17,22109,,N,F,A,A,A,H,-,A,D,0,,,Y,,Y,,C,02,0,1,0,0,0,0,0,0,1,"- ","- ",33.492938995361328,-117.66094970703125,ORANGE,"SAN JUAN CAPISTRANO",-117.66102600097656,33.492984771728516
91515768,2021,2021-07-08,9690,2021-06-26,1300,020472,,6,1,4,3045,0,1,1,,2,055,"I-5 S/B (SAN DIEGO FRWY)","LAKE FOREST DRIVE",300.00,S,N,A,-,Y,,,5,,,,,,S,Y,4,0,1,2,A,-,03,22350,,N,C,C,A,A,H,-,A,D,0,,,Y,,Y,,C,02,0,0,1,0,0,0,0,0,1,"- ","- ",33.627689361572266,-117.72016143798828,ORANGE,"LAGUNA HILLS",-117.72021484375,33.627639770507812
91515816,2021,2021-07-08,9675,2021-06-30,1830,019942,,3,2,5,3022,0,1,1,,2,530,"I-5 NORTHBOUND","YALE AVE.",200.00,N,N,A,-,Y,,,,,,,,,,Y,3,0,1,2,A,-,07,21658,A,N,C,C,A,A,H,-,A,D,0,,,Y,,Y,,A,07,0,1,0,0,0,0,0,0,1,"- ","- ",33.698890686035156,-117.77391815185547,ORANGE,TUSTIN,-117.77548980712891,33.701099395751953
91515990,2021,2021-07-08,9690,2021-06-30,1815,014765,,3,2,9,3000,0,3,5,,2,004,FIELDHOUSE,"POTTERS BEND",112.00,W,N,A,-,N,,,,,,,,,,N,3,0,1,2,A,-,21,22106,,N,B,C,A,A,H,-,A,D,0,,,Y,,Y,,D,22,0,1,0,0,0,0,0,0,1,"- ","- ",33.332561492919922,-117.38288879394531,ORANGE,UNINCORPORATED,-117.64131927490234,33.557090759277344
91516193,2021,2021-07-08,9675,2021-07-02,1414,021377,,5,2,7,3001,0,1,3,,2,095,"SR-91 EASTBOUND","COAL CYN RD",4000.00,W,N,A,-,Y,,,91,,,,,,E,Y,3,0,1,3,A,-,07,21658,A,N,B,C,A,A,H,-,A,D,0,,,Y,,Y,,A,01,0,1,0,0,0,0,0,0,1,"- ","- ",33.872211456298828,-117.69957733154297,ORANGE,ANAHEIM,-117.69956207275391,33.872169494628906
91518233,2021,2021-07-12,9670,2021-07-02,1938,017951,,5,2,6,3009,0,1,3,,2,024,"SR-22 EASTBOUND (GARDEN GROVE FREEWAY)","HARBOR BOULEVARD",1563.00,E,N,A,-,Y,,,22,,,,,,E,Y,2,0,1,1,C,-,18,,,N,E,J,A,A,H,-,B,D,0,,,Y,,Y,,-,"- ",1,0,0,0,0,0,0,0,1,"- ","- ",33.769420623779297,-117.91535949707031,ORANGE,"GARDEN GROVE",-117.91538238525391,33.769493103027344
91520315,2021,2021-07-14,9670,2021-07-02,1320,017858,,5,1,5,3003,0,1,1,,2,050,"INTERSTATE 5 NORTHBOUND","BEACH BLVD",650.00,S,N,A,-,Y,,,5,,,,,,N,Y,3,0,1,2,A,-,03,22350,,N,C,C,A,A,H,-,A,D,0,,,Y,,Y,,C,02,0,1,0,0,0,0,0,0,1,"- ","- ",33.865360260009766,-117.99617767333984,ORANGE,"BUENA PARK",-117.99612426757812,33.865470886230469
91520329,2021,2021-07-14,9670,2021-07-12,1645,017951,,1,2,5,3007,0,1,1,,2,040,"I-405 NORTHBOUND (SAN DIEGO FREEWAY)","WARD STREET",632.00,S,N,A,-,Y,,,405,,,,,,N,Y,4,0,1,2,A,-,08,22107,,N,B,C,A,A,D,E,A,D,0,,,Y,,Y,,A,01,0,0,1,0,0,0,0,0,1,"- ","- ",33.699459075927734,-117.94373321533203,ORANGE,"FOUNTAIN VALLEY",-117.94374847412109,33.699413299560547
91523036,2021,2021-07-19,9670,2021-07-16,1715,021459,,5,2,5,3003,0,1,1,,2,050,"I-5 N/B (SANTA ANA FREEWAY)","BEACH BLVD",50.00,N,N,A,-,Y,,,5,,,,,,N,Y,4,0,1,2,A,-,03,22350,,N,C,C,A,A,H,-,A,D,0,,,Y,,Y,,C,02,0,0,1,0,0,0,0,0,1,"- ","- ",33.866111755371094,-117.99800872802734,ORANGE,"BUENA PARK",-117.99786376953125,33.866390228271484
91523677,2021,2021-07-19,9675,2021-07-08,1710,020923,,4,2,7,3019,0,1,3,,2,552,"SR-55 N/B","DYER RD.",80.00,N,N,A,-,Y,,,55,,,,,,N,Y,3,0,1,2,A,-,07,21658,A,F,B,C,A,A,H,-,A,D,0,,,Y,,Y,,-,99,0,1,0,0,0,0,0,0,1,"- ","- ",33.709201812744141,-117.85082244873047,ORANGE,"SANTA ANA",-117.85099792480469,33.709384918212891
91524104,2021,2021-07-20,9675,2021-07-09,0823,021613,,5,1,7,3001,0,1,3,,2,094,"SR-91 EASTBOUND","IMPERIAL HIGHWAY",300.00,E,N,A,-,Y,,,91,,,,,,E,N,3,0,1,2,A,-,17,23114,A,F,H,C,A,A,H,-,A,D,0,,,Y,,Y,,-,99,0,1,0,0,0,0,0,0,1,"- ","- ",33.855018615722656,-117.78800964355469,ORANGE,ANAHEIM,-117.78799438476562,33.854988098144531
91525700,2021,2021-07-21,9690,2021-07-12,2145,014765,,1,2,9,3000,0,2,4,,2,037,"LIVE OAK CANYON ROAD","EL TORO ROAD",4224.00,S,N,A,-,N,,,,,,,,,,N,3,0,1,1,A,-,03,22350,,N,F,A,A,A,H,-,D,D,0,,,Y,,Y,,C,02,0,1,0,0,0,0,0,0,1,"- ","- ",33.419891357421875,-117.36280822753906,ORANGE,UNINCORPORATED,-117.62065124511719,33.683330535888672
91526276,2021,2021-07-22,9675,2021-07-13,1210,021613,,2,1,6,3015,0,1,3,,2,222,"SR-22 EASTBOUND TO GRAND AVE","GRAND AVE",500.00,W,N,A,-,Y,,,22,,,,R,,E,N,4,0,1,1,A,-,08,22107,,N,F,A,A,A,H,-,A,D,0,,,Y,,Y,,C,02,0,0,1,0,0,0,0,0,1,"- ","- ",33.777259826660156,-117.85774993896484,ORANGE,ORANGE,-117.85774993896484,33.777259826660156
91527413,2021,2021-07-23,9690,2021-07-16,1613,014765,,5,2,5,3028,0,1,1,,2,056,"I-5 FREEWAY","OSO PARKWAY",2640.00,N,N,A,-,Y,,,,,,,,,,Y,3,0,4,5,A,-,03,22350,,N,C,C,A,A,D,-,A,D,0,,,Y,,Y,,A,01,0,4,0,0,0,0,0,0,1,"- ","- ",33.351848602294922,-117.40164184570312,ORANGE,"MISSION VIEJO",-117.67176055908203,33.587265014648438
91527439,2021,2021-07-23,9675,2021-07-15,1236,021397,,4,1,7,3001,0,1,3,,2,093,"SR-91 WESTBOUND","GLASSELL ST.",2770.00,W,N,A,-,Y,,,91,,,,,,W,Y,3,0,1,2,A,-,03,22350,,N,C,C,A,A,H,-,A,D,0,,,Y,,Y,,C,02,0,1,0,0,0,0,0,0,1,"- ","- ",33.846588134765625,-117.86215209960938,ORANGE,ANAHEIM,-117.86215209960938,33.846584320068359
91529773,2021,2021-07-27,9675,2021-07-17,1807,021633,,6,2,6,3015,0,1,3,,2,572,"SR-57 SOUTHBOUND TO ORANGEWOOD AVE.","ORANGEWOOD AVE",325.00,N,N,A,-,Y,,,57,,,,R,,S,Y,3,0,1,2,A,-,03,22350,,N,C,C,A,A,H,-,A,D,0,,,Y,,Y,,C,02,0,1,0,0,0,0,0,0,1,"- ","- ",33.796768188476562,-117.87808990478516,ORANGE,ORANGE,-117.87808990478516,33.796768188476562
91529833,2021,2021-07-27,9670,2021-07-20,0700,019171,,2,1,7,3001,0,1,3,,2,093,"SR-91 W/B (RIVERSIDE FWY)","EUCLID ST",500.00,W,N,A,-,Y,,,91,,,,,,W,Y,4,0,1,2,A,-,03,22350,,N,C,C,A,A,H,-,A,D,0,,,Y,,Y,Y,C,02,0,0,1,0,0,0,0,0,1,"- ","- ",33.854080200195312,-117.94805908203125,ORANGE,ANAHEIM,-117.94805908203125,33.854194641113281
91530480,2021,2021-07-28,9675,2021-07-21,0005,021388,,3,3,6,3004,0,1,3,,2,553,"SR-55 NORTHBOUND","SANTA ISABEL AVE",265.00,S,N,A,-,Y,,,55,,,,,,N,Y,2,0,1,1,A,-,08,22107,,N,E,I,A,A,H,-,D,D,0,,,Y,,Y,,C,02,1,0,0,0,0,0,0,0,1,"- ","- ",33.656940460205078,-117.90370941162109,ORANGE,"COSTA MESA",-117.90374755859375,33.656978607177734
91530959,2021,2021-07-28,9675,2021-07-22,2214,020732,,4,3,6,3004,0,1,1,,2,405,"I-405 SOUTHBOUND FROM BRISTOL ST.","BRISTOL ST.",250.00,N,N,A,-,Y,,,405,,,,R,,S,Y,3,0,1,1,C,-,18,,,N,F,A,A,B,F,-,C,D,0,,,Y,,Y,,-,"- ",0,1,0,0,0,0,0,0,1,"- ","- ",33.686988830566406,-117.88658142089844,ORANGE,"COSTA MESA",-117.88658142089844,33.686988830566406
91533519,2021,2021-07-30,9675,2021-07-25,1350,020699,,7,1,7,3019,0,1,1,,2,502,"I-5 SOUTHBOUND","4TH ST",1075.00,N,N,A,-,Y,,,5,,,,,,S,Y,3,0,1,2,A,-,03,22350,,F,C,C,A,A,H,-,A,D,0,,,Y,,Y,,C,02,0,1,0,0,0,0,0,0,1,"- ","- ",33.751190185546875,-117.84596252441406,ORANGE,"SANTA ANA",-117.84592437744141,33.751228332519531
91534575,2021,2021-08-02,9690,2021-07-24,1550,021875,,6,2,4,3045,0,1,1,,2,055,"I-5 N/B (SAN DIEGO FRWY)","LA PAZ ROAD",500.00,N,N,A,-,Y,,,5,,,,,,N,N,3,0,1,1,A,-,08,22107,,N,H,I,A,A,D,-,A,D,0,,,Y,,Y,,C,02,0,1,0,0,0,0,0,0,1,"- ","- ",33.597160339355469,-117.67498779296875,ORANGE,"LAGUNA HILLS",-117.67508697509766,33.597042083740234
91535410,2021,2021-08-03,9675,2021-07-23,0252,021716,,5,3,7,3019,0,1,3,,2,551,"SR-55 NORTHBOUND","MCFADDEN AVE.",855.00,N,N,A,-,Y,,,55,,,,,,N,Y,2,0,1,1,A,-,07,21658,A,N,F,A,A,A,H,-,C,D,0,,,Y,,Y,,C,02,1,0,0,0,0,0,0,0,1,"- ","- ",33.736278533935547,-117.83352661132812,ORANGE,"SANTA ANA",-117.83359527587891,33.736278533935547
91535792,2021,2021-08-04,9675,2021-07-25,1228,021397,,7,1,7,3019,0,1,1,,2,502,"I-5 NORTHBOUND","LINCOLN AVE",50.00,N,N,A,-,Y,,,5,,,,,,N,Y,3,0,1,1,A,-,03,22350,,N,F,0,A,A,H,-,A,D,0,,,Y,,Y,,C,02,0,1,0,0,0,0,0,0,1,"- ","- ",33.757091522216797,-117.85633850097656,ORANGE,"SANTA ANA",-117.85635375976562,33.757068634033203
91537147,2021,2021-08-05,9675,2021-07-24,0240,022536,,6,3,7,3001,0,1,3,,2,095,"SR-91 EASTBOUND","GYPSUM CANYON ROAD",4000.00,W,N,A,-,Y,,,91,,,,,,E,Y,2,0,1,1,A,-,03,22350,,N,F,A,A,A,H,-,C,D,0,,,Y,,Y,,C,02,1,0,0,0,0,0,0,0,1,"- ","- ",33.866561889648438,-117.72030639648438,ORANGE,ANAHEIM,-117.72029876708984,33.866634368896484
91537584,2021,2021-08-05,9670,2021-07-27,1739,020325,,2,2,5,3003,0,1,1,,2,500,"I-5 N/B","WESTERN AVE.",400.00,S,N,A,-,Y,,,5,,,,,,N,N,2,0,1,2,A,-,07,21658,A,N,F,A,A,A,H,-,A,D,0,,,Y,,Y,,A,08,1,0,0,0,0,0,0,0,1,"- ","- ",33.868251800537109,-118.00151824951172,ORANGE,"BUENA PARK",-118.00147247314453,33.868339538574219
91538593,2021,2021-08-06,9670,2021-07-28,1050,019171,,3,1,6,3008,0,1,3,,2,093,"SR-91 W/B (RIVERSIDE FWY)","GILBERT ST",100.00,E,N,A,-,Y,,,91,,,,,,W,N,3,0,1,2,A,-,03,22350,,N,C,C,A,A,H,-,A,D,0,,,Y,,Y,,C,02,0,1,0,0,0,0,0,0,1,"- ","- ",33.855049133300781,-117.96848297119141,ORANGE,FULLERTON,-117.96852111816406,33.854927062988281
91538701,2021,2021-08-06,9675,2021-07-29,1543,019938,,4,2,6,3026,0,1,1,,2,530,"I-5 NORTHBOUND","CULVER DR",1600.00,N,N,A,-,Y,,,5,,,,,,N,Y,2,0,1,2,A,-,07,21658,A,F,F,A,A,A,H,-,A,D,0,,,Y,,Y,,-,99,1,0,0,0,0,0,0,0,1,"- ","- ",33.71343994140625,-117.78595733642578,ORANGE,IRVINE,-117.78598785400391,33.713401794433594
91539510,2021,2021-08-09,9670,2021-07-31,1130,020175,,6,1,5,3003,0,1,3,,2,091,"SR-91 W/B","ORANGETHORPRE AVE",10.00,E,N,A,-,Y,,,91,,,,,,W,Y,4,0,1,2,A,-,07,21658,A,N,B,G,A,A,H,-,A,D,0,,,Y,,Y,,A,01,0,0,1,0,0,0,0,0,1,"- ","- ",33.85858154296875,-118.03308868408203,ORANGE,"BUENA PARK",-118.03309631347656,33.858573913574219
91539525,2021,2021-08-11,9670,2021-07-31,1900,021459,,6,2,6,3008,0,1,1,,2,501,"I-5 S/B (SANTA ANA FREEWAY)","SR-91 E/B",260.00,N,N,A,-,Y,,,5,,,,,,S,Y,3,0,1,2,A,-,08,22107,,N,E,J,A,D,H,-,A,D,0,,,Y,,Y,,C,02,0,1,0,0,0,0,0,0,1,"- ","- ",33.857120513916016,-117.98133850097656,ORANGE,FULLERTON,-117.98137664794922,33.857048034667969
91539992,2021,2021-08-09,9670,2021-08-03,1850,021459,,2,2,3,3006,0,1,3,,2,091,"SR-91 W/B","CARMENITA RD PEDESTRIAN OVERCROSSING",300.00,E,N,A,-,Y,,,91,,,,,,W,N,4,0,1,2,A,-,03,22350,,N,F,9,A,A,H,-,A,D,0,,,Y,,Y,,C,02,0,0,1,0,0,0,0,0,1,"- ","- ",33.861610412597656,-118.04065704345703,ORANGE,"LA PALMA",-118.0406494140625,33.861640930175781
91541022,2021,2021-08-10,9675,2021-07-29,2115,022222,,4,2,7,3019,0,1,1,,2,502,"I-5 NORTHBOUND","MAIN STREET",1500.00,S,N,A,-,Y,,,5,,,,,,N,Y,2,0,1,2,A,-,03,22350,,N,C,C,A,A,H,-,C,D,0,,,Y,,Y,,C,02,1,0,0,0,0,0,0,0,1,"- ","- ",33.764118194580078,-117.86508178710938,ORANGE,"SANTA ANA",-117.86510467529297,33.764106750488281
91541838,2021,2021-08-10,9675,2021-06-16,2210,022283,,3,3,6,3004,0,1,3,,2,553,"STATE ROUTE 55 SOUTHBOUND","INTERSTATE 405 NORTHBOUND",113.00,S,N,A,-,Y,,,55,,,,,,S,Y,1,1,0,2,A,-,03,22350,,N,C,C,A,A,H,-,C,D,0,,,Y,,Y,,C,02,0,0,0,0,0,0,0,1,0,"- ","- ",33.686931610107422,-117.87270355224609,ORANGE,"COSTA MESA",-117.8726806640625,33.686908721923828
91542162,2021,2021-08-11,9675,2021-07-28,1732,021690,,3,2,7,3001,0,1,3,,2,072,"SR-57 N/B","WAGNER AVE",1000.00,N,N,A,-,Y,,,57,,,,,,N,Y,3,0,1,2,A,-,07,21658,A,N,B,C,A,A,H,-,A,D,0,,,Y,,Y,,A,01,0,1,0,0,0,0,0,0,1,"- ","- ",33.827121734619141,-117.87603759765625,ORANGE,ANAHEIM,-117.8759765625,33.827117919921875
91543544,2021,2021-08-12,9675,2021-08-05,1615,019018,,4,2,7,3019,0,1,1,,2,502,"I-5 SOUTHBOUND","LA VETA AVENUE",790.00,N,N,A,-,N,,,5,,,,,,S,Y,3,0,1,1,A,-,07,21658,A,N,F,A,A,A,H,-,A,D,0,,,Y,,Y,,C,02,0,1,0,0,0,0,0,0,1,"- ","- ",33.780120849609375,-117.87835693359375,ORANGE,"SANTA ANA",-117.87821197509766,33.780288696289062
91545517,2021,2021-08-16,9670,2021-08-06,0955,019420,,5,1,3,3013,0,1,1,,2,060,"I-605 N/B","KATELLA AVE",1200.00,S,N,A,-,Y,,,605,,,,,,N,Y,2,0,1,2,A,-,03,22350,,N,C,C,A,A,H,-,A,D,0,,,Y,,Y,,C,02,1,0,0,0,0,0,0,0,1,"- ","- ",33.794788360595703,-118.08698272705078,ORANGE,"LOS ALAMITOS",-118.08698272705078,33.794792175292969
91545611,2021,2021-08-16,9670,2021-08-06,2154,022001,,5,2,5,3007,0,1,1,,2,041,"I-405 S/B (SAN DIEGO FWY)","WARNER AVE",2000.00,S,N,A,-,Y,,,405,,,,,,S,Y,2,0,1,2,A,-,01,23152,G,N,C,C,A,A,D,E,C,D,0,,,Y,,Y,Y,C,02,1,0,0,0,0,0,0,0,1,"- ","- ",33.711818695068359,-117.96231842041016,ORANGE,"FOUNTAIN VALLEY",-117.96234130859375,33.711795806884766
91546521,2021,2021-08-17,9670,2021-08-12,1440,019171,,4,2,5,3003,0,1,1,,2,050,"I-5 N/B (SANTA ANA FWY)","BEACH BLVD",100.00,S,N,A,-,Y,,,5,,,,,,N,Y,3,0,1,2,A,-,03,22350,,N,C,C,A,A,H,-,A,D,0,,,Y,,Y,,C,02,0,1,0,0,0,0,0,0,1,"- ","- ",33.864860534667969,-117.99536895751953,ORANGE,"BUENA PARK",-117.99528503417969,33.865024566650391
91547784,2021,2021-08-18,9670,2021-08-14,0200,022065,,6,3,6,3008,0,1,3,,2,093,"SR-91 W/B","HARBOR BLVD",1584.00,W,N,A,-,Y,,,91,,,,,,W,Y,2,0,1,1,A,-,01,23152,A,N,F,A,A,A,H,-,D,D,0,,,Y,,Y,Y,C,02,1,0,0,0,0,0,0,0,1,"- ","- ",33.854290008544922,-117.93057250976562,ORANGE,FULLERTON,-117.93057250976562,33.854213714599609
91548232,2021,2021-08-18,9690,2021-08-09,1105,016610,,1,1,5,3028,0,1,1,,2,056,"I-5 (SAN DIEGO FWY) N/B","OSO PKWY.",1000.00,N,N,A,-,Y,,,5,,,,,,N,N,3,0,1,2,A,-,03,22350,,N,C,C,A,A,D,-,A,D,0,,,Y,,Y,,C,02,0,1,0,0,0,0,0,0,1,"- ","- ",33.587528228759766,-117.67150115966797,ORANGE,"MISSION VIEJO",-117.67147827148438,33.587528228759766
91549395,2021,2021-08-19,9670,2021-08-11,1140,019420,,3,1,4,3020,0,1,1,,2,045,"I-405 S/B TO 605 N/B TRANSITION","I-405 N/B",50.00,N,N,A,-,Y,,,405,,,,R,,S,Y,3,0,1,1,A,-,03,22350,,N,F,A,A,A,H,-,A,D,0,,,Y,,Y,,C,02,0,1,0,0,0,0,0,0,1,"- ","- ",33.785228729248047,-118.09172821044922,ORANGE,"SEAL BEACH",-118.09172821044922,33.785228729248047
91551089,2021,2021-08-23,9690,2021-08-15,1725,021875,,7,2,5,3028,0,1,1,,2,056,"I-5 N/B","CROWN VALLEY PARKWAY",2000.00,N,N,A,-,Y,,,5,,,,,,N,Y,4,0,1,2,A,-,03,22350,,N,C,C,A,A,D,-,A,D,0,,,Y,,Y,,D,22,0,0,1,0,0,0,0,0,1,"- ","- ",33.565601348876953,-117.67212677001953,ORANGE,"MISSION VIEJO",-117.67221832275391,33.56561279296875
91551136,2021,2022-07-12,9675,2021-08-11,1817,021377,,3,2,6,3004,0,1,3,,2,553,"SR-55 SOUTHBOUND",I-405,1000.00,N,N,B,-,Y,,,55,,,,,,S,N,2,0,1,2,A,-,07,21658,A,N,C,C,A,A,H,-,A,D,0,,,Y,,Y,,A,01,1,0,0,0,0,0,0,0,1,"- ","- ",33.689529418945312,-117.87023162841797,ORANGE,"COSTA MESA",-117.87020111083984,33.689502716064453
91551497,2021,2021-08-23,9675,2021-08-12,1640,019942,,4,2,7,3001,0,1,3,,2,093,"SR-91 E/B","KRAEMER BLVD.",800.00,E,N,A,-,Y,,,,,,,,,,N,3,0,1,2,A,-,07,21658,A,N,F,A,A,A,H,-,A,D,0,,,Y,,Y,,A,01,0,1,0,0,0,0,0,0,1,"- ","- ",33.767250061035156,-117.83788299560547,ORANGE,ANAHEIM,-117.85293579101562,33.848468780517578
91552952,2021,2021-08-24,9675,2021-08-15,0945,020027,,7,1,6,3004,0,1,3,,2,553,"SR-55 SOUTHBOUND","SANTA ISABEL AVE",300.00,N,N,A,-,Y,,,55,,,,,,S,Y,2,0,1,2,A,-,03,22350,,N,C,C,A,A,H,-,A,D,0,,,Y,,Y,,C,02,1,0,0,0,0,0,0,0,1,"- ","- ",33.658420562744141,-117.90252685546875,ORANGE,"COSTA MESA",-117.90242004394531,33.658313751220703
91554161,2021,2021-08-25,9675,2021-08-13,1630,019942,,5,2,7,3001,0,1,3,,2,093,"SR-91 WESTBOUND","LAKEVIEW AVE",1258.00,E,N,A,-,Y,,,91,,,,,,W,N,2,0,1,3,A,-,03,22350,,N,B,C,A,A,H,-,A,D,0,,,Y,,Y,,C,02,1,0,0,0,0,0,0,0,1,"- ","- ",33.853420257568359,-117.81105804443359,ORANGE,ANAHEIM,-117.81108093261719,33.853458404541016
91554657,2021,2021-08-26,9690,2021-08-19,1850,018953,,4,2,5,3017,0,1,1,,2,059,"INTERSTATE 5 (NORTHBOUND)","AVENIDA PALIZADA",1300.00,N,N,A,-,Y,,,5,,,,,,,Y,3,0,1,2,A,-,03,22350,,F,C,C,A,A,H,-,A,D,0,,,Y,,Y,,-,99,0,1,0,0,0,0,0,0,1,"- ","- ",33.434200286865234,-117.61676788330078,ORANGE,"SAN CLEMENTE",-117.61677551269531,33.434196472167969
91554762,2021,2021-08-26,9675,2021-08-14,1428,021960,,6,2,7,3019,0,1,1,,2,502,"I-5 SOUTH BOUND","4TH ST.",535.00,N,N,A,-,Y,,,5,,,,,,,Y,3,0,1,2,A,-,08,22107,,N,B,C,A,A,H,-,A,D,0,,,Y,,Y,,A,07,0,1,0,0,0,0,0,0,1,"- ","- ",33.749980926513672,-117.84458923339844,ORANGE,"SANTA ANA",-117.84465789794922,33.749927520751953
91556961,2021,2021-08-27,9675,2021-08-19,1240,015914,,4,1,7,3019,0,1,3,,2,552,"SR-55 SOUTHBOUND","MAIN ST",100.00,N,N,A,-,Y,,,55,,,,,,S,N,2,0,1,1,A,-,08,22107,,N,E,I,A,A,H,-,A,D,0,,,Y,,Y,,C,02,1,0,0,0,0,0,0,0,1,"- ","- ",33.692821502685547,-117.86736297607422,ORANGE,"SANTA ANA",-117.86719512939453,33.692676544189453
91557242,2021,2021-08-27,9670,2021-08-14,1350,021543,,6,1,5,3003,0,1,1,,2,500,"I-5 N/B FROM ORANGETHORPE AVE","ORANGETHORPE AVE",300.00,N,N,A,-,Y,,,5,,,,R,,N,Y,2,0,1,1,A,-,03,22350,,N,E,J,A,A,H,-,A,D,0,,,Y,,Y,,C,02,1,0,0,0,0,0,0,0,1,"- ","- ",33.859439849853516,-117.98249053955078,ORANGE,"BUENA PARK",-117.98249053955078,33.859439849853516
91557878,2021,2021-08-30,9670,2021-08-15,2025,021543,,7,2,5,3024,0,1,1,,2,430,"SOUTHBOUND INTERSTATE 405 (SAN DIEGO FREEWAY)","BOLSA CHICA ROAD",1056.00,S,N,A,-,Y,,,405,,,,,,,Y,2,0,1,3,A,-,08,22107,,F,E,J,A,A,D,E,C,D,0,,,Y,,Y,,A,01,1,0,0,0,0,0,0,0,1,"- ","- ",33.772739410400391,-118.03855133056641,ORANGE,WESTMINSTER,-118.03859710693359,33.772670745849609
91558657,2021,2021-09-08,9675,2021-08-22,1740,018985,,7,2,6,3004,0,1,1,,2,405,"I-405 N/B TO SR-55 S/B","RED HILL AVE.",2750.00,N,N,A,-,Y,,,405,,,,R,,N,Y,1,1,0,1,A,-,08,22107,,N,E,I,A,A,H,-,A,D,0,,,Y,,Y,,C,02,0,0,0,0,0,0,0,1,0,"- ","- ",33.685939788818359,-117.87493133544922,ORANGE,"COSTA MESA",-117.87493133544922,33.685939788818359
91559353,2021,2021-08-31,9675,2021-08-22,1435,021274,,7,2,7,3001,0,1,3,,2,094,"STATE ROUTE 91 W/B","IMPERIAL HIGHWAY",1705.00,W,N,A,-,Y,,,91,,,,,,W,N,3,0,1,3,A,-,08,22107,,F,C,C,A,A,H,-,A,D,0,,,Y,,Y,,-,99,0,1,0,0,0,0,0,0,1,"- ","- ",33.854499816894531,-117.79627990722656,ORANGE,ANAHEIM,-117.79627990722656,33.85443115234375
91559589,2021,2021-11-02,9675,2021-08-23,1710,020923,,1,2,5,3022,0,1,1,,2,503,"I-5 N/B","TUSTIN RANCH RD.",150.00,N,N,A,-,Y,,,5,,,,,,N,Y,4,0,1,2,A,-,07,21658,A,N,B,C,A,A,H,-,A,D,0,,,Y,,Y,,-,"- ",0,0,1,0,0,0,0,0,1,"- ","- ",33.726539611816406,-117.80506134033203,ORANGE,TUSTIN,-117.80504608154297,33.726566314697266
91559720,2021,2021-08-31,9675,2021-08-24,1815,019018,,2,2,6,3015,0,1,3,,2,222,"SR-22 WESTBOUND","LA VETA AVENUE",800.00,E,N,A,-,Y,,,22,,,,,,W,Y,3,0,1,1,A,-,07,21658,A,F,F,A,A,A,H,-,A,D,0,,,Y,,Y,,C,02,0,1,0,0,0,0,0,0,1,"- ","- ",33.779201507568359,-117.8795166015625,ORANGE,ORANGE,-117.87952423095703,33.779071807861328
91560069,2021,2021-09-01,9670,2021-08-23,1515,021207,,1,2,6,3009,0,1,3,,2,022,"SR-22 E/B (GARDEN GROVE FWY)","MAGNOLIA ST",50.00,E,N,A,-,Y,,,22,,,,,,E,Y,3,0,1,2,A,-,03,22350,,N,C,C,A,A,H,-,A,D,0,,,Y,,Y,,C,02,0,1,0,0,0,0,0,0,1,"- ","- ",33.765640258789062,-117.97161102294922,ORANGE,"GARDEN GROVE",-117.97161102294922,33.765727996826172
91561037,2021,2021-09-02,9675,2021-08-21,1554,020694,,6,2,9,3000,0,1,3,,2,241,"SR-241 NORTHBOUND","BEE CYN ACCESS RD",2000.00,N,N,A,-,Y,,,241,,,,,,N,N,3,0,1,1,C,-,18,,,N,F,I,A,A,H,-,A,D,0,,,Y,,Y,,-,"- ",0,1,0,0,0,0,0,0,1,"- ","- ",33.724269866943359,-117.71909332275391,ORANGE,UNINCORPORATED,-117.71924591064453,33.724292755126953
91561188,2021,2021-09-02,9675,2021-08-22,1125,020018,,7,1,6,3015,0,1,3,,2,222,"SR-22 EASTBOUND TO SR-57 N/B","BEDFORD ROAD",950.00,W,N,A,-,Y,,,,,,,,,,N,3,0,1,2,A,-,08,22107,,N,B,C,A,A,H,-,A,D,0,,,Y,,Y,,A,01,0,1,0,0,0,0,0,0,1,"- ","- ",33.870090484619141,-117.54090881347656,ORANGE,ORANGE,-117.87265014648438,33.778324127197266
91561504,2021,2021-09-02,9675,2021-08-25,1854,018985,,3,2,6,3004,0,1,1,,2,405,"I-405 N/B","HARBOR BLVD.",150.00,S,N,B,-,Y,,,405,,,,,,N,N,4,0,1,2,A,-,03,22350,,N,C,C,A,A,H,-,B,D,0,,,Y,,Y,,C,02,0,0,1,0,0,0,0,0,1,"- ","- ",33.689140319824219,-117.91870880126953,ORANGE,"COSTA MESA",-117.91872406005859,33.689098358154297
91561575,2021,2021-09-02,9675,2021-08-21,1225,019320,,6,1,6,3026,0,1,1,,2,504,"I-5 SOUTHBOUND TO SR-133 NORTHBOUND","SAND CANYON AVE.",1000.00,N,N,A,-,Y,,,5,,,,R,,S,N,3,0,1,1,A,-,08,22107,,N,F,A,A,A,H,-,A,D,0,,,Y,,Y,,C,02,0,1,0,0,0,0,0,0,1,"- ","- ",33.681098937988281,-117.76242828369141,ORANGE,IRVINE,-117.76242828369141,33.681098937988281
91563037,2021,2021-09-06,9675,2021-08-29,2230,021716,,7,3,6,3015,0,1,3,,2,572,"SR-57 SOUTHBOUND",I-5,770.00,N,N,A,-,Y,,,57,,,,,,S,Y,3,0,1,2,A,-,03,22350,,N,C,C,A,A,H,-,C,D,0,,,Y,,Y,,C,02,0,1,0,0,0,0,0,0,1,"- ","- ",33.784828186035156,-117.88008880615234,ORANGE,ORANGE,-117.87998962402344,33.784824371337891
91563484,2021,2021-09-06,9690,2021-08-27,0300,022237,,5,3,5,3028,0,1,1,,2,056,"INTERSTATE 5 S/B TO CROWN VALLEY PARKWAY","CROWN VALLEY PARKWAY",10.00,N,N,A,-,Y,,,5,,,,R,,S,N,4,0,1,2,A,-,03,22350,,N,C,C,A,A,H,-,C,A,0,,,Y,,Y,,A,01,0,0,1,0,0,0,0,0,1,"- ","- ",33.559200286865234,-117.67366790771484,ORANGE,"MISSION VIEJO",-117.67366790771484,33.559200286865234
91563895,2021,2021-09-07,9670,2021-08-27,1143,019420,,5,1,3,3013,0,1,1,,2,061,"I-605 S/B FROM KATELLA AVENUE","KATELLA AVE",25.00,N,N,A,-,Y,,,605,,,,R,,S,Y,2,0,1,1,A,-,03,22350,,N,E,A,A,A,H,-,A,D,0,,,Y,,Y,,C,02,1,0,0,0,0,0,0,0,1,"- ","- ",33.803531646728516,-118.08200836181641,ORANGE,"LOS ALAMITOS",-118.08200836181641,33.803531646728516
91566238,2021,2021-11-02,9670,2021-08-29,1516,021679,,7,2,7,3001,0,1,1,,2,500,"I-5 N/B (SANTA ANA FREEWAY)","MAGNOLIA AVE OC",1056.00,S,N,A,-,Y,,,5,,,,,,N,N,3,0,2,2,A,-,08,22107,,N,B,C,A,A,H,-,A,D,0,,,Y,,Y,,-,"- ",0,2,0,0,0,0,0,0,2,"- ","- ",33.853260040283203,-117.97351837158203,ORANGE,ANAHEIM,-117.97351837158203,33.853260040283203
91566429,2021,2021-09-09,9675,2021-09-01,1110,019979,,3,1,7,3001,0,1,3,,2,572,"SR-57 SOUTHBOUND","LINCOLN AVE.",2000.00,S,N,A,-,Y,,,57,,,,,,S,N,2,0,1,3,A,-,03,22350,,F,C,C,A,A,H,-,A,D,0,,,Y,,Y,,C,02,1,0,0,0,0,0,0,0,1,"- ","- ",33.826011657714844,-117.87619781494141,ORANGE,ANAHEIM,-117.87630462646484,33.826011657714844
91566446,2021,2021-09-09,9670,2021-09-03,0650,019171,,5,1,5,3003,0,1,1,,2,500,"I-5 N/B (SANTA ANA FWY)","WESTERN AVE",50.00,S,N,B,-,Y,,,5,,,,,,N,N,4,0,1,2,A,-,07,21658,A,N,B,C,A,A,H,-,A,D,0,,,Y,,Y,,A,01,0,0,1,0,0,0,0,0,1,"- ","- ",33.868518829345703,-118.00202178955078,ORANGE,"BUENA PARK",-118.00196838378906,33.868610382080078
91567176,2021,2021-09-10,9675,2021-09-02,1521,019938,,4,2,6,3026,0,1,1,,2,503,"I-5 SOUTHBOUND","YALE AVENUE",100.00,S,N,A,-,Y,,,5,,,,,,S,Y,2,0,1,2,A,-,03,22350,,F,C,C,A,A,H,-,A,D,0,,,Y,,Y,,C,02,1,0,0,0,0,0,0,0,1,"- ","- ",33.698928833007812,-117.77430725097656,ORANGE,IRVINE,-117.77444458007812,33.698844909667969
91568340,2021,2021-11-02,9670,2021-08-24,2308,021579,,2,3,7,3001,0,1,1,,2,500,"I-5 N/B","MAGNOLIA AVE",650.00,S,N,A,-,Y,,,,,,,,,,Y,2,0,1,2,A,-,03,22350,,N,C,C,A,A,D,E,D,D,0,,,Y,,Y,,-,"- ",1,0,0,0,0,0,0,0,1,"- ","- ",33.511421203613281,-117.58280944824219,ORANGE,ANAHEIM,-117.97472381591797,33.854103088378906
91568357,2021,2021-09-13,9675,2021-09-01,1825,019135,,3,2,7,3001,0,1,3,,2,571,"SR-57 NORTHBOUND","UNDERHILL AVE PEDESTRIAN BRIDGE",300.00,N,N,A,-,Y,,,57,,,,,,N,N,3,0,1,2,A,-,03,22350,,N,C,C,A,A,H,-,A,D,0,,,Y,,Y,,C,02,0,1,0,0,0,0,0,0,1,"- ","- ",33.843608856201172,-117.87579345703125,ORANGE,ANAHEIM,-117.87592315673828,33.843612670898438
91568830,2021,2021-09-13,9690,2021-09-02,1635,021875,,4,2,4,3045,0,1,1,,2,055,"I-5 N/B (SAN DIEGO FRWY)","LOS ALISOS BLVD",440.00,S,N,A,-,Y,,,5,,,,,,N,Y,3,0,2,2,A,-,03,22350,,N,E,9,A,A,D,-,A,D,0,,,Y,,Y,,A,01,0,1,1,0,0,0,0,0,1,"- ","- ",33.607589721679688,-117.69618225097656,ORANGE,"LAGUNA HILLS",-117.69612884521484,33.607704162597656
91569764,2021,2021-09-14,9670,2021-09-11,1431,021467,,6,2,5,3003,0,1,1,,2,050,"I-5 N/B","STANTON AVE",20.00,N,N,A,-,Y,,,5,,,,,,N,Y,3,0,1,2,A,-,17,21655,,N,C,C,A,A,H,-,A,D,0,,,Y,,Y,,A,07,0,1,0,0,0,0,0,0,1,"- ","- ",33.864170074462891,-117.99398040771484,ORANGE,"BUENA PARK",-117.99391174316406,33.864299774169922
91569898,2021,2021-09-14,9675,2021-09-03,1739,020031,,5,2,6,3026,0,1,1,,2,406,"I-405 SOUTHBOUND","VON KARMAN AVE.",608.00,N,N,A,-,Y,,,405,,,,,,S,Y,3,0,1,1,A,-,03,22350,,N,F,A,A,A,H,-,A,D,0,,,Y,,Y,,C,02,0,1,0,0,0,0,0,0,1,"- ","- ",33.680778503417969,-117.85298156738281,ORANGE,IRVINE,-117.85297393798828,33.680797576904297
91570676,2021,2021-09-15,9690,2021-09-05,1900,020038,,7,2,9,3000,0,1,3,,1,074,SR-74,"HOT SPRINGS CANYON RD",7920.00,E,N,A,-,Y,,,74,,,,,,,N,3,0,1,1,A,-,03,22350,,N,F,A,A,A,H,-,B,D,0,,,Y,,Y,,C,02,0,1,0,0,0,0,0,0,1,"- ","- ",33.593391418457031,-117.49075317382812,ORANGE,UNINCORPORATED,-117.49076843261719,33.593441009521484
91570729,2021,2021-09-15,9675,2021-09-11,2153,022222,,6,2,7,3001,0,1,3,,2,093,"SR-91 EASTBOUND","MIRALOMA AVE",150.00,W,N,A,-,Y,,,91,,,,,,E,Y,2,0,1,2,A,-,08,22107,,N,D,C,A,A,H,-,D,D,0,,,Y,,Y,,A,01,1,0,0,0,0,0,0,0,1,"- ","- ",33.851421356201172,-117.88001251220703,ORANGE,ANAHEIM,-117.8800048828125,33.851436614990234
91571878,2021,2021-09-16,9690,2021-09-07,1650,020086,,2,2,9,3000,0,2,4,,2,035,"OSO PARKWAY",SOLANO,0.00,,Y,A,-,N,,,,,,,,,,Y,2,0,1,2,A,-,09,21801,A,N,A,C,A,A,H,-,A,D,0,,,Y,,Y,,A,01,1,0,0,0,0,0,0,0,1,"- ","- ",33.589580535888672,-117.59928131103516,ORANGE,UNINCORPORATED,-117.59926605224609,33.589492797851562
91571981,2021,2021-09-16,9670,2021-09-14,1510,019925,,2,2,5,3003,0,1,1,,2,500,"I-5 N/B (SANTA ANA FREEWAY)","BEACH BLVD.",80.00,S,N,A,-,Y,,,5,,,,,,N,Y,3,0,1,2,A,-,07,21658,A,N,B,C,A,A,H,-,A,D,0,,,Y,,Y,,A,01,0,1,0,0,0,0,0,0,1,"- ","- ",33.866039276123047,-117.99749755859375,ORANGE,"BUENA PARK",-117.9974365234375,33.866165161132812
91572292,2021,2021-09-16,9675,2021-04-24,0217,022023,,6,3,7,3019,0,1,1,,2,502,"STATE ROUTE 22 EB FROM INTERSTATE 5 SB","SOUTH BEDFORD ROAD",582.00,W,N,A,-,Y,,,22,,,,R,,E,Y,1,1,0,1,A,-,01,23152,A,N,E,J,A,A,H,-,C,D,0,,,Y,,Y,Y,C,02,0,0,0,0,0,0,0,1,0,"- ","- ",33.778049468994141,-117.87142181396484,ORANGE,"SANTA ANA",-117.87142181396484,33.778049468994141
91572954,2021,2021-09-17,9690,2021-09-05,1217,012712,,7,1,5,3017,0,1,1,,2,059,"I-5 S/B (SAN DIEGO FREEWAY)","AVENIDA PALIZADA",111.00,S,N,A,-,Y,,,5,,,,,,S,Y,2,0,2,1,A,-,08,22107,,N,E,I,A,A,H,-,A,D,0,,,Y,,Y,,C,02,2,0,0,0,0,0,0,0,2,"- ","- ",33.430591583251953,-117.61428070068359,ORANGE,"SAN CLEMENTE",-117.61420440673828,33.430679321289062
91572974,2021,2021-09-17,9675,2021-09-08,1805,022046,,3,2,7,3001,0,1,3,,2,095,"SR-91 EASTBOUND",SR-241,1056.00,W,N,A,-,Y,,,91,,,,,,E,Y,3,0,1,2,A,-,07,21658,A,N,B,C,A,A,H,-,E,D,0,,,Y,,Y,,A,01,0,1,0,0,0,0,0,0,1,"- ","- ",33.869560241699219,-117.73220825195312,ORANGE,ANAHEIM,-117.73220825195312,33.869556427001953
91573761,2021,2021-09-20,9675,2021-09-09,1715,019518,,4,2,6,3015,0,1,3,,2,550,"SR-55 NORTHBOUND","KATELLA AVENUE",500.00,N,N,B,-,Y,,,55,,,,,,N,N,3,0,1,2,A,-,07,21658,A,N,C,C,A,A,H,-,A,D,0,,,Y,,Y,,D,22,0,1,0,0,0,0,0,0,1,"- ","- ",33.811470031738281,-117.83197784423828,ORANGE,ORANGE,-117.83184814453125,33.811470031738281
91575310,2021,2021-09-21,9675,2021-09-10,1725,019518,,5,2,6,3015,0,1,3,,2,550,"SR-55 NORTHBOUND","KATELLA AVENUE",800.00,S,N,A,-,Y,,,55,,,,,,N,N,3,0,1,1,A,-,08,22107,,N,F,A,A,A,H,-,A,D,0,,,Y,,Y,,C,02,0,1,0,0,0,0,0,0,1,"- ","- ",33.8048095703125,-117.83187103271484,ORANGE,ORANGE,-117.83170318603516,33.804813385009766
91576300,2021,2021-09-22,9670,2021-09-11,1345,022099,,6,1,7,3001,0,1,S,,2,904,"INTERSTATE 5 S/B (SANTA ANA FWY)","GENE AUTRY WAY",450.00,S,N,A,-,Y,,,5,,,,,,S,N,4,0,1,2,A,-,07,21658,A,N,B,C,A,A,H,-,A,A,0,,,Y,,Y,,A,01,0,0,1,0,0,0,0,0,1,"- ","- ",33.798629760742188,-117.89772033691406,ORANGE,ANAHEIM,-117.89775848388672,33.798587799072266
91577152,2021,2021-09-22,9675,2021-09-10,1625,019135,,5,2,7,3001,0,1,3,,2,093,"SR-91 EASTBOUND","SR-57 SOUTHBOUND",30.00,E,N,A,-,Y,,,91,,,,,,E,Y,3,0,1,2,A,-,07,21658,A,F,B,C,A,A,H,-,A,A,0,,,Y,Y,Y,,C,02,0,1,0,0,0,0,0,0,1,"- ","- ",33.849769592285156,-117.87602233886719,ORANGE,ANAHEIM,-117.87604522705078,33.849716186523438
91578004,2021,2021-10-27,9675,2021-09-14,1750,021690,,2,2,6,3015,0,1,3,,2,572,"SR-22 WESTBOUND FROM SR-57 SOUTHBOUND","THE CITY DRIVE",700.00,E,N,A,-,Y,,,22,,,,R,,W,N,2,0,1,2,A,-,03,22350,,N,C,C,A,A,H,-,A,D,0,,,Y,,Y,,C,02,1,0,0,0,0,0,0,0,1,"- ","- ",33.779399871826172,-117.88569641113281,ORANGE,ORANGE,-117.88569641113281,33.779399871826172
91578842,2021,2021-09-24,9675,2021-09-15,1223,018252,,3,1,6,3004,0,1,1,,2,405,"I-405 SOUTHBOUND TO BRISTOL STREET","BRISTOL ST",460.00,N,N,A,-,Y,,,405,,,,R,,S,Y,3,0,1,1,A,-,03,22350,,N,E,I,A,A,H,-,A,D,0,,,Y,,Y,,C,02,0,1,0,0,0,0,0,0,1,"- ","- ",33.685920715332031,-117.88699340820312,ORANGE,"COSTA MESA",-117.88699340820312,33.685920715332031
91578983,2021,2021-09-24,9675,2021-09-16,0750,019394,,4,1,6,3015,0,1,3,,2,550,"SR-55 SOUTHBOUND","E. WALNUT AVE.",210.00,S,N,B,-,Y,,,55,,,,,,S,Y,3,0,1,2,A,-,03,22350,,N,C,C,A,A,H,-,A,D,0,,,Y,,Y,,C,02,0,1,0,0,0,0,0,0,1,"- ","- ",33.793720245361328,-117.83100891113281,ORANGE,ORANGE,-117.83108520507812,33.793720245361328
91579920,2021,2021-09-27,9675,2021-09-15,1747,021377,,3,2,7,3001,0,1,3,,2,093,"SR-91 EASTBOUND","GLASSELL ST",1000.00,E,N,A,-,Y,,,91,,,,,,E,Y,3,0,1,2,A,-,07,21658,A,N,B,C,A,A,H,-,B,D,0,,,Y,,Y,,A,08,0,1,0,0,0,0,0,0,1,"- ","- ",33.848590850830078,-117.85260772705078,ORANGE,ANAHEIM,-117.85260009765625,33.848552703857422
91579941,2021,2021-09-27,9675,2021-09-17,0855,019320,,5,1,4,3002,0,1,3,,2,570,"SR-57 SOUTHBOUND","IMPERIAL HWY.",200.00,N,N,A,-,Y,,,57,,,,,,S,N,3,0,1,3,A,-,03,22350,,N,B,C,A,A,H,-,A,A,0,,,Y,,Y,,C,02,0,1,0,0,0,0,0,0,1,"- ","- ",33.910991668701172,-117.88369750976562,ORANGE,BREA,-117.88375091552734,33.910984039306641
91580186,2021,2021-09-27,9670,2021-09-10,0905,019138,,5,1,5,3007,0,1,1,,2,041,"I-405 SB","WARNER AVE",500.00,N,N,A,-,Y,,,405,,,,,,S,Y,3,0,1,2,A,-,03,22350,,F,B,C,A,A,D,-,A,D,0,,,Y,,Y,,C,02,0,1,0,0,0,0,0,0,1,"- ","- ",33.717239379882812,-117.96855163574219,ORANGE,"FOUNTAIN VALLEY",-117.96868133544922,33.717082977294922
91580263,2021,2021-09-27,9690,2021-09-18,1910,021875,,6,2,5,3028,0,1,1,,2,056,"I-5 N/B (SAN DIEGO FRWY)","LA PAZ RD",2000.00,S,N,A,-,Y,,,5,,,,,,N,Y,3,0,1,2,A,-,03,22350,,N,C,C,A,A,D,-,D,D,0,,,Y,,Y,,C,02,0,1,0,0,0,0,0,0,1,"- ","- ",33.593620300292969,-117.67230987548828,ORANGE,"MISSION VIEJO",-117.67224884033203,33.593647003173828
91580741,2021,2021-09-27,9675,2021-09-17,1226,019394,,5,1,6,3004,0,1,3,,2,553,"SR-55 SOUTHBOUND","BAY ST.",163.00,S,N,A,-,Y,,,55,,,,,,S,Y,2,0,1,3,C,-,18,,,N,B,C,A,A,H,-,A,D,0,,,Y,,Y,,-,"- ",1,0,0,0,0,0,0,0,1,"- ","- ",33.647510528564453,-117.91313934326172,ORANGE,"COSTA MESA",-117.91301727294922,33.64739990234375
91581153,2021,2021-09-28,9675,2021-09-17,1655,021059,,5,2,6,3015,0,1,3,,2,222,"SR-22 WESTBOUND","I-5 SOUTHBOUND",800.00,W,N,A,-,Y,,,22,,,,,,W,Y,3,0,1,2,A,-,07,21658,A,N,B,C,A,A,H,-,A,D,0,,,Y,,Y,,C,02,0,1,0,0,0,0,0,0,1,"- ","- ",33.779010772705078,-117.87985992431641,ORANGE,ORANGE,-117.87985992431641,33.779075622558594
91581194,2021,2021-09-28,9670,2021-09-21,2049,021207,,2,2,5,3007,0,1,1,,2,041,"I-405 S/B (SAN DIEGO FWY)","TALBERT AVE",10.00,S,N,A,-,Y,,,405,,,,,,S,Y,3,0,1,2,A,-,03,22350,,N,C,C,A,A,E,-,C,D,0,,,Y,,Y,,C,02,0,1,0,0,0,0,0,0,1,"- ","- ",33.701580047607422,-117.94937133789062,ORANGE,"FOUNTAIN VALLEY",-117.94939422607422,33.701534271240234
91581456,2021,2021-09-28,9670,2021-09-24,2215,021071,,5,3,6,3009,0,1,3,,2,023,"SR-22 WESTBOUND","BROOKHURST ST",500.00,E,N,A,-,Y,,,22,,,,,,W,Y,3,0,1,2,A,-,03,22350,,N,C,C,A,A,H,-,C,D,0,,,Y,,Y,,A,01,0,1,0,0,0,0,0,0,1,"- ","- ",33.766040802001953,-117.95320129394531,ORANGE,"GARDEN GROVE",-117.95320129394531,33.766014099121094
91582040,2021,2021-09-28,9675,2021-09-18,1735,022046,,6,2,7,3001,0,1,3,,2,094,"SR-91 EASTBOUND","IMPERIAL HIGHWAY",400.00,E,N,A,-,Y,,,91,,,,,,E,N,3,0,1,1,A,-,03,22350,,N,F,A,A,A,H,-,C,D,0,,,Y,,Y,,C,02,0,1,0,0,0,0,0,0,1,"- ","- ",33.854450225830078,-117.79016876220703,ORANGE,ANAHEIM,-117.79014587402344,33.854305267333984
91582597,2021,2021-09-29,9690,2021-09-25,1645,020375,,6,2,4,3029,0,1,1,,2,058,"I-5 N/B (SAN DIEGO FRWY)","VIA CALIFORNIA",500.00,S,N,B,-,Y,,,5,,,,,,N,N,4,0,1,2,A,-,06,21755,A,N,B,C,A,A,H,-,A,D,0,,,Y,,Y,,C,02,0,0,1,0,0,0,0,0,1,"- ","- ",33.464870452880859,-117.66620635986328,ORANGE,"DANA POINT",-117.66619110107422,33.464893341064453
91583422,2021,2021-09-30,9675,2021-09-20,1825,022099,,1,2,7,3019,0,1,1,,2,502,"INTERSTATE 5 N/B (SANTA ANA FWY)","4TH ST.",300.00,S,N,A,-,Y,,,5,,,,,,N,Y,2,0,1,2,A,-,08,22107,,N,B,C,A,A,H,-,A,D,0,,,Y,,Y,,A,07,1,0,0,0,0,0,0,0,1,"- ","- ",33.747699737548828,-117.84300994873047,ORANGE,"SANTA ANA",-117.84294128417969,33.747722625732422
91583535,2021,2021-09-30,9670,2021-09-22,0950,019420,,3,1,5,3007,0,1,1,,2,041,"I-405 S/B","MAGNOLIA STREET",300.00,N,N,A,-,Y,,,405,,,,,,S,Y,3,0,1,2,A,-,03,22350,,N,B,C,A,A,D,-,A,D,0,,,Y,,Y,,C,02,0,1,0,0,0,0,0,0,1,"- ","- ",33.720909118652344,-117.97286987304688,ORANGE,"FOUNTAIN VALLEY",-117.97301483154297,33.720745086669922
91583822,2021,2021-09-30,9675,2021-09-21,1610,019518,,2,2,7,3019,0,1,3,,2,052,"SR-55 NORTHBOUND","EDINGER AVENUE",100.00,S,N,A,-,Y,,,55,,,,,,N,Y,4,0,1,2,A,-,07,21658,A,N,C,C,A,A,H,-,A,D,0,,,Y,,Y,,A,08,0,0,1,0,0,0,0,0,1,"- ","- ",33.726230621337891,-117.83482360839844,ORANGE,"SANTA ANA",-117.83504486083984,33.726337432861328
91588091,2021,2021-11-03,9690,2021-09-18,1540,019319,,6,2,9,3000,0,1,3,,1,074,"SR-74 (ORTEGA HIGHWAY)","SAN JUAN CREEK BRIDGE",2112.00,E,N,A,-,Y,,,74,,,,,,,Y,2,0,3,2,A,-,08,22107,,N,A,C,A,A,D,-,A,D,0,,,Y,,Y,,-,"- ",1,0,2,0,0,0,0,0,1,"- ","- ",33.592250823974609,-117.49265289306641,ORANGE,UNINCORPORATED,-117.49265289306641,33.592277526855469
91588308,2021,2021-10-05,9675,2021-09-07,0850,015914,,2,1,6,3026,0,1,1,,2,406,"I-405 NORTHBOUND FROM CULVER DR. WESTBOUND","CULVER DR.",300.00,N,N,A,-,Y,,,405,,,,R,,N,N,4,0,1,2,A,-,06,21750,A,N,B,C,A,A,H,-,A,A,0,,,Y,,Y,,C,02,0,0,1,0,0,0,0,0,1,"- ","- ",33.670639038085938,-117.82530975341797,ORANGE,IRVINE,-117.82530975341797,33.670639038085938
91588446,2021,2021-10-05,9675,2021-09-25,2130,020697,,6,2,5,3014,0,1,3,,2,074,"STATE ROUTE 73 NORTHBOUND","SAN DIEGO CREEK",120.00,N,N,A,-,Y,,,73,,,,,,N,Y,4,0,1,1,A,-,16,24002,A,N,F,A,A,A,H,-,C,D,0,,,Y,,Y,,C,02,0,0,1,0,0,0,0,0,1,"- ","- ",33.652908325195312,-117.86228942871094,ORANGE,"NEWPORT BEACH",-117.86233520507812,33.652881622314453
91588567,2021,2021-10-05,9670,2021-09-25,2014,020860,,6,2,6,3010,0,1,1,,2,041,"I-405 S/B FROM EDINGER AVE.","EDINGER AVENUE",300.00,S,N,A,-,Y,,,405,,,,R,,S,Y,2,0,2,2,A,-,08,22107,,N,E,I,A,A,D,E,C,D,0,,,Y,,Y,,C,02,1,1,0,0,0,0,0,0,1,"- ","- ",33.729778289794922,-117.98590850830078,ORANGE,"HUNTINGTON BEACH",-117.98590850830078,33.729778289794922
91589667,2021,2021-10-06,9670,2021-10-05,0822,016209,,2,1,7,3001,0,1,1,,2,051,"I-5 S/B (SANTA ANA FREEWAY)","BROOKHURST ST.",200.00,N,N,A,-,Y,,,5,,,,,,S,Y,4,0,1,3,A,-,03,22350,,N,B,C,A,A,H,-,A,D,0,,,Y,,Y,,C,02,0,0,1,0,0,0,0,0,1,"- ","- ",33.845771789550781,-117.95977783203125,ORANGE,ANAHEIM,-117.95979309082031,33.845741271972656
91589707,2021,2021-10-06,9675,2021-09-27,1642,021274,,1,2,7,3001,0,1,3,,2,092,"STATE ROUTE 91 E/B","TUSTIN AVE",1480.00,W,N,A,-,Y,,,91,,,,,,E,N,3,0,1,2,A,-,03,22350,,N,F,A,A,A,H,-,A,D,0,,,Y,,Y,,C,02,0,1,0,0,0,0,0,0,1,"- ","- ",33.850929260253906,-117.84304046630859,ORANGE,ANAHEIM,-117.84304809570312,33.850955963134766
91589793,2021,2021-10-06,9675,2021-09-24,1130,017993,,5,1,6,3004,0,1,3,,2,553,"SR-55 SOUTHBOUND",I-405,50.00,S,N,A,-,Y,,,55,,,,,,S,N,2,0,1,3,A,-,03,22350,,N,B,C,A,A,H,-,A,D,0,,,Y,,Y,,C,02,1,0,0,0,0,0,0,0,1,"- ","- ",33.687160491943359,-117.87258911132812,ORANGE,"COSTA MESA",-117.87251281738281,33.687084197998047
91591485,2021,2021-10-08,9675,2021-09-29,1550,019018,,3,2,6,3015,0,1,3,,2,222,"SR-22 EASTBOUND","BRISTOL STREET",500.00,E,N,A,-,Y,,,,,,,,,,Y,2,0,1,3,A,-,07,21658,A,F,C,C,A,A,H,-,A,D,0,,,Y,,Y,,C,02,1,0,0,0,0,0,0,0,1,"- ","- ",33.788539886474609,-117.88986206054688,ORANGE,ORANGE,-117.88394927978516,33.778736114501953
91592277,2021,2021-10-11,9670,2021-10-01,1010,016209,,5,1,5,3003,0,1,1,,2,050,"I-5 N/B (SANTA ANA FREEWAY)","STANTON AVE.",900.00,S,N,A,-,Y,,,5,,,,,,N,N,4,0,1,2,A,-,07,21658,A,N,B,C,A,A,H,-,A,D,0,,,Y,,Y,,D,22,0,0,1,0,0,0,0,0,1,"- ","- ",33.862541198730469,-117.99121856689453,ORANGE,"BUENA PARK",-117.99112701416016,33.862682342529297
91592513,2021,2021-10-11,9675,2021-09-30,0900,018252,,4,1,7,3001,0,1,3,,2,072,"SR-57 SOUTHBOUND","BALL RD",1584.00,S,N,A,-,Y,,,57,,,,,,S,Y,3,0,1,2,A,-,03,22350,,N,C,C,A,A,H,-,A,D,0,,,Y,,Y,,C,02,0,1,0,0,0,0,0,0,1,"- ","- ",33.813518524169922,-117.87750244140625,ORANGE,ANAHEIM,-117.87774658203125,33.813617706298828
91592694,2021,2021-10-11,9670,2021-10-02,1210,020325,,6,1,5,3003,0,1,1,,2,500,"I-5 N/B","ARTESIA BLVD",450.00,S,N,A,-,Y,,,5,,,,,,N,Y,3,0,1,2,A,-,07,21658,A,N,B,C,A,A,H,-,A,D,0,,,Y,,Y,,A,07,0,1,0,0,0,0,0,0,1,"- ","- ",33.872581481933594,-118.0086669921875,ORANGE,"BUENA PARK",-118.00864410400391,33.872611999511719
91593066,2021,2021-10-11,9675,2021-09-24,1925,019135,,5,2,7,3001,0,1,3,,2,572,"SR-57 SOUTHBOUND","CERRITOS AVE",200.00,S,N,A,-,Y,,,57,,,,,,S,N,3,0,1,3,A,-,07,21658,A,F,F,A,A,A,H,-,C,D,0,,,Y,,Y,Y,-,99,0,1,0,0,0,0,0,0,1,"- ","- ",33.810890197753906,-117.87835693359375,ORANGE,ANAHEIM,-117.87876129150391,33.811058044433594
91593265,2021,2021-10-11,9675,2021-09-30,1630,020923,,4,2,7,3001,0,1,3,,2,094,"SR-91 W/B","LAKEVIEW AVE",1400.00,E,N,A,-,Y,,,91,,,,,,W,N,3,0,1,2,A,-,03,22350,,N,C,C,A,A,H,-,A,D,0,,,Y,,Y,,C,02,0,1,0,0,0,0,0,0,1,"- ","- ",33.853981018066406,-117.81024169921875,ORANGE,ANAHEIM,-117.81019592285156,33.853870391845703
91593338,2021,2021-10-11,9675,2021-10-01,0900,020018,,5,1,7,3019,0,1,3,,2,552,"I-5 SOUTHBOUND","4TH STREET",100.00,S,N,A,-,Y,,,5,,,,,,S,Y,2,0,1,2,A,-,03,22350,,N,C,C,A,A,H,-,A,D,0,,,Y,,Y,,C,02,1,0,0,0,0,0,0,0,1,"- ","- ",33.747539520263672,-117.84317779541016,ORANGE,"SANTA ANA",-117.84322357177734,33.747520446777344
91595032,2021,2021-10-13,9670,2021-10-01,0730,019171,,5,1,7,3001,0,1,1,,2,051,"I-5 S/B (SANTA ANA FWY)","MAGNOLIA AVE",1000.00,S,N,A,-,Y,,,5,,,,,,S,N,3,0,1,3,A,-,08,22107,,N,B,C,A,A,H,-,A,D,0,,,Y,,Y,,-,"- ",0,1,0,0,0,0,0,0,1,"- ","- ",33.850799560546875,-117.96951293945312,ORANGE,ANAHEIM,-117.96958923339844,33.85064697265625
91595629,2021,2021-10-13,9675,2021-10-03,1105,019979,,7,1,7,3001,0,1,3,,2,094,"SR-91 EASTBOUND","IMPERIAL HIGHWAY",1200.00,E,N,A,-,Y,,,91,,,,,,E,N,2,0,1,3,A,-,07,21658,A,N,B,C,A,A,H,-,A,D,0,,,Y,,Y,,A,01,1,0,0,0,0,0,0,0,1,"- ","- ",33.85968017578125,-117.77874755859375,ORANGE,ANAHEIM,-117.7786865234375,33.859554290771484
91596492,2021,2021-10-14,9690,2021-10-03,1210,019319,,7,1,5,3028,0,1,1,,2,056,"I-5 N/B (SAN DIEGO FRWY)","OSO PARKWAY",2112.00,S,N,B,-,Y,,,5,,,,,,N,Y,3,0,1,3,A,-,03,22350,,N,B,C,A,A,D,-,A,D,0,,,Y,,Y,,C,02,0,1,0,0,0,0,0,0,1,"- ","- ",33.574298858642578,-117.67178344726562,ORANGE,"MISSION VIEJO",-117.67170715332031,33.574298858642578
91596517,2021,2021-10-14,9690,2021-10-05,0800,021991,,2,1,5,3028,0,1,1,,2,056,"I-5 N/B (SAN DIEGO FRWY)","OSO PARKWAY",5280.00,S,N,A,-,Y,,,5,,,,,,N,N,3,0,1,2,A,-,07,21658,A,N,B,C,A,A,D,-,A,D,0,,,Y,,Y,,A,01,0,1,0,0,0,0,0,0,1,"- ","- ",33.565589904785156,-117.67230987548828,ORANGE,"MISSION VIEJO",-117.67222595214844,33.565578460693359
91597345,2021,2022-08-24,9690,2021-05-15,0045,020637,,6,3,4,3018,0,1,1,,2,057,"INTERSTATE 5 N/B (SAN DIEGO FREEWAY)","EL HORNO STREET",456.00,N,N,B,-,Y,,,5,,,,,,N,Y,1,1,0,1,A,-,08,22107,,N,E,I,A,A,H,-,D,D,0,,,Y,,Y,,C,02,0,0,0,0,0,0,0,1,0,"- ","- ",33.509449005126953,-117.66063690185547,ORANGE,"SAN JUAN CAPISTRANO",-117.66079711914062,33.509384155273438
91599665,2021,2021-10-18,9675,2021-10-09,1325,019979,,6,1,6,3026,0,1,1,,2,530,"I-5 NORTHBOUND","JAMBOREE RD.",900.00,S,N,A,-,Y,,,5,,,,,,N,N,3,0,1,2,A,-,07,21658,A,N,B,C,A,A,H,-,A,D,0,,,Y,,Y,,A,07,0,1,0,0,0,0,0,0,1,"- ","- ",33.71649169921875,-117.79055786132812,ORANGE,IRVINE,-117.79050445556641,33.716564178466797
91599678,2021,2021-10-18,9675,2021-10-07,0642,018039,,4,1,6,3026,0,1,1,,2,503,"I-5 SOUTHBOUND","CULVER DRIVE",2628.00,N,N,B,-,Y,,,5,,,,,,S,N,4,0,1,2,A,-,07,21658,A,N,C,B,A,A,H,-,A,D,0,,,Y,,Y,,A,01,0,0,1,0,0,0,0,0,1,"- ","- ",33.715091705322266,-117.78875732421875,ORANGE,IRVINE,-117.788818359375,33.715003967285156
91599967,2021,2021-10-21,9690,2021-10-17,0906,014552,,7,1,9,3000,0,2,4,,2,034,"ANTONIO PARKWAY NORTHBOUND","WINDMILL AVENUE",290.00,S,N,A,-,N,,,,,,,,,,Y,3,0,2,2,A,-,01,23152,A,N,C,C,A,A,H,-,A,D,0,,,Y,,Y,Y,A,07,0,2,0,0,0,0,0,0,1,"- ","- ",33.559101104736328,-117.63059997558594,ORANGE,UNINCORPORATED,-117.630859375,33.559192657470703
91601220,2021,2021-10-20,9675,2021-10-10,0900,020027,,7,1,6,3015,0,1,3,,2,222,"SR-22 EASTBOUND TO SR-55 NORTHBOUND","TUSTIN AVE",1000.00,E,N,A,-,Y,,,22,,,,R,,E,Y,3,0,1,2,A,-,06,21755,A,N,B,C,A,A,H,-,A,D,0,,,Y,,Y,,C,02,0,1,0,0,0,0,0,0,1,"- ","- ",33.777000427246094,-117.83120727539062,ORANGE,ORANGE,-117.83120727539062,33.777000427246094
91601448,2021,2021-10-20,9675,2021-10-10,1310,020027,,7,1,9,3000,0,2,4,,2,034,"SANTIAGO CANYON RD","JACKSON RANCH RD",500.00,N,N,A,-,N,,,,,,,,,,Y,3,0,1,1,A,-,08,22107,,N,F,A,A,A,H,-,A,D,0,,,Y,,Y,,C,02,0,1,0,0,0,0,0,0,1,"- ","- ",33.729660034179688,-117.65048980712891,ORANGE,UNINCORPORATED,-117.64929962158203,33.725971221923828
91603844,2021,2021-10-22,9675,2021-10-14,0645,017773,,4,1,6,3026,0,1,1,,2,045,"I-405 N/B","MACARTHUR BLVD",528.00,N,N,A,-,Y,,,405,,,,,,N,Y,2,0,1,1,A,-,03,22350,,N,F,A,A,A,H,-,A,D,0,,,Y,,Y,,C,02,1,0,0,0,0,0,0,0,1,"- ","- ",33.684638977050781,-117.86123657226562,ORANGE,IRVINE,-117.86119842529297,33.684730529785156
91605635,2021,2021-10-25,9670,2021-10-20,0750,016209,,3,1,7,3001,0,1,1,,2,051,"I-5 S/B (SANTA ANA FREEWAY)","MAGNOLIA AVE.",1584.00,S,N,A,-,Y,,,5,,,,,,S,N,2,0,1,4,A,-,03,22350,,N,C,C,A,A,H,-,A,D,0,,,Y,,Y,,C,02,1,0,0,0,0,0,0,0,1,"- ","- ",33.851589202880859,-117.97112274169922,ORANGE,ANAHEIM,-117.97116851806641,33.851509094238281
91606161,2021,2021-10-26,9670,2021-10-17,1325,019420,,7,1,4,3020,0,1,1,,2,045,"I-405 S/B","I-605 S/B",300.00,N,N,A,-,Y,,,405,,,,,,S,Y,3,0,1,1,A,-,03,22350,,N,F,I,A,A,D,-,A,D,0,,,Y,,Y,,C,02,0,1,0,0,0,0,0,0,1,"- ","- ",33.784908294677734,-118.09217834472656,ORANGE,"SEAL BEACH",-118.09223175048828,33.784870147705078
91607546,2021,2021-10-27,9670,2021-10-11,1533,019925,,1,2,7,3001,0,1,3,,2,094,"SR-91 E/B (RIVERSIDE FREEWAY)","BROOKHURST ST.",40.00,E,N,A,-,Y,,,91,,,,,,E,N,4,0,1,2,D,-,00,,,N,C,C,A,A,H,-,A,D,0,,,Y,,Y,,-,"- ",0,0,1,0,0,0,0,0,1,"- ","- ",33.853900909423828,-117.95893096923828,ORANGE,ANAHEIM,-117.95893096923828,33.853855133056641
91608984,2021,2021-10-28,9690,2021-10-22,1625,022016,,5,2,5,3028,0,1,1,,2,055,"I-5 S/B (SAN DIEGO FRWY)","EL TORO ROAD",500.00,S,N,A,-,Y,,,,,,,,,,Y,3,0,1,2,A,-,03,22350,,N,C,C,A,A,D,-,A,D,0,,,Y,,Y,,C,02,0,1,0,0,0,0,0,0,1,"- ","- ",33.612281799316406,-117.70501708984375,ORANGE,"MISSION VIEJO",-117.70761871337891,33.614509582519531
91612130,2021,2021-11-01,9670,2021-10-22,1225,019138,,5,1,6,3010,0,1,1,,2,040,"I-405 NB","BEACH BLVD",300.00,S,N,A,-,Y,,,405,,,,,,N,Y,3,0,1,1,A,-,08,22107,,N,E,J,A,A,D,-,A,D,0,,,Y,,Y,,C,02,0,1,0,0,0,0,0,0,1,"- ","- ",33.732269287109375,-117.98822784423828,ORANGE,"HUNTINGTON BEACH",-117.98831176757812,33.732154846191406
91612142,2021,2021-11-01,9675,2021-10-22,2010,021960,,5,2,7,3001,0,1,3,,2,094,"SR-91 WESTBOUND","IMPERIAL HIGHWAY",4752.00,E,N,A,-,Y,,,91,,,,,,W,Y,2,0,1,2,A,-,01,23152,A,N,C,C,A,A,H,-,C,D,0,,,Y,,Y,Y,D,22,1,0,0,0,0,0,0,0,1,"- ","- ",33.861289978027344,-117.77564239501953,ORANGE,ANAHEIM,-117.77565765380859,33.861320495605469
91613175,2021,2021-11-02,9690,2021-10-24,0820,018733,,7,1,9,3000,0,1,3,,1,074,"SR-74 (ORTEGA HWY)","RIVERSIDE COUNTY LINE",3270.00,W,N,A,-,Y,,,74,,,,,,,N,2,0,1,2,A,-,03,22350,,N,F,A,A,A,H,-,A,D,0,,,Y,,Y,,C,02,1,0,0,0,0,0,0,0,1,"- ","- ",33.596580505371094,-117.46434020996094,ORANGE,UNINCORPORATED,-117.46436309814453,33.596584320068359
91613717,2021,2021-11-02,9675,2021-10-22,1245,020027,,5,1,7,3001,0,1,3,,2,095,"SR-91 EASTBOUND","COAL CANYON RD",1500.00,E,N,A,-,Y,,,91,,,,,,E,Y,2,0,1,2,A,-,03,22350,,N,F,0,A,A,H,-,A,D,0,,,Y,,Y,,C,02,1,0,0,0,0,0,0,0,1,"- ","- ",33.870250701904297,-117.68314361572266,ORANGE,ANAHEIM,-117.68315124511719,33.870212554931641
91614386,2021,2021-11-03,9675,2021-10-05,1900,020033,,2,2,6,3008,0,1,3,,2,571,"SR-57 N/B (ORANGE FREEWAY)","NUTWOOD AVE",1373.00,N,N,A,-,Y,,,57,,,,,,N,Y,4,0,1,2,A,-,07,21658,A,F,C,C,A,A,H,-,C,D,0,,,Y,,Y,,-,99,0,0,1,0,0,0,0,0,1,"- ","- ",33.882091522216797,-117.88018035888672,ORANGE,FULLERTON,-117.88031005859375,33.882087707519531
91614399,2021,2021-11-03,9675,2021-10-22,1706,021633,,5,2,7,3001,0,1,3,,2,092,"SR-91 EASTBOUND","TUSTIN AVE",2140.00,W,N,A,-,Y,,,91,,,,,,E,Y,4,0,2,3,A,-,07,21658,A,N,B,C,A,A,H,-,A,D,0,,,Y,,Y,,A,07,0,0,2,0,0,0,0,0,1,"- ","- ",33.850551605224609,-117.84475708007812,ORANGE,ANAHEIM,-117.84475708007812,33.85052490234375
91614605,2021,2021-11-03,9690,2021-10-26,1125,016722,,2,1,5,3017,0,1,1,,2,059,"I-5 FREEWAY N/B","AVENIDA SAN LUIS REY",150.00,N,N,A,-,Y,,,5,,,,,,N,N,3,0,1,3,A,-,03,22350,,N,C,C,A,A,H,-,A,D,0,,,Y,,Y,,A,08,0,1,0,0,0,0,0,0,0,"- ","- ",33.405910491943359,-117.59851837158203,ORANGE,"SAN CLEMENTE",-117.59842681884766,33.405956268310547
91615002,2021,2021-11-03,9670,2021-10-22,0054,021282,,5,3,3,3013,0,1,3,,2,021,"SR-22 W/B (GARDEN GROVE FREEWY) FROM I-405/605 S/B","SAN GABRIEL RIVER",300.00,E,N,A,-,Y,,,,,,,,,,Y,3,0,1,2,A,-,08,22107,,N,D,C,A,A,H,-,C,D,0,,,Y,,Y,,C,02,0,1,0,0,0,0,0,0,1,"- ","- ",33.770908355712891,-118.00663757324219,ORANGE,"LOS ALAMITOS",,
91616339,2021,2021-11-04,9670,2021-11-02,1150,017641,,2,1,4,3020,0,1,1,,2,044,"I-405 N/B (SAN DIEGO FREEWAY)","SEAL BEACH BLVD.",528.00,N,N,A,-,Y,,,405,,,,,,N,N,3,0,1,1,A,-,03,22350,,N,F,I,A,A,D,E,A,D,0,,,Y,,Y,,C,02,0,1,0,0,0,0,0,0,1,"- ","- ",33.774589538574219,-118.08329010009766,ORANGE,"SEAL BEACH",-118.08329010009766,33.774547576904297
91616488,2021,2021-11-04,9670,2021-10-29,1920,020809,,5,2,4,3020,0,1,1,,2,045,"INTERSTATE 405 NORTHBOUND","SEAL BEACH BLVD",2112.00,N,N,A,-,Y,,,405,,,,,,N,N,4,0,1,2,A,-,03,22350,,N,C,C,A,A,D,-,D,D,0,,,Y,,Y,,C,02,0,0,1,0,0,0,0,0,1,"- ","- ",33.774539947509766,-118.08267974853516,ORANGE,"SEAL BEACH",-118.08267974853516,33.7745361328125
91616601,2021,2021-11-04,9690,2021-10-30,1224,019319,,6,1,5,3050,0,1,1,,2,055,"I-5 S/B (SAN DIEGO FRWY)","LAKE FOREST DRIVE",2112.00,S,N,B,-,Y,,,5,,,,,,S,Y,3,0,1,2,A,-,03,22350,,F,C,C,A,A,H,-,A,D,0,,,Y,,Y,,C,02,0,1,0,0,0,0,0,0,1,"- ","- ",33.623371124267578,-117.71605682373047,ORANGE,"LAKE FOREST",-117.71614837646484,33.623287200927734
91617047,2021,2021-11-05,9690,2021-10-27,1530,020038,,3,2,9,3000,0,2,4,,2,037,"LIVE OAK CANYON RD","TRABUCO CANYON RD",2112.00,N,N,A,-,N,,,,,,,,,,N,3,0,1,1,A,-,08,22107,,N,F,A,A,A,H,-,A,D,0,,,Y,,Y,,C,02,0,1,0,0,0,0,0,0,1,"- ","- ",33.658481597900391,-117.6007080078125,ORANGE,UNINCORPORATED,-117.60088348388672,33.658954620361328
91617473,2021,2021-11-05,9675,2021-10-27,0850,019518,,3,1,7,3019,0,1,3,,2,551,"SR-55 SOUTHBOUND","4TH STREET",2640.00,N,N,A,-,Y,,,55,,,,,,S,Y,2,0,1,3,A,-,03,22350,,N,C,C,A,A,H,-,A,D,0,,,Y,,Y,,C,02,1,0,0,0,0,0,0,0,1,"- ","- ",33.755500793457031,-117.83146667480469,ORANGE,"SANTA ANA",-117.83157348632812,33.755508422851562
91617884,2021,2021-11-08,9675,2021-10-27,1730,022222,,3,2,7,3001,0,1,3,,2,093,"SR-91 W/B TO SR-55 S/B","LAKEVIEW AVE.",4000.00,W,N,A,-,Y,,,91,,,,R,,W,Y,4,0,1,2,A,-,03,22350,,N,C,C,A,A,H,-,B,D,0,,,Y,,Y,,C,02,0,0,1,0,0,0,0,0,1,"- ","- ",33.84423828125,-117.82711791992188,ORANGE,ANAHEIM,-117.82711791992188,33.84423828125
91617901,2021,2021-11-08,9675,2021-10-27,1808,021377,,3,2,7,3001,0,1,3,,2,095,"SR-91 EASTBOUND","GYPSUM CANYON RD",2640.00,E,N,A,-,Y,,,91,,,,,,E,Y,3,0,1,3,A,-,07,21658,A,N,B,C,A,A,H,-,B,D,0,,,Y,,Y,,A,01,0,1,0,0,0,0,0,0,1,"- ","- ",33.87078857421875,-117.70262908935547,ORANGE,ANAHEIM,-117.70262145996094,33.870773315429688
91619242,2021,2021-12-14,9675,2021-10-28,1640,019018,,4,2,7,3019,0,1,1,,2,503,"INTERSTATE 5 NORTHBOUND","NEWPORT AVENUE",2000.00,N,N,A,-,N,,,,,,,,,,Y,3,0,1,2,A,-,07,21658,A,N,C,C,A,A,H,-,A,D,0,,,Y,,Y,,A,01,0,1,0,0,0,0,0,0,1,"- ","- ",33.738899230957031,-117.827880859375,ORANGE,"SANTA ANA",-117.82907867431641,33.739120483398438
91621822,2021,2021-11-10,9675,2021-10-30,1543,021076,,6,2,6,3026,0,1,1,,2,503,"I-5 NORTHBOUND","JAMBOREE ROAD",623.00,S,N,A,-,Y,,,,,,,,,,N,3,0,1,2,A,-,03,22350,,N,F,A,A,A,H,-,A,D,0,,,Y,,Y,,C,02,0,1,0,0,0,0,0,0,1,"- ","- ",33.718959808349609,-117.79041290283203,ORANGE,IRVINE,-117.79351806640625,33.718654632568359
91622516,2021,2021-11-11,9690,2021-11-04,0240,021924,,4,3,9,3000,0,3,5,,2,004,"CROWN VALLEY PARKWAY","ONEILL DRIVE",439.00,E,N,E,-,N,,,,,,,,,,Y,2,0,1,1,A,-,01,23152,A,N,E,I,A,B,H,-,C,D,0,,,Y,,Y,Y,C,02,1,0,0,0,0,0,0,0,1,"- ","- ",33.565620422363281,-117.64202880859375,ORANGE,UNINCORPORATED,-117.64231872558594,33.565769195556641
91622631,2021,2021-11-11,9675,2021-11-01,0705,021397,,1,1,5,3022,0,1,1,,2,503,"I-5 SOUTHBOUND","SR-55 SOUTHBOUND",25.00,N,N,A,-,Y,,,5,,,,,,S,Y,2,0,1,1,A,-,08,22107,,N,F,A,A,A,H,-,A,D,0,,,Y,,Y,,C,02,1,0,0,0,0,0,0,0,1,"- ","- ",33.7406005859375,-117.83415985107422,ORANGE,TUSTIN,-117.83414459228516,33.740646362304688
91623392,2021,2021-11-12,9675,2021-11-03,0730,019518,,3,1,7,3001,0,1,3,,2,095,"SR-91 EASTBOUND","COAL CANYON ROAD",150.00,E,N,A,-,Y,,,91,,,,,,E,N,3,0,1,4,A,-,07,21658,A,F,F,A,A,A,H,-,A,D,0,,,Y,,Y,,-,99,0,1,0,0,0,0,0,0,1,"- ","- ",33.871620178222656,-117.68653869628906,ORANGE,ANAHEIM,-117.68655395507812,33.871589660644531
91625808,2021,2021-11-16,9670,2021-10-30,1806,021543,,6,2,9,3000,0,3,5,,2,004,"GILBERT ST.","BALL RD",0.00,,Y,A,-,N,,,,,,,,,,Y,3,0,1,2,A,-,09,21801,A,N,A,C,A,A,H,-,A,A,0,,,Y,,Y,,A,01,0,1,0,0,0,0,0,0,1,"- ","- ",33.817649841308594,-117.96755218505859,ORANGE,UNINCORPORATED,-117.96763610839844,33.81768798828125
91626446,2021,2021-11-16,9675,2021-11-08,0638,019897,,1,1,6,3008,0,1,3,,2,071,"SR-57 SOUTHBOUND","NUTWOOD AVENUE",1056.00,N,N,B,-,Y,,,57,,,,,,S,Y,4,0,1,2,A,-,07,21658,A,N,B,C,A,A,H,-,A,D,0,,,Y,,Y,,A,01,0,0,1,0,0,0,0,0,1,"- ","- ",33.881301879882812,-117.8804931640625,ORANGE,FULLERTON,-117.88058471679688,33.881298065185547
91626796,2021,2021-11-17,9670,2021-11-06,2100,021755,,6,2,6,3009,0,1,3,,2,023,"SR-22 WESTBOUND","MAGNOLIA ST.",1584.00,E,N,A,-,Y,,,22,,,,,,W,Y,3,0,1,2,A,-,01,23152,A,N,B,C,A,A,H,-,C,D,0,,,Y,,Y,Y,C,02,0,1,0,0,0,0,0,0,1,"- ","- ",33.766010284423828,-117.96601867675781,ORANGE,"GARDEN GROVE",-117.96601867675781,33.765949249267578
91626816,2021,2021-11-17,9670,2021-11-10,1625,019171,,3,2,5,3003,0,1,1,,2,500,"I-5 N/B (SANTA ANA FWY)","BEACH BLVD",100.00,N,N,A,-,Y,,,5,,,,,,N,N,4,0,1,3,A,-,07,21658,A,N,F,A,A,A,H,-,A,D,0,,,Y,,Y,,A,01,0,0,1,0,0,0,0,0,1,"- ","- ",33.866798400878906,-117.99929809570312,ORANGE,"BUENA PARK",-117.9991455078125,33.867080688476562
91627156,2021,2021-11-17,9675,2021-11-09,1712,017998,,2,2,6,3026,0,1,1,,2,406,"I-405 SOUTHBOUND","UNIVERSITY DR",1800.00,N,N,A,-,Y,,,405,,,,,,S,Y,2,0,1,1,A,-,08,22107,,N,F,A,A,A,H,-,D,D,0,,,Y,,Y,,C,02,1,0,0,0,0,0,0,0,1,"- ","- ",33.664188385009766,-117.80094146728516,ORANGE,IRVINE,-117.80094909667969,33.66412353515625
91627999,2021,2021-11-18,9670,2021-11-04,1735,019942,,4,2,5,3003,0,1,3,,2,091,"SR-91 E/B","WALKER AVE",310.00,E,N,A,-,Y,,,,,,,,,,N,3,0,1,2,A,-,08,22107,,N,B,C,A,A,H,-,A,D,0,,,Y,,Y,,-,"- ",0,1,0,0,0,0,0,0,1,"- ","- ",33.859748840332031,-117.03642272949219,ORANGE,"BUENA PARK",-118.03665924072266,33.859813690185547
91628492,2021,2021-11-18,9690,2021-08-08,0938,016128,,7,1,9,3000,0,1,3,,1,074,"STATE ROUTE - 74 (ORTEGA HIGHWAY)","GATEWAY PLACE",0.00,,Y,A,-,Y,,,74,,,,,,,Y,1,1,0,2,A,-,12,21453,A,N,D,C,A,A,H,-,A,A,0,,,Y,,Y,,C,02,0,0,0,0,0,0,0,1,0,"- ","- ",33.520698547363281,-117.61640930175781,ORANGE,UNINCORPORATED,-117.61640930175781,33.520683288574219
91630556,2021,2021-11-19,9675,2021-11-11,0845,020018,,4,1,7,3019,0,1,1,,2,520,"I-5 SOUTHBOUND","GRAND AVENUE",1000.00,S,N,A,-,Y,,,5,,,,,,S,Y,3,0,1,2,A,-,07,21658,A,N,B,C,A,A,H,-,A,D,0,,,Y,,Y,,A,07,0,1,0,0,0,0,0,0,1,"- ","- ",33.751449584960938,-117.84574890136719,ORANGE,"SANTA ANA",-117.84593963623047,33.751243591308594
91632459,2021,2021-11-22,9675,2021-11-12,0735,020131,,5,1,5,3022,0,1,3,,2,051,"SR-55 SOUTHBOUND","SANTA CLARA AVE",300.00,N,N,A,-,Y,,,55,,,,,,S,Y,2,0,1,2,A,-,03,22350,,N,C,C,A,A,H,-,A,D,0,,,Y,,Y,,C,02,1,0,0,0,0,0,0,0,1,"- ","- ",33.768241882324219,-117.83106994628906,ORANGE,TUSTIN,-117.83116912841797,33.768241882324219
91634043,2021,2021-11-24,9690,2021-11-13,0835,016128,,6,1,9,3000,0,1,3,,1,074,"SR-74 (ORTEGA HIGHWAY)","NARROW BRIDGE",1800.00,E,N,A,-,Y,,,74,,,,,,,Y,3,0,1,1,A,-,03,22350,,N,F,A,A,A,H,-,A,D,0,,,Y,,Y,,C,02,0,1,0,0,0,0,0,0,1,"- ","- ",33.590850830078125,-117.49790191650391,ORANGE,UNINCORPORATED,-117.49791717529297,33.590877532958984
91634045,2021,2021-11-24,9675,2021-11-13,1606,021274,,6,2,9,3000,0,1,3,,2,094,"STATE ROUTE 91 W/B","IMPERIAL HIGHWAY",1190.00,W,N,A,-,Y,,,,,,,,,,N,3,0,1,2,A,-,03,22350,,N,C,C,A,A,H,-,A,D,0,,,Y,,Y,,C,02,0,1,0,0,0,0,0,0,1,"- ","- ",33.854480743408203,-117.794677734375,ORANGE,UNINCORPORATED,-117.79437255859375,33.854423522949219
91635613,2021,2021-11-26,9675,2021-11-16,0745,019320,,2,1,4,3002,0,1,3,,2,570,"SR-57 NORTHBOUND TO IMPERIAL HWY.","IMPERIAL HWY",500.00,S,N,B,-,Y,,,,,,,,,,N,3,0,1,2,A,-,03,22350,,N,C,C,A,A,H,-,A,D,0,,,Y,,Y,,C,02,0,1,0,0,0,0,0,0,1,"- ","- ",33.907699584960938,-117.88188934326172,ORANGE,BREA,-117.88345336914062,33.910701751708984
91636051,2021,2021-11-29,9675,2021-11-13,1700,022046,,6,2,5,3025,0,1,3,,2,095,"SR-91 WESTBOUND","IMPERIAL HIGHWAY",2112.00,E,N,A,-,Y,,,,,,,,,,Y,2,0,1,3,A,-,08,22107,,N,C,C,A,A,H,-,C,D,0,,,Y,,Y,,C,02,1,0,0,0,0,0,0,0,1,"- ","- ",33.857089996337891,-117.78410339355469,ORANGE,"YORBA LINDA",-117.78429412841797,33.857154846191406
91636303,2021,2021-11-29,9670,2021-11-19,2151,021900,,5,2,6,3008,0,1,3,,2,094,"SR-91 E/B","HARBOR BLVD",1600.00,W,N,A,-,Y,,,91,,,,,,E,Y,3,0,2,2,A,-,03,22350,,N,C,C,A,A,H,-,C,D,0,,,Y,,Y,,C,02,0,1,1,0,0,0,0,0,1,"- ","- ",33.854030609130859,-117.93289184570312,ORANGE,FULLERTON,-117.93289184570312,33.854106903076172
91638030,2021,2021-11-30,9675,2021-11-18,0832,019394,,4,1,6,3026,0,1,1,,2,407,"I-405 NORTHBOUND","IRVINE CENTER DR",670.00,S,N,B,-,Y,,,405,,,,,,N,N,4,0,1,2,A,-,07,21658,A,N,B,C,A,A,H,-,A,D,0,,,Y,,Y,,A,01,0,0,1,0,0,0,0,0,1,"- ","- ",33.647468566894531,-117.74478149414062,ORANGE,IRVINE,-117.74475860595703,33.647544860839844
91638162,2021,2021-11-30,9670,2021-11-17,1800,019942,,3,2,7,3001,0,1,3,,2,093,"SR-91 W/B","MAGNOLIA AVE",200.00,E,N,A,-,Y,,,,,,,,,,N,4,0,1,3,A,-,03,22350,,N,C,C,A,A,H,-,A,D,0,,,Y,,Y,,A,01,0,0,1,0,0,0,0,0,0,"- ","- ",33.771030426025391,-118.00726318359375,ORANGE,ANAHEIM,-117.97564697265625,33.857311248779297
91638283,2021,2021-11-30,9675,2021-07-09,1610,019942,,5,2,6,3026,0,1,1,,2,530,"I-5 NORTHBOUND","CULVER DR",130.00,N,N,A,-,Y,,,5,,,,,,N,Y,3,0,1,2,A,-,08,22107,,F,B,C,A,A,H,-,A,D,0,,,Y,,Y,,A,01,0,1,0,0,0,0,0,0,1,"- ","- ",33.710098266601562,-117.78221893310547,ORANGE,IRVINE,-117.78216552734375,33.710155487060547
91638446,2021,2021-11-30,9675,2021-11-18,2210,021982,,4,3,6,3004,0,1,3,,2,553,"SR-55 SOUTHBOUND TO I-405 SOUTHBOUND","MACARTHUR BLVD",2000.00,S,N,A,-,Y,,,55,,,,R,,S,N,2,0,1,2,A,-,07,21658,A,N,C,C,A,A,H,-,C,D,0,,,Y,,Y,,A,01,1,0,0,0,0,0,0,0,1,"- ","- ",33.690639495849609,-117.86971282958984,ORANGE,"COSTA MESA",-117.86971282958984,33.690639495849609
91639817,2021,2021-12-01,9670,2021-11-21,0405,022055,,7,3,7,3001,0,1,1,,2,501,"I-5 S/B","BROOKHURST ST.",200.00,N,N,A,-,Y,,,,,,,,,,Y,4,0,1,2,A,-,07,21658,A,F,B,C,A,A,H,-,C,D,0,,,Y,,Y,,-,99,0,0,1,0,0,0,0,0,1,"- ","- ",38.819801330566406,-121.02760314941406,ORANGE,ANAHEIM,-117.95950317382812,33.845600128173828
91641937,2021,2021-12-03,9690,2021-11-21,0734,016128,,7,1,9,3000,0,2,4,,2,034,"ANTONIO PARKWAY","COW CAMP ROAD",15.00,S,N,A,-,N,,,,,,,,,,N,2,0,2,2,A,-,08,22107,,N,D,C,A,A,H,-,A,A,0,,,Y,,Y,,C,02,1,0,1,0,0,0,0,0,2,"- ","- ",33.526161193847656,-117.61873626708984,ORANGE,UNINCORPORATED,-117.61885833740234,33.52630615234375
91643395,2021,2021-12-06,9670,2021-11-20,1830,021543,,6,2,7,3001,0,1,1,,2,503,"I-5 S/B","KATELLA AVE",528.00,N,N,A,-,Y,,,5,,,,,,S,Y,3,0,1,2,A,-,07,21658,A,N,B,C,A,A,H,-,C,D,0,,,Y,,Y,,A,01,0,1,0,0,0,0,0,0,1,"- ","- ",33.804069519042969,-117.90338134765625,ORANGE,ANAHEIM,-117.90345001220703,33.803989410400391
91643883,2021,2021-12-06,9675,2021-11-23,1730,020699,,2,2,6,3015,0,1,3,,2,550,"SR-55 NORTHBOUND","KATELLA AVE.",250.00,N,N,A,-,Y,,,55,,,,,,N,Y,4,0,1,2,A,-,07,21658,A,N,B,C,A,A,H,-,C,D,0,,,Y,,Y,,A,07,0,0,1,0,0,0,0,0,1,"- ","- ",33.810390472412109,-117.83186340332031,ORANGE,ORANGE,-117.83184814453125,33.810390472412109
91644815,2021,2021-12-07,9670,2021-11-16,1730,018180,,2,2,7,3001,0,1,3,,2,091,"SR-91 W/B (RIVERSIDE FREEWAY)","LEMON STREET",230.00,E,N,A,-,Y,,,91,,,,,,W,Y,3,0,1,3,A,-,06,21755,A,N,B,C,A,A,H,-,D,D,0,,,Y,,Y,,C,02,0,1,0,0,0,0,0,0,1,"- ","- ",33.854351043701172,-117.91899871826172,ORANGE,ANAHEIM,-117.91900634765625,33.854301452636719
91650725,2021,2021-12-13,9670,2021-12-04,1640,019942,,6,2,5,3024,0,1,1,,2,430,"I-405 SB","MCFADDEN AVE",500.00,S,N,A,-,Y,,,,,,,,,,Y,2,0,1,2,A,-,03,22350,,N,C,C,A,A,D,E,A,D,0,,,Y,,Y,,C,02,1,0,0,0,0,0,0,0,1,"- ","- ",33.780990600585938,-118.00720977783203,ORANGE,WESTMINSTER,-117.99443817138672,33.736133575439453
91652533,2021,2021-12-15,9670,2021-12-05,2314,021071,,7,3,6,3009,0,1,3,,2,025,"SR-22 W/B TO EUCLID ST.","EUCLID ST",1500.00,E,N,A,-,Y,,,22,,,,R,,W,Y,2,0,1,2,A,-,01,23152,A,N,C,C,A,A,H,-,C,D,0,,,Y,,Y,Y,C,02,1,0,0,0,0,0,0,0,1,"- ","- ",33.766399383544922,-117.93244934082031,ORANGE,"GARDEN GROVE",-117.93244934082031,33.766399383544922
91652853,2021,2021-12-15,9670,2021-12-07,0835,014558,,2,1,6,3009,0,1,3,,2,124,"SR-22 E/B (GARDEN GROVE FREEWAY)","NEWHOPE STREET",500.00,E,N,B,-,Y,,,22,,,,,,E,N,3,0,1,2,A,-,07,21658,A,N,C,C,A,B,H,-,A,D,0,,,Y,,Y,,A,07,0,1,0,0,0,0,0,0,1,"- ","- ",33.766090393066406,-117.92710113525391,ORANGE,"GARDEN GROVE",-117.92710113525391,33.766109466552734
91653317,2021,2021-12-15,9675,2021-12-03,1730,021377,,5,2,7,3001,0,1,3,,2,094,"SR-91 EASTBOUND","WEIR CANYON RD",5280.00,W,N,A,-,Y,,,91,,,,,,E,N,3,0,1,2,A,-,01,23152,A,N,B,C,A,A,H,-,C,D,0,,,Y,,Y,Y,C,02,0,1,0,0,0,0,0,0,1,"- ","- ",33.866508483886719,-117.7640380859375,ORANGE,ANAHEIM,-117.76408386230469,33.866607666015625
91653459,2021,2021-12-15,9675,2021-12-09,1805,021059,,4,2,6,3015,0,1,3,,2,222,"SR-22 EASTBOUND","GLASSELL ST",528.00,E,N,B,-,Y,,,22,,,,,,E,N,4,0,1,3,A,-,03,22350,,M,C,C,A,A,H,-,C,D,0,,,Y,,Y,,C,02,0,0,1,0,0,0,0,0,1,"- ","- ",33.775188446044922,-117.85115051269531,ORANGE,ORANGE,-117.85115051269531,33.775165557861328
91653493,2021,2021-12-16,9670,2021-12-11,1529,017022,,6,2,5,3007,0,1,1,,2,410,"I-405 S/B (SAN DIEGO FREEWAY)","WARNER AVENUE",675.00,N,N,A,-,Y,,,405,,,,,,S,Y,3,0,1,3,A,-,03,22350,,N,B,C,A,A,D,E,A,D,0,,,Y,,Y,,-,"- ",0,1,0,0,0,0,0,0,1,"- ","- ",33.717418670654297,-117.96890258789062,ORANGE,"FOUNTAIN VALLEY",-117.96897888183594,33.717327117919922
91656584,2021,2021-12-20,9690,2021-11-25,1820,022016,,4,2,5,3017,0,1,1,,2,059,"I-5 S/B (SAN DIEGO FRWY)","AVENIDA PRESIDIO",500.00,N,N,A,-,Y,,,5,,,,,,S,Y,3,0,1,1,A,-,08,22107,,N,F,A,A,A,H,-,D,D,0,,,Y,,Y,,C,02,0,1,0,0,0,0,0,0,1,"- ","- ",33.427619934082031,-117.61102294921875,ORANGE,"SAN CLEMENTE",-117.61106872558594,33.427581787109375
91656734,2021,2021-12-20,9690,2021-12-01,2250,021924,,3,3,5,3028,0,1,1,,2,056,"I-5 N/B TO CROWN VALLEY PARKWAY","CROWN VALLEY PARKWAY",335.00,S,N,E,-,Y,,,5,,,,R,,N,Y,3,0,1,1,A,-,03,22350,,N,B,I,A,A,H,-,C,D,0,,,Y,,Y,,C,02,0,1,0,0,0,0,0,0,1,"- ","- ",33.558521270751953,-117.67169189453125,ORANGE,"MISSION VIEJO",-117.67169189453125,33.558521270751953
91658036,2021,2021-12-21,9670,2021-12-12,1712,020860,,7,2,7,3001,0,1,3,,2,093,"SR-91 W/B","GILBERT STREET",200.00,E,N,A,-,Y,,,91,,,,,,W,Y,2,0,1,3,A,-,01,23152,A,N,B,C,A,A,H,-,C,D,0,,,Y,,Y,Y,C,02,1,0,0,0,0,0,0,0,1,"- ","- ",33.854530334472656,-117.96730041503906,ORANGE,ANAHEIM,-117.96730041503906,33.854526519775391
91661011,2021,2021-12-24,9675,2021-12-15,1955,022536,,3,2,7,3001,0,1,3,,2,572,"SR-57 SB FROM BALL RD WB","BALL ROAD",100.00,N,N,A,-,Y,,,57,,,,R,,S,Y,4,0,1,1,A,-,08,22107,,N,E,I,A,A,H,-,C,D,0,,,Y,,Y,,C,02,0,0,1,0,0,0,0,0,1,"- ","- ",33.818569183349609,-117.87760925292969,ORANGE,ANAHEIM,-117.87760925292969,33.818569183349609
91662704,2021,2021-12-27,9690,2021-12-16,1136,016610,,4,1,5,3028,0,1,1,,2,056,"I-5 N/B (SAN DIEGO FRWY)","OSO PKWY.",1000.00,N,N,B,-,Y,,,5,,,,,,N,N,3,0,1,2,A,-,03,22350,,N,C,C,A,A,D,-,A,D,0,,,Y,,Y,,C,02,0,1,0,0,0,0,0,0,1,"- ","- ",33.587200164794922,-117.67147827148438,ORANGE,"MISSION VIEJO",-117.67148590087891,33.587200164794922
91665493,2021,2021-12-29,9670,2021-12-21,1310,016209,,2,1,7,3001,0,1,3,,2,094,"SR-91 E/B (RIVERSIDE FREEWAY)","EAST ST.",0.00,,N,A,-,Y,,,91,,,,,,E,N,4,0,1,2,A,-,03,22350,,N,F,0,A,D,H,-,A,D,0,,,Y,Y,Y,,C,02,0,0,1,0,0,0,0,0,1,"- ","- ",33.85369873046875,-117.90493011474609,ORANGE,ANAHEIM,-117.90493011474609,33.853744506835938
91668335,2021,2022-01-03,9670,2021-12-21,1710,019942,,2,2,5,3003,0,1,1,,2,501,"I-5 N/B","ORANGETHORPE AVE",1000.00,N,N,A,-,Y,,,5,,,,,,N,Y,3,0,1,2,A,-,08,22107,,N,B,C,A,A,H,-,A,D,0,,,Y,,Y,,A,01,0,1,0,0,0,0,0,0,1,"- ","- ",33.863048553466797,-117.99195098876953,ORANGE,"BUENA PARK",-117.99189758300781,33.863136291503906
91669134,2021,2022-01-04,9675,2021-12-26,1010,021397,,7,1,9,3000,0,2,4,,2,034,"SANTIAGO CANYON ROAD","MODJESKA CYN RD",500.00,N,N,A,-,N,,,,,,,,,,Y,3,0,1,1,A,-,08,22107,,N,F,A,A,B,H,-,A,D,0,,,Y,,Y,,C,02,0,1,0,0,0,0,0,0,1,"- ","- ",33.718700408935547,-117.64665985107422,ORANGE,UNINCORPORATED,-117.64665985107422,33.718574523925781
91670915,2021,2022-01-05,9690,2021-12-30,2235,021991,,4,3,4,3018,0,1,1,,2,057,"I-5 S/B (SAN DIEGO FRWY)","VIA ESCOLAR",1584.00,S,N,B,-,Y,,,5,,,,,,S,N,3,0,1,2,A,-,03,22350,,N,C,2,A,A,H,-,D,D,0,,,Y,,Y,,A,07,0,1,0,0,0,0,0,0,1,"- ","- ",33.538288116455078,-117.67504119873047,ORANGE,"SAN JUAN CAPISTRANO",-117.67491912841797,33.538265228271484
91672188,2022,2022-01-06,9690,2022-01-02,1845,021875,,7,2,4,3018,0,1,1,,2,057,"I-5 S/B (SAN DIEGO FRWY)",SR-73,4224.00,S,N,A,-,Y,ORA,,5,,,11.892,H,,L,Y,3,0,1,2,A,-,03,22350,,F,F,I,A,A,H,-,D,D,0,,,Y,,Y,,C,02,0,1,0,0,0,0,0,0,1,"- ","- ",33.531929016113281,-117.67476654052734,ORANGE,"SAN JUAN CAPISTRANO",-117.67476654052734,33.531929016113281
91672758,2022,2022-01-06,9675,2022-01-04,1632,017998,,2,2,6,3004,0,1,1,,2,405,"I-405 NORTHBOUND","HARBOR BLVD.",500.00,N,N,A,-,Y,ORA,,405,,,11.612,H,,R,N,4,0,1,2,A,-,07,21658,A,N,B,C,A,A,H,-,A,D,0,,,Y,,Y,,A,01,0,0,1,0,0,0,0,0,1,"- ","- ",33.690101623535156,-117.92170715332031,ORANGE,"COSTA MESA",-117.92162322998047,33.69024658203125
91672987,2022,2022-02-10,9675,2022-01-04,1725,017998,,2,2,6,3004,0,1,3,,2,073,"SR-73 N/B TO I-405 N/B","BEAR STREET",3168.00,N,N,A,-,Y,,,,,,,,,,N,4,0,1,1,A,-,08,22107,,N,F,A,A,A,H,-,D,D,0,,,Y,,Y,,C,02,0,0,1,0,0,0,0,0,1,"- ","- ",33.688808441162109,-117.90039825439453,ORANGE,"COSTA MESA",-117.90039825439453,33.688808441162109
91674834,2022,2022-01-10,9670,2022-01-06,0810,016209,,4,1,5,3003,0,1,1,,2,500,"I-5 N/B (SANTA ANA FREEWAY)","BEACH BLVD.",50.00,N,N,A,-,Y,ORA,,5,,,43.413,H,,R,Y,2,0,1,2,A,-,07,21658,A,N,B,C,A,A,H,-,A,D,0,,,Y,,Y,,A,01,1,0,0,0,0,0,0,0,1,"- ","- ",33.866298675537109,-117.99800109863281,ORANGE,"BUENA PARK",-117.99790954589844,33.866416931152344
91678268,2022,2022-01-14,9690,2022-01-10,0740,020236,,1,1,5,3017,0,1,1,,2,059,"I-5 S/B (SAN DIEGO FRWY)","CRISTIANITOS ROAD",2680.00,N,N,A,-,Y,ORA,,5,,,0.166,H,,L,Y,3,0,1,1,A,-,03,22350,,N,F,A,A,A,H,-,A,D,0,,,Y,,Y,,C,02,0,1,0,0,0,0,0,0,1,"- ","- ",33.398521423339844,-117.59481048583984,ORANGE,"SAN CLEMENTE",-117.59491729736328,33.398479461669922
91679186,2022,2022-01-17,9690,2022-01-11,1605,020364,,2,2,9,3000,0,2,4,,2,037,"TRABUCO CANYON ROAD","TRABUCO CREEK ROAD",193.00,S,N,A,-,N,,,,,,,,,,N,4,0,1,1,A,-,03,22350,,N,F,A,A,A,H,-,A,D,0,,,Y,,Y,,C,02,0,0,1,0,0,0,0,0,1,"- ","- ",33.652961730957031,-117.59945678710938,ORANGE,UNINCORPORATED,-117.58542633056641,33.658737182617188
91679607,2022,2022-01-18,9675,2022-01-07,1935,021690,,5,2,7,3019,0,1,1,,2,503,"I-5 S/B","1ST ST.",400.00,S,N,A,-,Y,ORA,,5,,,30.682,H,,L,Y,2,0,1,1,A,-,08,22107,,N,F,A,A,A,H,-,C,D,0,,,Y,,Y,,C,02,1,0,0,0,0,0,0,0,1,"- ","- ",33.743118286132812,-117.84042358398438,ORANGE,"SANTA ANA",-117.84041595458984,33.743125915527344
91681530,2022,2022-01-20,9675,2022-01-17,1300,018252,,1,1,9,3000,0,3,5,,2,004,"SANTA ANA AVENUE","MESA DRIVE",15.00,E,N,B,-,N,,,,,,,,,,N,4,0,1,1,A,-,08,22107,,N,E,I,A,A,H,-,A,A,0,,,Y,,Y,,C,02,0,0,1,0,0,0,0,0,1,"- ","- ",33.661151885986328,-117.88693237304688,ORANGE,UNINCORPORATED,-117.88761138916016,33.6610107421875
91685710,2022,2022-01-26,9675,2022-01-21,1345,021388,,5,1,6,3004,0,1,3,,2,073,"SR-73 SOUTHBOUND TO CAMPUS DRIVE","BRISTOL ST",100.00,S,N,A,-,Y,ORA,,73,,R,25.871,H,,L,Y,3,0,1,2,A,-,03,22350,,N,C,C,A,A,H,-,A,D,0,,,Y,,Y,,C,02,0,1,0,0,0,0,0,0,1,"- ","- ",33.664848327636719,-117.87905120849609,ORANGE,"COSTA MESA",-117.87891387939453,33.664962768554688
91686749,2022,2022-01-27,9675,2022-01-18,1145,019320,,2,1,6,3015,0,1,3,,2,572,"SR-57 SOUTHBOUND TO INTERSTATE 5 SOUTHBOUND","LA VETA AVE",100.00,N,N,A,-,Y,ORA,,57,,,10.753,H,,L,N,2,0,1,1,A,-,08,22107,,N,E,I,A,A,H,-,A,D,0,,,Y,,Y,,C,02,1,0,0,0,0,0,0,0,1,"- ","- ",33.780738830566406,-117.87934112548828,ORANGE,ORANGE,-117.87934112548828,33.780735015869141
91688216,2022,2022-01-28,9675,2022-01-21,1355,017998,,5,1,6,3026,0,1,1,,2,504,"I-5 N/B TO I-405 N/B (MAINLINE TRANSITION ROAD)","BAKE PARKWAY",2260.00,N,N,A,-,Y,,,,,,,,,,Y,2,0,1,1,A,-,08,22107,,N,F,A,A,A,H,-,A,D,0,,,Y,,Y,,C,02,1,0,0,0,0,0,0,0,1,"- ","- ",33.644420623779297,-117.73433685302734,ORANGE,IRVINE,-117.73433685302734,33.644420623779297
91688712,2021,2022-01-28,9675,2021-09-03,0540,020027,,5,3,6,3015,0,1,3,,2,550,"STATE ROUTE 55 NORTHBOUND","COLLINS AVENUE",1001.00,N,N,A,-,Y,,,55,,,,,,N,Y,1,1,0,3,A,-,03,22350,,F,F,A,A,A,H,-,C,D,0,,,Y,,Y,,C,02,0,0,0,0,0,0,0,1,0,"- ","- ",33.804119110107422,-117.83170318603516,ORANGE,ORANGE,-117.83167266845703,33.804122924804688
91688741,2022,2022-01-28,9675,2022-01-16,1300,020027,,7,1,9,3000,0,2,4,,2,034,"SANTIAGO CANYON RD","HAUL RD",1000.00,N,N,A,-,N,,,,,,,,,,N,4,0,1,2,A,-,05,21651,A,N,B,C,A,A,H,-,A,D,0,,,Y,,Y,,C,02,0,0,1,0,0,0,0,0,1,"- ","- ",33.765060424804688,-117.71437835693359,ORANGE,UNINCORPORATED,,
91690942,2022,2022-02-01,9670,2022-01-25,1715,019171,,2,2,5,3003,0,1,1,,2,500,"I-5 N/B (SANTA ANA FWY)","WESTERN AVE",150.00,N,N,A,-,Y,ORA,,5,,,43.957,H,,R,N,4,0,1,3,A,-,07,21658,A,N,B,C,A,A,H,-,A,D,0,,,Y,,Y,,A,01,0,0,1,0,0,0,0,0,1,"- ","- ",33.870578765869141,-118.00569915771484,ORANGE,"BUENA PARK",-118.00566101074219,33.870624542236328
91691424,2022,2022-02-02,9670,2022-01-26,0655,014558,,3,1,6,3010,0,1,1,,2,043,"I-405 S/B (SAN DIEGO FREEWAY)","MCFADDEN AVE",400.00,S,N,E,-,Y,ORA,,405,,,16.893,H,,L,N,3,0,1,1,A,-,03,22350,,N,F,A,A,A,D,E,A,D,0,,,Y,,Y,,C,02,0,1,0,0,0,0,0,0,1,"- ","- ",33.736000061035156,-117.994140625,ORANGE,"HUNTINGTON BEACH",-117.99421691894531,33.735927581787109
91691761,2021,2022-02-02,9675,2021-10-21,0720,019018,,4,1,7,3019,0,1,1,,2,520,"I-5 SOUTHBOUND","4TH STREET",1500.00,N,N,A,-,Y,,,5,,,,,,S,N,3,0,1,2,A,-,08,22107,,F,C,C,A,A,H,-,A,D,0,,,Y,,Y,,-,99,0,1,0,0,0,0,0,0,1,"- ","- ",33.751888275146484,-117.84657287597656,ORANGE,"SANTA ANA",-117.84663391113281,33.751808166503906
91692807,2022,2022-02-03,9690,2022-01-30,0120,021894,,7,3,9,3000,0,2,4,,2,030,"SANTIAGO CANYON ROAD","RIDGELINE ROAD",350.00,S,N,A,-,N,,,,,,,,,,Y,3,0,1,1,A,-,03,22350,,N,F,I,A,A,H,-,D,D,0,,,Y,,Y,,C,02,0,1,0,0,0,0,0,0,1,"- ","- ",33.690231323242188,-117.62589263916016,ORANGE,UNINCORPORATED,-117.6253662109375,33.690097808837891
91695707,2022,2022-02-08,9690,2022-01-27,1035,016722,,4,1,9,3000,0,1,3,,1,074,SR-74,"LUCAS CANYON ROAD",2700.00,W,N,A,-,Y,ORA,,74,,,8.269,H,,R,N,4,0,1,2,A,-,09,21804,A,N,D,C,A,A,H,-,A,D,0,,,Y,Y,Y,,G,27,0,0,1,0,0,0,0,0,1,"- ","- ",33.543491363525391,-117.54930877685547,ORANGE,UNINCORPORATED,-117.54933929443359,33.543483734130859
91696549,2022,2022-02-09,9670,2022-02-02,2234,016271,,3,3,6,3009,0,1,3,,2,121,"SR-22 E/B","EUCLID ST",100.00,W,N,A,G,Y,ORA,,22,,R,6.661,H,,R,Y,4,0,1,1,A,-,03,22350,,N,F,A,A,A,H,-,C,D,0,,,Y,,Y,,C,02,0,0,1,0,0,0,0,0,1,"- ","- ",33.765838623046875,-117.94059753417969,ORANGE,"GARDEN GROVE",-117.94059753417969,33.765926361083984
91698052,2021,2022-02-10,9670,2021-12-16,1537,017951,,4,2,4,3020,0,1,1,,2,420,"INTERSTATE 405 NORTHBOUND (SAN DIEGO FREEWAY)","STATE ROUTE 22 WESTBOUND",1001.00,S,N,B,C,Y,,,405,,,,,,N,Y,1,1,0,4,A,-,03,22350,,N,B,C,A,B,D,E,A,D,0,,,Y,,Y,,C,02,0,0,0,0,0,0,0,1,0,"- ","- ",33.774478912353516,-118.08232879638672,ORANGE,"SEAL BEACH",-118.08232879638672,33.7745361328125
91700145,2022,2022-02-14,9690,2022-02-06,1138,016128,,7,1,9,3000,0,1,3,,1,074,"SR-74 (ORTEGA HIGHWAY ) WESTBOUND","RIVERSIDE / ORANGE COUNTY LINE",528.00,W,N,A,-,N,,,,,,,,,,Y,2,0,1,1,A,-,03,22350,,N,F,A,A,A,H,-,A,D,0,,,Y,,Y,,C,02,1,0,0,0,0,0,0,0,1,"- ","- ",33.601181030273438,-117.45968627929688,ORANGE,UNINCORPORATED,-117.45970153808594,33.601184844970703
91700464,2022,2022-02-14,9670,2022-02-11,1035,016209,,5,1,7,3001,0,1,3,,2,094,"SR-91 E/B (RIVERSIDE FREEWAY)","STATE COLLEGE BLVD.",1584.00,W,N,A,-,Y,ORA,,91,,,4.999,H,,R,N,4,0,1,1,C,-,18,,,N,E,J,A,A,C,-,A,D,0,,,Y,,Y,,-,"- ",0,0,1,0,0,0,0,0,1,"- ","- ",33.853950500488281,-117.89401245117188,ORANGE,ANAHEIM,-117.89402008056641,33.853996276855469
91702234,2022,2022-02-16,9675,2022-02-11,1447,020031,,5,2,6,3004,0,1,3,,2,553,"SR-55 SOUTHBOUND","VICTORIA STREET",338.00,N,N,A,-,Y,ORA,,55,,R,2.830,H,,L,N,4,0,1,2,A,-,07,21658,A,N,B,C,A,A,H,-,A,D,0,,,Y,,Y,,A,01,0,0,1,0,0,0,0,0,1,"- ","- ",33.65277099609375,-117.90789031982422,ORANGE,"COSTA MESA",-117.90785217285156,33.652744293212891
91702468,2022,2022-02-16,9675,2022-02-12,1430,021397,,6,2,6,3015,0,1,1,,2,520,"I-5 NORTHBOUND","SR-22 EASTBOUND",200.00,N,N,A,-,Y,ORA,,5,,,34.094,H,,R,Y,2,0,1,2,A,-,03,22350,,N,C,C,A,A,H,-,A,D,0,,,Y,,Y,,C,02,1,0,0,0,0,0,0,0,1,"- ","- ",33.779769897460938,-117.87706756591797,ORANGE,ORANGE,-117.87692260742188,33.779869079589844
91703249,2022,2022-02-17,9675,2022-02-10,0737,016748,,4,1,7,3001,0,1,3,,2,072,"SR 57 SOUTHBOUND","KATELLA AVENUE",1500.00,N,N,A,-,Y,,,,,,,,,,Y,4,0,1,2,A,-,07,21658,A,N,B,C,A,A,H,-,A,D,0,,,Y,,Y,,A,01,0,0,1,0,0,0,0,0,1,"- ","- ",33.483699798583984,-117.52449035644531,ORANGE,ANAHEIM,-117.87922668457031,33.809879302978516
91704115,2022,2022-02-18,9675,2022-02-08,2353,022283,,2,3,6,3015,0,1,3,,2,550,"SR-55 SOUTHBOUND","LINCOLN AVENUE",700.00,N,N,A,-,Y,ORA,,55,,,17.139,H,,L,Y,2,0,1,1,A,-,01,23152,A,N,E,I,A,A,H,-,C,D,0,,,Y,,Y,Y,C,02,1,0,0,0,0,0,0,0,1,"- ","- ",33.836990356445312,-117.83515930175781,ORANGE,ORANGE,-117.83518981933594,33.836997985839844
91707075,2022,2022-02-23,9690,2022-02-12,1115,015927,,6,1,4,3018,0,1,1,,2,057,"I-5 S/B (SAN DIEGO FRWY)","AVENIDA AEROPUERTO",775.00,N,N,A,-,Y,ORA,,5,,,8.122,H,,L,Y,3,0,1,1,A,-,08,22107,,N,F,A,A,A,H,-,A,D,0,,,Y,,Y,,C,02,0,1,0,0,0,0,0,0,1,"- ","- ",33.483211517333984,-117.6685791015625,ORANGE,"SAN JUAN CAPISTRANO",-117.66861724853516,33.483234405517578
91707819,2022,2022-02-24,9690,2022-02-13,1530,020038,,7,2,9,3000,0,1,3,,1,074,"SR-74 (ORTEGA HWY)","HOT SPRINGS CANYON RD",7920.00,E,N,A,-,Y,,,,,,,,,,Y,3,0,1,1,A,-,03,22350,,N,F,A,A,A,D,-,A,D,0,,,Y,,Y,,C,02,0,1,0,0,0,0,0,0,1,"- ","- ",,,ORANGE,UNINCORPORATED,-117.49129486083984,33.593185424804688
91707914,2022,2022-02-24,9675,2022-02-18,1005,020018,,5,1,5,3022,0,1,1,,2,503,"I-5 NORTHBOUND","NEWPORT AVENUE",300.00,N,N,A,-,Y,ORA,,5,,,29.701,H,,R,Y,3,0,1,2,A,-,03,22350,,N,C,C,A,A,H,-,A,D,0,,,Y,,Y,,C,02,0,1,0,0,0,0,0,0,1,"- ","- ",33.737720489501953,-117.82431793212891,ORANGE,TUSTIN,-117.82434844970703,33.737651824951172
91708126,2022,2022-02-24,9675,2022-02-18,1700,018102,,5,2,7,3019,0,1,1,,2,530,"I-5 NORTHBOUND","1ST STREET",200.00,S,N,A,-,Y,ORA,,5,,,30.874,H,,R,N,3,0,1,2,A,-,07,21658,A,N,B,C,A,A,H,-,B,D,0,,,Y,,Y,,A,07,0,1,0,0,0,0,0,0,1,"- ","- ",33.745201110839844,-117.84201812744141,ORANGE,"SANTA ANA",-117.84198760986328,33.745212554931641
91709891,2022,2022-02-25,9675,2022-02-21,2117,021914,,1,2,6,3015,0,1,3,,2,551,"SR-55 SOUTHBOUND","LA VETA AVENUE",500.00,N,N,A,-,Y,ORA,,55,,,13.335,H,,L,Y,3,0,1,2,A,-,07,21658,A,N,C,C,A,A,H,-,C,D,0,,,Y,,Y,,C,02,0,1,0,0,0,0,0,0,1,"- ","- ",33.782268524169922,-117.83113098144531,ORANGE,ORANGE,-117.83124542236328,33.782268524169922
91709945,2022,2022-02-25,9675,2022-02-22,0205,022099,,2,3,9,3000,0,3,5,,2,001,"OLD FOOTHILL BLVD","HEWES AVE",750.00,E,N,B,-,N,,,,,,,,,,Y,3,0,1,1,A,-,08,22107,,N,E,I,A,A,H,-,C,D,0,,,Y,,Y,,C,02,0,1,0,0,0,0,0,0,1,"- ","- ",33.775009155273438,-117.80264282226562,ORANGE,UNINCORPORATED,-117.80314636230469,33.774971008300781
91715334,2022,2022-03-04,9675,2022-02-25,1849,017998,,5,2,6,3015,0,1,3,,2,551,"SR-55 S/B TO SR-22 W/B","SR-22 WESTBOUND",300.00,N,N,A,-,Y,,,,,,,,,,Y,2,0,1,1,A,-,08,22107,,N,F,A,A,A,H,-,D,D,0,,,Y,,Y,,C,02,1,0,0,0,0,0,0,0,1,"- ","- ",33.779491424560547,-117.83155822753906,ORANGE,ORANGE,-117.83155822753906,33.779491424560547
91719414,2022,2022-03-10,9675,2022-03-03,1803,021633,,4,2,7,3001,0,1,3,,2,240,"SR-241 NORTHBOUND","UPPER BLIND CANYON RD.",35000.00,S,N,B,-,Y,ORA,,241,,,34.992,H,,R,N,4,0,1,3,A,-,08,22107,,N,B,C,A,A,H,-,A,A,0,,,Y,,Y,,C,02,0,0,1,0,0,0,0,0,1,"- ","- ",33.809501647949219,-117.72231292724609,ORANGE,ANAHEIM,-117.72225952148438,33.809478759765625
91720491,2022,2022-03-11,9670,2022-03-08,0730,017641,,2,1,5,3007,0,1,1,,2,041,"INTERSTATE 405 SOUTHBOUND, (SAN DIEGO FREEWAY)","TALBERT AVENUE OVERCROSSING",620.00,S,N,A,-,Y,ORA,,405,,,13.297,H,,L,N,3,0,1,2,A,-,03,22350,,N,C,C,A,A,D,E,A,D,0,,,Y,,Y,,C,02,0,1,0,0,0,0,0,0,1,"- ","- ",33.700679779052734,-117.94808959960938,ORANGE,"FOUNTAIN VALLEY",-117.94796752929688,33.70086669921875
91721020,2022,2022-03-11,9690,2022-02-25,1505,020086,,5,2,4,3018,0,1,1,,2,057,"I-5 SOUTHBOUND TO CAMINO CAPISTRANO","SAN JUAN CREEK RD",535.00,S,N,A,-,Y,,,,,,,,,,Y,2,0,1,1,A,-,01,23152,A,N,E,I,A,A,H,-,A,D,0,,,Y,,Y,Y,C,02,1,0,0,0,0,0,0,0,1,"- ","- ",33.490440368652344,-117.66358947753906,ORANGE,"SAN JUAN CAPISTRANO",-117.66358947753906,33.490440368652344
91721188,2022,2022-03-14,9675,2022-03-07,1545,019938,,1,2,6,3015,0,1,3,,2,550,"SR-55 NORTHBOUND","MEATS AVENUE",800.00,N,N,A,-,Y,ORA,,55,,,16.305,H,,R,Y,4,0,1,2,A,-,07,21658,A,N,B,C,A,A,H,-,A,D,0,,,Y,,Y,,A,01,0,0,1,0,0,0,0,0,1,"- ","- ",33.825481414794922,-117.83188629150391,ORANGE,ORANGE,-117.83200836181641,33.825462341308594
91721763,2022,2022-03-14,9670,2022-03-06,1245,019502,,7,1,5,3003,0,1,3,,2,191,"SR-91 W/B","BEACH BOULEVARD",300.00,E,N,A,-,Y,ORA,,91,,R,2.683,H,,L,Y,3,0,1,1,A,-,03,22350,,N,F,A,A,A,H,-,A,D,0,,,Y,,Y,,C,02,0,1,0,0,0,0,0,0,1,"- ","- ",33.856048583984375,-117.99683380126953,ORANGE,"BUENA PARK",-117.99683380126953,33.856189727783203
91725250,2022,2022-03-17,9670,2022-03-12,1250,022737,,6,1,5,3003,0,1,1,,2,500,"I-5 N/B","BEACH BLVD",600.00,N,N,A,-,Y,ORA,,5,,,43.570,H,,R,N,3,0,1,2,A,-,07,21658,A,N,C,C,A,A,H,-,A,D,0,,,Y,,Y,,A,01,0,1,0,0,0,0,0,0,1,"- ","- ",33.867568969726562,-118.00031280517578,ORANGE,"BUENA PARK",-118.00023651123047,33.867668151855469
91725412,2022,2022-03-17,9675,2022-03-10,2355,022222,,4,3,7,3001,0,1,3,,2,093,"SR-91 EASTBOUND","TUSTIN AVE",1000.00,W,N,B,G,Y,ORA,,91,,,8.199,H,,R,N,3,0,1,1,A,-,08,22107,,N,E,I,A,A,H,-,D,D,0,,,Y,,Y,,C,02,0,1,0,0,0,0,0,0,1,"- ","- ",33.851280212402344,-117.84142303466797,ORANGE,ANAHEIM,-117.8414306640625,33.851325988769531
91725598,2022,2022-03-17,9670,2022-03-14,1545,019304,,1,2,5,3007,0,1,1,,2,040,"I-405 N/B","SLATER AVE",50.00,S,N,A,-,Y,ORA,,405,,,14.225,H,,R,Y,4,0,1,2,A,-,08,22107,,F,B,C,A,A,D,E,A,D,0,,,Y,,Y,,-,99,0,0,1,0,0,0,0,0,1,"- ","- ",33.710029602050781,-117.95954895019531,ORANGE,"FOUNTAIN VALLEY",-117.95967102050781,33.709930419921875
91726605,2022,2022-03-18,9675,2022-03-09,1851,021633,,3,2,7,3019,0,1,3,,2,222,"SR-22 E/B TO I-5 S/B","LA VETA AVENUE",1885.00,E,N,A,-,Y,ORA,,5,,,33.803,H,,L,N,2,0,1,1,A,-,08,22107,,N,E,I,A,A,H,-,C,D,0,,,Y,,Y,,C,02,1,0,0,0,0,0,0,0,1,"- ","- ",33.776348114013672,-117.87454223632812,ORANGE,"SANTA ANA",-117.87439727783203,33.776432037353516
91730204,2022,2022-03-23,9690,2022-03-14,1453,020364,,1,2,9,3000,0,2,4,,2,037,"LIVE OAK CANYON RD","TRABUCO CANYON ROAD",193.00,S,N,A,-,N,,,,,,,,,,N,3,0,1,1,A,-,03,22350,,N,F,A,A,A,H,-,A,D,0,,,Y,,Y,,C,02,0,1,0,0,0,0,0,0,1,"- ","- ",33.652950286865234,-117.59944915771484,ORANGE,UNINCORPORATED,-117.60025787353516,33.653331756591797
91730729,2022,2022-03-24,9675,2022-03-17,1724,021377,,4,2,7,3001,0,1,3,,2,094,"SR-91 WESTBOUND","LAKEVIEW AVE",3960.00,E,N,B,-,Y,ORA,,91,,R,10.848,H,,L,Y,2,0,1,2,A,-,03,22350,,N,C,C,A,A,H,-,A,D,0,,,Y,,Y,,C,02,1,0,0,0,0,0,0,0,1,"- ","- ",33.854560852050781,-117.80313873291016,ORANGE,ANAHEIM,-117.80313873291016,33.854595184326172
91730992,2022,2022-03-24,9675,2022-03-17,0638,020018,,4,1,7,3019,0,1,1,,2,530,"I-5 SOUTHBOUND","1ST STREET",1500.00,S,N,A,-,Y,ORA,,5,,,30.788,H,,L,N,4,0,1,2,A,-,03,22350,,N,C,C,A,A,H,-,A,D,0,,,Y,,Y,,C,02,0,0,1,0,0,0,0,0,1,"- ","- ",33.744258880615234,-117.84152221679688,ORANGE,"SANTA ANA",-117.84162139892578,33.744197845458984
91731003,2022,2022-03-24,9670,2022-03-22,0730,022737,,2,1,7,3001,0,1,3,,2,192,"SR-91 E/B","EUCLID ST",500.00,E,N,A,-,Y,ORA,,91,,,2.312,H,,R,N,3,0,1,2,A,-,07,21658,A,N,C,C,A,A,H,-,A,D,0,,,Y,,Y,,A,07,0,1,0,0,0,0,0,0,1,"- ","- ",33.854049682617188,-117.94058227539062,ORANGE,ANAHEIM,-117.94058227539062,33.854080200195312
91734005,2022,2022-03-25,9675,2022-03-21,1900,019018,,1,2,9,3000,0,3,5,,2,004,"PACIFIC COAST HIGHWAY","SUPERIOR AVENUE",500.00,N,N,A,-,Y,ORA,,1,,,20.719,H,,R,Y,2,0,1,1,A,-,08,22107,,N,E,I,A,A,H,-,A,D,0,,,Y,,Y,,C,02,1,0,0,0,0,0,0,0,1,"- ","- ",33.625179290771484,-117.94431304931641,ORANGE,UNINCORPORATED,-117.94432067871094,33.625129699707031
91734054,2022,2022-03-25,9675,2022-03-22,0952,018252,,2,1,7,3001,0,1,3,,2,093,"SR-91 WESTBOUND","LA PALMA AVENUE",1056.00,E,N,A,-,Y,ORA,,91,,,6.610,H,,L,N,3,0,1,1,A,-,03,22350,,N,F,A,A,A,H,-,A,D,0,,,Y,,Y,,C,02,0,1,0,0,0,0,0,0,1,"- ","- ",33.847110748291016,-117.86784362792969,ORANGE,ANAHEIM,-117.86791229248047,33.846866607666016
91734919,2022,2022-03-28,9675,2022-03-18,1425,021691,,5,2,6,3015,0,1,3,,2,050,"SR-55 NORTHBOUND","LINCOLN AVE",2000.00,S,N,A,-,Y,,,,,,,,,,Y,3,0,1,2,A,-,08,22107,,N,B,C,A,A,H,-,A,D,0,,,Y,,Y,,C,02,0,1,0,0,0,0,0,0,1,"- ","- ",33.295619964599609,-117.83367919921875,ORANGE,ORANGE,-117.83592987060547,33.834938049316406
91735633,2022,2022-03-29,9675,2022-03-22,1810,021690,,2,2,7,3001,0,1,3,,2,095,"SR-91 E/B","GYPSUM CANYON RD.",1500.00,E,N,A,-,Y,ORA,,91,,R,16.806,H,,R,Y,3,0,1,2,A,-,07,21658,A,N,C,C,A,A,H,-,A,D,0,,,Y,,Y,,A,01,0,1,0,0,0,0,0,0,1,"- ","- ",33.869491577148438,-117.70549774169922,ORANGE,ANAHEIM,-117.70547485351562,33.869449615478516
91735821,2022,2022-03-29,9675,2022-03-16,1702,021377,,3,2,7,3001,0,1,3,,2,094,"SR-91 EASTBOUND","WEIR CANYON RD",3950.00,W,N,A,-,Y,ORA,,91,,R,13.633,H,,R,Y,2,0,1,3,A,-,07,21658,A,F,C,C,A,A,H,-,A,D,0,,,Y,,Y,,-,99,1,0,0,0,0,0,0,0,1,"- ","- ",33.868640899658203,-117.75826263427734,ORANGE,ANAHEIM,-117.75826263427734,33.868648529052734
91737190,2022,2022-03-30,9690,2022-03-20,1055,020236,,7,1,5,3050,0,1,1,,2,055,"I-5 S/B (SAN DIEGO FRWY)","LA PAZ ROAD",150.00,S,N,A,-,Y,ORA,,5,,,16.458,H,,L,N,3,0,2,1,A,-,08,22107,,N,F,A,A,A,D,-,A,D,0,,,Y,,Y,,C,02,0,2,0,0,0,0,0,0,2,"- ","- ",33.597061157226562,-117.67533111572266,ORANGE,"LAKE FOREST",-117.67539215087891,33.597007751464844
91737377,2022,2022-03-30,9675,2022-03-24,1656,019938,,4,2,5,3022,0,1,1,,2,530,"I-5 NORTHBOUND","TUSTIN RANCH ROAD",530.00,S,N,A,-,Y,,,,,,,,,,Y,4,0,1,2,A,-,07,21658,A,N,B,C,A,A,H,-,A,D,0,,,Y,,Y,,D,22,0,0,1,0,0,0,0,0,1,"- ","- ",33.432929992675781,-117.48851776123047,ORANGE,TUSTIN,-117.80237579345703,33.724796295166016
91738265,2022,2022-03-31,9675,2022-03-24,0830,020627,,4,1,7,3019,0,1,1,,2,520,"INTERSTATE 5 SOUTHBOUND","4TH STREET",1500.00,N,N,A,-,Y,ORA,,5,,,31.178,H,,L,Y,3,0,1,2,A,-,08,22107,,N,B,C,A,A,H,-,A,D,0,,,Y,,Y,,C,02,0,1,0,0,0,0,0,0,1,"- ","- ",33.749359130859375,-117.84397888183594,ORANGE,"SANTA ANA",-117.84415435791016,33.749267578125
91739866,2022,2022-04-04,9670,2022-03-21,1252,019942,,1,1,5,3003,0,1,1,,2,500,"I-5 N/B","STANTON AVE",370.00,N,N,A,-,Y,ORA,,5,,,43.182,H,,R,N,3,0,1,3,A,-,08,22107,,F,B,C,A,A,H,-,A,D,0,,,Y,,Y,,A,01,0,1,0,0,0,0,0,0,1,"- ","- ",33.864559173583984,-117.99459838867188,ORANGE,"BUENA PARK",-117.99454498291016,33.864635467529297
91740970,2022,2022-04-05,9675,2022-03-26,1910,021691,,6,2,6,3015,0,1,1,,2,502,"I-5 NORTHBOUND TO STATE COLLEGE BLVD","STATE COLLEGE BLVD",750.00,S,N,A,-,Y,,,,,,,,,,Y,2,0,1,1,A,-,01,23152,A,N,F,A,A,A,H,-,A,D,0,,,Y,,Y,Y,C,02,1,0,0,0,0,0,0,0,1,"- ","- ",33.791191101074219,-117.88847351074219,ORANGE,ORANGE,-117.88847351074219,33.791191101074219
91741077,2022,2022-04-05,9690,2022-03-19,1955,021875,,6,2,5,3028,0,1,1,,2,056,"I-5 N/B (SAN DIEGO FRWY)","LA PAZ ROAD",2000.00,S,N,B,-,Y,ORA,,5,,,16.144,H,,R,N,2,0,1,2,A,-,03,22350,,F,B,C,A,A,D,-,D,D,0,,,Y,,Y,,-,99,1,0,0,0,0,0,0,0,1,"- ","- ",33.593620300292969,-117.67227935791016,ORANGE,"MISSION VIEJO",-117.6722412109375,33.593631744384766
91741103,2022,2022-04-05,9690,2022-03-26,1140,020236,,6,1,5,3017,0,1,1,,2,059,"I-5 S/B (SAN DIEGO FRWY)","AVENIDA PALIZADA",1150.00,N,N,A,-,Y,ORA,,5,,,3.023,H,,L,N,2,0,1,2,A,-,06,21755,A,N,B,C,A,A,H,-,A,D,0,,,Y,,Y,,C,02,1,0,0,0,0,0,0,0,1,"- ","- ",33.435161590576172,-117.61756134033203,ORANGE,"SAN CLEMENTE",-117.61766815185547,33.435100555419922
91741506,2022,2022-04-05,9675,2022-03-26,1530,021694,,6,2,7,3001,0,1,3,,2,572,"SR-57 SOUTHBOUND","KATELLA AVE",1500.00,N,N,A,-,Y,ORA,,57,,,12.837,H,,L,Y,3,0,1,2,A,-,03,22350,,N,C,C,A,A,H,-,A,D,0,,,Y,,Y,,C,02,0,1,0,0,0,0,0,0,1,"- ","- ",33.810131072998047,-117.87908935546875,ORANGE,ANAHEIM,-117.87914276123047,33.810146331787109
91742981,2022,2022-04-07,9690,2022-04-01,1345,020236,,5,1,5,3028,0,1,1,,2,056,"I-5 S/B (SAN DIEGO FRWY)","OSO PARKWAY",1600.00,N,N,A,-,Y,ORA,,5,,,15.540,H,,L,N,3,0,1,2,A,-,03,22350,,F,C,C,A,A,D,-,A,D,0,,,Y,,Y,,C,02,0,1,0,0,0,0,0,0,1,"- ","- ",33.584728240966797,-117.67170715332031,ORANGE,"MISSION VIEJO",-117.67182922363281,33.584728240966797
91742984,2022,2022-04-07,9670,2022-04-05,1900,019304,,2,2,5,3024,0,1,1,,2,040,"I-405 N/B TO BEACH BLVD","BEACH BLVD",100.00,S,N,A,-,Y,ORA,,405,,,16.466,H,,R,Y,4,0,1,2,A,-,07,21658,A,N,B,C,A,A,D,E,B,D,0,,,Y,,Y,,A,01,0,0,1,0,0,0,0,0,1,"- ","- ",33.732231140136719,-117.98813629150391,ORANGE,WESTMINSTER,-117.98825073242188,33.73211669921875
91744981,2022,2022-04-11,9670,2022-04-01,1400,020860,,5,2,5,3003,0,1,1,,2,500,"I-5 N/B","BEACH BLVD",1056.00,S,N,A,-,Y,ORA,,5,,,43.265,H,,R,N,4,0,1,2,A,-,07,21658,A,N,B,C,A,A,H,-,A,D,0,,,Y,,Y,,A,07,0,0,1,0,0,0,0,0,1,"- ","- ",33.865161895751953,-117.99584197998047,ORANGE,"BUENA PARK",-117.99575042724609,33.865276336669922
91745189,2022,2022-04-11,9675,2022-03-31,1136,014424,,4,1,7,3001,0,1,3,,2,094,"SR-91 WESTBOUND","IMPERIAL HIGHWAY",10560.00,E,N,B,-,Y,ORA,,91,,R,13.398,H,,L,N,4,0,1,3,A,-,03,22350,,N,C,C,A,A,H,-,A,D,0,,,Y,,Y,,A,01,0,0,1,0,0,0,0,0,1,"- ","- ",33.867740631103516,-117.76207733154297,ORANGE,ANAHEIM,-117.76217651367188,33.867885589599609
91745372,2022,2022-04-11,9690,2022-04-04,1605,016493,,1,2,4,3045,0,1,1,,2,055,"I-5 S/B (SDF) TO EL TORO ROAD","AVENIDA DE LA CARLOTA",500.00,N,N,A,-,Y,ORA,,5,,,18.936,H,,L,Y,3,0,1,2,A,-,03,22350,,N,C,C,A,A,D,-,A,A,0,,,Y,,Y,,C,02,0,1,0,0,0,0,0,0,1,"- ","- ",33.617118835449219,-117.71076202392578,ORANGE,"LAGUNA HILLS",-117.71060180664062,33.617225646972656
91746487,2022,2022-04-12,9675,2022-04-01,2031,021305,,5,2,6,3015,0,1,3,,2,050,"SR-55 SOUTHBOUND","WALNUT AVENUE",246.00,S,N,A,-,Y,ORA,,55,,,14.112,H,,L,N,3,0,1,1,C,-,18,,,N,F,A,A,A,H,-,C,D,0,,,Y,,Y,,-,"- ",0,1,0,0,0,0,0,0,1,"- ","- ",33.793621063232422,-117.83103942871094,ORANGE,ORANGE,-117.83108520507812,33.793621063232422
91747206,2022,2022-04-13,9690,2022-04-03,1051,020182,,7,1,5,3050,0,1,1,,2,055,"I-5 N/B (SAN DIEGO FRWY)","LAKE FOREST DR.",2112.00,S,N,A,-,Y,ORA,,5,,,19.437,H,,R,N,3,0,1,2,A,-,07,21658,A,N,F,A,A,A,H,-,A,D,0,,,Y,,Y,,A,07,0,1,0,0,0,0,0,0,1,"- ","- ",33.623218536376953,-117.71539306640625,ORANGE,"LAKE FOREST",-117.71548461914062,33.623157501220703
91748148,2022,2022-04-14,9670,2022-04-07,1635,022737,,4,2,3,3013,0,1,1,,2,061,"I-605 S/B",I-405,1800.00,N,N,A,-,Y,ORA,,605,,R,0.414,H,,L,Y,3,0,1,2,A,-,07,21658,A,N,F,A,A,A,H,-,A,D,0,,,Y,,Y,,A,01,0,1,0,0,0,0,0,0,1,"- ","- ",33.789829254150391,-118.08917999267578,ORANGE,"LOS ALAMITOS",-118.08913421630859,33.789813995361328
91748332,2022,2022-04-14,9670,2022-04-08,1903,022493,,5,2,7,3001,0,1,1,,2,502,"I-5 N/B (SANTA ANA FREEWAY) TO HARBOR BLVD","HARBOR BLVD",410.00,S,N,A,-,Y,ORA,,5,,,37.315,H,,R,N,2,0,1,1,A,-,03,22350,,N,E,8,A,A,H,-,C,D,0,,,Y,,Y,,C,02,1,0,0,0,0,0,0,0,1,"- ","- ",33.81488037109375,-117.91419982910156,ORANGE,ANAHEIM,-117.91437530517578,33.814750671386719
91748348,2022,2022-04-14,9670,2022-04-11,0550,020523,,1,3,9,3000,0,3,5,,2,003,"MONTECITO RD (11800 BLOCK)","OAK KNOLL DR",200.00,N,N,B,-,N,,,,,,,,,,N,3,0,1,1,A,-,08,22107,,N,F,A,A,A,H,-,C,D,0,,,Y,,Y,,C,02,0,1,0,0,0,0,0,0,1,"- ","- ",33.78961181640625,-118.07698059082031,ORANGE,UNINCORPORATED,-118.07720184326172,33.789947509765625
91748816,2022,2022-04-15,9675,2022-04-14,0222,021960,,4,3,7,3019,0,1,3,,2,552,"SR-55 SOUTHBOUND TO MCFADDEN AVENUE","MCFADDEN AVE.",528.00,S,N,A,-,Y,ORA,,55,,R,9.808,H,,L,Y,2,0,1,1,A,-,01,23152,F,N,F,A,A,A,H,-,C,D,0,,,Y,,Y,,C,02,1,0,0,0,0,0,0,0,1,"- ","- ",33.731651306152344,-117.83424377441406,ORANGE,"SANTA ANA",-117.83396148681641,33.731655120849609
91749680,2022,2022-04-18,9675,2022-04-06,0755,019518,,3,1,6,3008,0,1,3,,2,571,"SR-57 SOUTHBOUND","YORBA LINDA BOULEVARD",500.00,S,N,A,-,Y,ORA,,57,,,18.013,H,,L,Y,2,0,1,4,A,-,06,21750,A,N,C,C,A,A,H,-,A,D,0,,,Y,,Y,,C,02,1,0,0,0,0,0,0,0,1,"- ","- ",33.884250640869141,-117.88052368164062,ORANGE,FULLERTON,-117.88063812255859,33.884246826171875
91749788,2022,2022-04-18,9675,2022-04-07,0655,019394,,4,1,6,3026,0,1,1,,2,540,"I-5 SOUTHBOUND","SAND CANYON AVE.",1200.00,S,N,A,-,Y,ORA,,5,,R,23.706,H,,L,Y,3,0,1,2,A,-,07,21658,A,N,B,C,A,A,H,-,A,D,0,,,Y,,Y,,D,22,0,1,0,0,0,0,0,0,1,"- ","- ",33.674598693847656,-117.75626373291016,ORANGE,IRVINE,-117.75634765625,33.674575805664062
91749892,2022,2022-04-18,9670,2022-04-10,1540,020809,,7,2,3,3013,0,1,3,,2,020,"I-605 N/B FROM SR-22 E/B","INTERSTATE 405 N/B",1056.00,E,N,B,-,Y,ORA,,605,,R,0.196,H,,R,N,3,0,1,2,A,-,08,22107,,N,B,C,A,A,H,-,A,D,0,,,Y,,Y,,-,"- ",0,1,0,0,0,0,0,0,1,"- ","- ",33.786811828613281,-118.08995056152344,ORANGE,"LOS ALAMITOS",-118.09015655517578,33.786880493164062
91750026,2022,2022-04-18,9675,2022-04-07,1619,021274,,4,2,6,3015,0,1,3,,2,572,"STATE ROUTE 57 N/B","CHAPMAN AVENUE",1000.00,N,N,A,-,Y,ORA,,57,,,11.446,H,,R,N,3,0,1,1,A,-,08,22107,,N,F,A,A,A,H,-,A,D,0,,,Y,,Y,,C,02,0,1,0,0,0,0,0,0,1,"- ","- ",33.790798187255859,-117.87975311279297,ORANGE,ORANGE,-117.87980651855469,33.790805816650391
91750886,2022,2022-04-19,9670,2022-04-06,2100,016271,,3,2,6,3009,0,1,3,,2,021,"SR-22 WESTBOUND TO I-405 NORTHBOUND","VALLEY VIEW STREET",3000.00,W,N,A,-,Y,ORA,,405,,,21.079,H,,R,Y,4,0,1,2,A,-,01,23152,A,N,B,C,A,A,H,-,C,D,0,,,Y,,Y,Y,C,02,0,0,1,0,0,0,0,0,1,"- ","- ",33.774669647216797,-118.04781341552734,ORANGE,"GARDEN GROVE",-118.04779815673828,33.774612426757812
91750908,2022,2022-04-19,9690,2022-04-11,1942,020349,,1,2,9,3000,0,3,5,,2,004,"SNAPDRAGON ST","SKLAR ST",0.00,,Y,A,-,N,,,,,,,,,,N,4,0,1,2,A,-,08,22107,,N,B,E,A,A,H,-,C,D,0,,,Y,,Y,,C,02,0,0,1,0,0,0,0,0,1,"- ","- ",33.555038452148438,-117.63439178466797,ORANGE,UNINCORPORATED,-117.63439178466797,33.555049896240234
91751183,2022,2022-04-19,9670,2022-04-14,1615,022737,,4,2,5,3003,0,1,3,,2,192,"SR-91 E/B","WESTERN AVE",650.00,W,N,A,-,Y,ORA,,91,,R,2.229,H,,R,N,3,0,1,2,A,-,07,21658,A,N,F,0,A,A,H,-,A,A,0,,,Y,,Y,,A,01,0,1,0,0,0,0,0,0,1,"- ","- ",33.855918884277344,-118.00473022460938,ORANGE,"BUENA PARK",-118.00473022460938,33.855937957763672
91752488,2022,2022-04-20,9670,2022-04-12,1522,017022,,2,2,4,3020,0,1,1,,2,450,"I-405 S/B (SAN DIEGO FREEWAY)","SR-22 EASTBOUND",1500.00,N,N,A,-,Y,,,,,,,,,,N,2,0,1,2,A,-,07,21658,A,N,B,C,A,A,D,E,A,D,0,,,Y,,Y,,C,02,1,0,0,0,0,0,0,0,1,"- ","- ",33.774120330810547,-118.04752349853516,ORANGE,"SEAL BEACH",-118.04755401611328,33.774410247802734
91752706,2022,2022-04-20,9670,2022-04-13,1745,020860,,3,2,5,3007,0,1,1,,2,040,"I-405 N/B","TALBERT AVENUE",50.00,S,N,A,-,Y,ORA,,405,,,13.394,H,,R,N,3,0,1,3,A,-,07,21658,A,N,B,C,A,A,D,E,A,D,0,,,Y,,Y,,A,01,0,1,0,0,0,0,0,0,1,"- ","- ",33.701671600341797,-117.94898986816406,ORANGE,"FOUNTAIN VALLEY",-117.94901275634766,33.701637268066406
91753808,2022,2022-04-21,9675,2022-04-13,0818,018087,,3,1,7,3001,0,1,3,,2,072,"SR-57 SOUTHBOUND","BALL RD.",270.00,N,N,A,-,Y,ORA,,57,,,13.477,H,,L,Y,3,0,1,2,A,-,03,22350,,N,B,C,A,A,H,-,A,D,0,,,Y,,Y,,A,07,0,1,0,0,0,0,0,0,1,"- ","- ",33.818981170654297,-117.87622833251953,ORANGE,ANAHEIM,-117.87633514404297,33.818988800048828
91754770,2021,2022-04-22,9690,2021-12-12,0951,016128,,7,1,9,3000,0,1,3,,1,074,"SR-74 (ORTEGA HIGHWAY)","HOT SPRINGS CANYON ROAD",5808.00,E,N,A,-,Y,,,74,,,,,,,Y,1,1,0,1,A,-,08,22107,,N,F,A,A,A,B,-,A,D,0,,,Y,,Y,,C,02,0,0,0,0,0,0,0,1,0,"- ","- ",33.592388153076172,-117.49633026123047,ORANGE,UNINCORPORATED,-117.49633026123047,33.592384338378906
91756542,2022,2022-04-26,9675,2022-04-15,1755,021690,,5,2,9,3000,0,2,4,,2,034,"SANTIAGO CANYON RD.","LOMA RIDGE RD.",1700.00,S,N,A,-,Y,,,,,,,,,,Y,2,0,1,1,A,-,08,22107,,N,F,A,A,A,H,-,A,D,0,,,Y,,Y,,C,02,1,0,0,0,0,0,0,0,1,"- ","- ",33.76947021484375,-117.73641204833984,ORANGE,UNINCORPORATED,-117.73651123046875,33.769535064697266
91757699,2022,2022-04-27,9670,2022-04-22,0749,016793,,5,1,5,3024,0,1,1,,2,043,"I-405 S/B (SAN DIEGO FREEWAY)","MCFADDEN AVE (OVERCROSSING)",500.00,N,N,B,-,Y,ORA,,405,,,17.078,H,,L,N,4,0,1,2,A,-,07,21658,A,N,B,2,A,A,D,E,A,D,0,,,Y,,Y,,A,01,0,0,1,0,0,0,0,0,1,"- ","- ",33.737678527832031,-117.99655151367188,ORANGE,WESTMINSTER,-117.99656677246094,33.737667083740234
91758069,2022,2022-04-27,9675,2022-04-19,1552,021274,,2,2,7,3001,0,1,3,,2,095,"STATE ROUTE 91 E/B","GYPSUM CANYON ROAD.",1430.00,E,N,A,-,Y,ORA,,91,,R,16.695,H,,R,N,3,0,1,2,A,-,03,22350,,N,B,C,A,A,H,-,A,D,0,,,Y,,Y,,C,02,0,1,0,0,0,0,0,0,1,"- ","- ",33.868648529052734,-117.70716094970703,ORANGE,ANAHEIM,-117.70716857910156,33.868659973144531
91758722,2022,2022-04-28,9675,2022-04-19,1726,019938,,2,2,7,3019,0,1,3,,2,552,"SR-55 NORTHBOUND","DYER ROAD",2000.00,S,N,A,-,Y,ORA,,55,,R,7.468,H,,R,Y,3,0,1,3,A,-,07,21658,A,N,B,C,A,A,H,-,A,D,0,,,Y,,Y,,A,01,0,1,0,0,0,0,0,0,1,"- ","- ",33.703990936279297,-117.85608673095703,ORANGE,"SANTA ANA",-117.85616302490234,33.70404052734375
91759473,2022,2022-04-28,9675,2022-04-21,1718,021377,,4,2,7,3001,0,1,3,,2,095,"SR-91 EASTBOUND","GYPSUM CANYON ROAD",2640.00,E,N,A,-,Y,ORA,,91,,R,16.952,H,,R,N,3,0,1,2,A,-,07,21658,A,N,C,C,A,A,H,-,A,D,0,,,Y,,Y,,A,07,0,1,0,0,0,0,0,0,1,"- ","- ",33.870521545410156,-117.7032470703125,ORANGE,ANAHEIM,-117.70323181152344,33.870491027832031
91762234,2022,2022-05-02,9690,2022-04-29,1725,020038,,5,2,9,3000,0,2,4,,2,034,"ANTONIO PKWY N/B","TERRACE RD",280.00,N,N,A,-,N,,,,,,,,,,Y,3,0,1,1,A,-,01,23152,A,N,E,I,A,A,H,-,A,D,0,,,Y,,Y,Y,C,02,0,1,0,0,0,0,0,0,1,"- ","- ",33.5565185546875,-117.63066864013672,ORANGE,UNINCORPORATED,-117.63083648681641,33.556545257568359
91762665,2022,2022-05-02,9675,2022-02-18,1445,021690,,5,2,7,3019,0,1,3,,2,052,"SR-55 N/B","WARNER AVE",400.00,S,N,A,-,Y,ORA,,55,,R,8.415,H,,R,Y,3,0,1,2,A,-,03,22350,,F,C,C,A,A,H,-,A,D,0,,,Y,,Y,,C,02,0,1,0,0,0,0,0,0,1,"- ","- ",33.714588165283203,-117.84568023681641,ORANGE,"SANTA ANA",-117.845703125,33.714603424072266
91764394,2022,2022-05-04,9675,2022-04-26,0700,019518,,2,1,7,3019,0,1,3,,2,051,"SR-55 SOUTHBOUND","17TH STREET",900.00,N,N,A,-,Y,ORA,,55,,,12.231,H,,L,N,3,0,1,2,A,-,07,21658,A,N,B,C,A,A,H,-,A,D,0,,,Y,,Y,,A,01,0,1,0,0,0,0,0,0,1,"- ","- ",33.766300201416016,-117.83110046386719,ORANGE,"SANTA ANA",-117.8311767578125,33.766300201416016
91764410,2022,2022-05-04,9675,2022-04-26,0932,018027,,2,1,6,3004,0,1,1,,2,405,"I-405 SOUTHBOUND","BRISTOL STREET OVERCROSS",50.00,N,N,A,-,Y,ORA,,405,,,9.532,H,,L,Y,2,0,1,2,A,-,03,22350,,N,C,C,A,A,H,-,A,D,0,,,Y,,Y,,C,02,1,0,0,0,0,0,0,0,1,"- ","- ",33.687339782714844,-117.885986328125,ORANGE,"COSTA MESA",-117.88599395751953,33.687278747558594
91764457,2022,2022-05-04,9675,2022-04-26,1710,018102,,2,2,6,3015,0,1,3,,2,222,"SR-22 EASTBOUND TO I-5 NORTHBOUND","I-5 NORTHBOUND",1400.00,E,N,A,-,Y,ORA,,22,,R,10.720,H,,R,Y,3,0,1,1,A,-,08,22107,,N,E,I,A,A,H,-,A,D,0,,,Y,,Y,,C,02,0,1,0,0,0,0,0,0,1,"- ","- ",33.778068542480469,-117.87203216552734,ORANGE,ORANGE,-117.87200164794922,33.778224945068359
91764526,2022,2022-05-04,9675,2022-04-26,1759,018985,,2,2,6,3026,0,1,1,,2,504,"I-5 N/B","ALTON PKWY",3600.00,S,N,A,-,Y,ORA,,5,,,21.511,H,,R,N,2,0,1,2,A,-,03,22350,,N,C,C,A,A,H,-,A,D,0,,,Y,,Y,,C,02,1,0,0,0,0,0,0,0,1,"- ","- ",33.647201538085938,-117.73697662353516,ORANGE,IRVINE,-117.73698425292969,33.647197723388672
91765045,2022,2022-05-05,9675,2022-04-27,1050,019518,,3,1,9,3000,0,2,4,,2,021,"IRVINE BLVD","BROWNING AVE",0.00,,Y,A,-,N,,,,,,,,,,N,2,0,1,2,A,-,09,21801,A,N,D,C,A,A,H,-,A,A,0,,,Y,,Y,,A,01,1,0,0,0,0,0,0,0,1,"- ","- ",33.74005126953125,-117.79759979248047,ORANGE,UNINCORPORATED,-117.79759979248047,33.740047454833984
91765507,2022,2022-05-05,9675,2022-04-28,1730,018102,,4,2,6,3015,0,1,3,,2,550,"SR-55 NORTHBOUND","KATELLA AVENUE",1500.00,N,N,A,-,Y,ORA,,55,,,15.609,H,,R,Y,4,0,1,2,A,-,03,22350,,N,C,C,A,A,H,-,A,D,0,,,Y,,Y,,C,02,0,0,1,0,0,0,0,0,1,"- ","- ",33.815319061279297,-117.83187103271484,ORANGE,ORANGE,-117.83186340332031,33.815319061279297
91765580,2022,2022-05-05,9670,2022-05-04,0710,016209,,3,1,5,3003,0,1,1,,2,500,"I-5 N/B (SANTA ANA FREEWAY)","BEACH BLVD.",100.00,S,N,A,-,Y,ORA,,5,,,43.384,H,,R,N,4,0,1,2,A,-,07,21658,A,N,B,C,A,A,H,-,A,D,0,,,Y,,Y,,A,07,0,0,1,0,0,0,0,0,1,"- ","- ",33.866100311279297,-117.99755859375,ORANGE,"BUENA PARK",-117.99748992919922,33.866195678710938
91769065,2022,2022-05-10,9675,2022-05-03,0711,019897,,2,1,5,3016,0,1,3,,2,571,"SR-57 SOUTHBOUND","CROWTHER AVENUE",10.00,N,N,B,-,Y,ORA,,57,,,16.764,H,,L,Y,4,0,1,2,A,-,03,22350,,N,C,C,A,A,H,-,A,D,0,,,Y,,Y,,C,02,0,0,1,0,0,0,0,0,1,"- ","- ",33.866329193115234,-117.87882232666016,ORANGE,PLACENTIA,-117.87889862060547,33.866313934326172
91771426,2022,2022-05-13,9675,2022-05-05,1250,019518,,4,1,5,3022,0,1,3,,2,551,"SR-55 SOUTHBOUND TO 17TH STREET EASTBOUND","17TH ST",0.00,,N,A,-,Y,,,,,,,,,,Y,3,0,1,1,A,-,03,22350,,N,F,A,A,A,H,-,A,D,0,,,Y,,Y,,C,02,0,1,0,0,0,0,0,0,1,"- ","- ",33.759101867675781,-117.831787109375,ORANGE,TUSTIN,-117.83119964599609,33.759727478027344
91771605,2022,2022-05-13,9675,2022-05-05,1752,019599,,4,2,6,3004,0,1,1,,2,405,"I-405 S/B FROM HARBOR BLVD. S/B","HARBOR BLVD.",160.00,N,N,A,-,Y,ORA,,405,,,11.506,H,,L,Y,4,0,1,2,A,-,03,22350,,N,C,C,A,A,D,-,A,A,0,,,Y,,Y,,C,02,0,0,1,0,0,0,0,0,1,"- ","- ",33.689029693603516,-117.92012023925781,ORANGE,"COSTA MESA",-117.91999053955078,33.689250946044922
91773051,2022,2022-05-16,9670,2022-05-01,1318,019138,,7,1,5,3024,0,1,1,,2,045,"I-405 SB (SAN DIEGO FREEWAY)","BOLSA CHICA RD",175.00,N,N,A,-,Y,ORA,,405,,,20.603,H,,L,Y,3,0,1,2,A,-,07,21658,A,F,B,C,A,A,D,-,A,D,0,,,Y,,Y,,-,99,0,1,0,0,0,0,0,0,1,"- ","- ",33.773658752441406,-118.03994750976562,ORANGE,WESTMINSTER,-118.04001617431641,33.773563385009766
91774187,2022,2022-05-17,9690,2022-05-05,0940,016128,,4,1,9,3000,0,1,3,,1,074,"SR-74 (ORTEGA HIGHWAY)","HOT SPRINGS CANYON ROAD",14784.00,E,N,A,-,Y,ORA,,74,,,15.307,H,,R,Y,3,0,1,2,A,-,03,22350,,N,C,C,A,A,H,-,A,D,0,,,Y,,Y,,C,02,0,1,0,0,0,0,0,0,1,"- ","- ",33.591899871826172,-117.47138214111328,ORANGE,UNINCORPORATED,-117.47137451171875,33.591911315917969
91774275,2022,2022-05-17,9690,2022-05-07,2130,019925,,6,2,4,3018,0,1,1,,2,057,"I-5 S/B (SAN DIEGO FREEWAY)","JUNIPERO SERRA",1541.00,N,N,A,-,Y,ORA,,5,,,11.224,H,,L,N,2,0,1,3,A,-,07,21658,A,F,B,C,A,A,H,-,C,D,0,,,Y,,Y,,-,99,1,0,0,0,0,0,0,0,1,"- ","- ",33.524539947509766,-117.66770172119141,ORANGE,"SAN JUAN CAPISTRANO",-117.66764068603516,33.524559020996094
91774291,2022,2022-05-17,9670,2022-05-13,0752,017641,,5,1,6,3009,0,1,3,,2,020,"SR-22 W/B (GARDEN GROVE FREEWAY)","VALLEY VIEW ST.",528.00,E,N,A,-,Y,ORA,,22,,R,1.370,H,,L,N,3,0,1,2,A,-,08,22107,,F,B,C,A,A,H,-,A,D,0,,,Y,,Y,,C,02,0,1,0,0,0,0,0,0,1,"- ","- ",33.774288177490234,-118.02987670898438,ORANGE,"GARDEN GROVE",-118.02987670898438,33.774421691894531
91774332,2022,2022-05-17,9675,2022-05-10,0115,021388,,2,3,7,3001,0,1,3,,2,572,"SR-57 NORTHBOUND FROM BALL ROAD EASTBOUND","BALL ROAD",60.00,S,N,A,-,Y,,,,,,,,,,Y,3,0,1,1,A,-,03,22350,,N,F,A,A,A,H,-,C,D,0,,,Y,,Y,,C,02,0,1,0,0,0,0,0,0,1,"- ","- ",33.817821502685547,-117.87522125244141,ORANGE,ANAHEIM,-117.87522125244141,33.817821502685547
91775200,2022,2022-05-18,9675,2022-05-10,1710,019018,,2,2,6,3026,0,1,3,,2,552,"SR-55 SB TO I-405 NB","BRISTOL STREET",4000.00,S,N,A,-,Y,,,,,,,,,,Y,2,0,1,2,A,-,03,22350,,N,F,0,A,A,H,-,A,D,0,,,Y,,Y,,C,02,1,0,0,0,0,0,0,0,1,"- ","- ",33.688861846923828,-117.87196350097656,ORANGE,IRVINE,-117.88835144042969,33.671859741210938
91778410,2022,2022-05-23,9670,2022-05-16,1940,020505,,1,2,6,3008,0,1,3,,2,193,"SR-91 W/B","BROOKHURST ST",1584.00,W,N,A,-,Y,ORA,,91,,,0.955,H,,L,N,3,0,1,2,A,-,03,22350,,N,B,C,A,A,H,-,B,D,0,,,Y,,Y,,A,01,0,1,0,0,0,0,0,0,1,"- ","- ",33.8538818359375,-117.96424865722656,ORANGE,FULLERTON,-117.96424865722656,33.853908538818359
91778731,2022,2022-05-24,9670,2022-05-19,0900,019502,,4,1,3,3013,0,1,1,,2,060,"I-605 S/B","KATELLA AVENUE",100.00,N,N,B,C,Y,,,,,,,,,,Y,2,0,1,1,A,-,03,22350,,N,E,I,A,B,H,-,A,A,0,,,Y,,Y,,C,02,1,0,0,0,0,0,0,0,1,"- ","- ",33.805290222167969,-118.08094787597656,ORANGE,"LOS ALAMITOS",-118.08151245117188,33.805259704589844
91778752,2022,2022-05-24,9690,2022-05-15,1505,020364,,7,2,9,3000,0,2,4,,2,037,"LIVE OAK CANYON ROAD","TRABUCO CANYON ROAD",2112.00,N,N,A,-,N,,,,,,,,,,Y,2,0,1,1,A,-,08,22107,,N,E,I,A,A,H,-,A,D,0,,,Y,,Y,,C,02,1,0,0,0,0,0,0,0,1,"- ","- ",33.658660888671875,-117.60083770751953,ORANGE,UNINCORPORATED,-117.60088348388672,33.658954620361328
91778814,2022,2022-05-24,9675,2022-05-13,0854,018039,,5,1,6,3004,0,1,1,,2,405,"I-405 NORTHBOUND TO SR-55 S/B",SR-55,289.00,N,N,A,-,Y,,,,,,,,,,N,4,0,1,2,A,-,07,21658,A,N,B,C,A,A,H,-,A,D,0,,,Y,,Y,,A,01,0,0,1,0,0,0,0,0,1,"- ","- ",33.686370849609375,-117.87477111816406,ORANGE,"COSTA MESA",-117.87477111816406,33.686370849609375
91778852,2022,2022-05-24,9670,2022-05-14,1711,020505,,6,2,4,3020,0,1,1,,2,044,"I-405 N/B","BOLSA CHICA RD",4224.00,N,N,A,-,Y,ORA,,405,,,21.366,H,,R,Y,2,0,1,1,A,-,03,22350,,N,F,A,A,A,D,-,A,D,0,,,Y,,Y,,C,02,1,0,0,0,0,0,0,0,1,"- ","- ",33.774459838867188,-118.05278015136719,ORANGE,"SEAL BEACH",-118.05278015136719,33.774463653564453
91779814,2022,2022-05-25,9675,2022-05-15,0930,020027,,7,1,6,3015,0,1,3,,2,222,"SR-22 EASTBOUND TO SR-57 NORTHBOUND","BEDFORD RD",750.00,W,N,A,-,Y,ORA,,22,,R,10.738,H,,L,Y,3,0,1,1,A,-,03,22350,,N,F,A,A,A,H,-,A,D,0,,,Y,,Y,,C,02,0,1,0,0,0,0,0,0,1,"- ","- ",33.778511047363281,-117.87175750732422,ORANGE,ORANGE,-117.87177276611328,33.77838134765625
91781304,2022,2022-05-26,9670,2022-05-16,0635,019138,,1,1,9,3000,0,3,5,,2,005,"NEWLAND STREET","HAZARD AVENUE",0.00,,Y,B,-,N,,,,,,,,,,Y,2,0,1,2,A,-,09,21801,A,N,A,C,A,A,H,-,A,A,0,,,Y,,Y,,A,01,1,0,0,0,0,0,0,0,1,"- ","- ",33.752029418945312,-117.98100280761719,ORANGE,UNINCORPORATED,-117.98094940185547,33.752086639404297
91782775,2022,2022-05-27,9675,2022-05-14,1357,021633,,6,1,7,3001,0,1,3,,2,095,"SR-91 WESTBOUND","COAL CANYON ROAD",1000.00,E,N,A,-,Y,ORA,,91,,R,18.203,H,,L,Y,2,0,1,2,A,-,08,22107,,N,E,8,A,A,H,-,A,D,0,,,Y,,Y,,C,02,1,0,0,0,0,0,0,0,1,"- ","- ",33.870651245117188,-117.68351745605469,ORANGE,ANAHEIM,-117.68348693847656,33.870697021484375
91782984,2022,2022-05-27,9675,2022-05-17,1259,018039,,2,1,6,3015,0,1,3,,2,222,"SR-22 EASTBOUND","GRAND AVENUE",1374.00,W,N,A,-,Y,ORA,,22,,R,11.573,H,,R,N,3,0,1,1,A,-,03,22350,,N,F,A,A,A,H,-,A,D,0,,,Y,,Y,,C,02,0,1,0,0,0,0,0,0,1,"- ","- ",33.777141571044922,-117.85742950439453,ORANGE,ORANGE,-117.85738372802734,33.777217864990234
91783181,2022,2022-05-27,9670,2022-05-25,0720,022455,,3,1,7,3001,0,1,3,,2,094,"SR-91 E/B","BROOKHURST RD",500.00,W,N,A,-,Y,ORA,,91,,,1.141,H,,R,Y,4,0,1,3,A,-,07,21658,A,M,B,C,A,A,H,-,A,D,0,,,Y,,Y,,-,99,0,0,1,0,0,0,0,0,1,"- ","- ",33.853858947753906,-117.96103668212891,ORANGE,ANAHEIM,-117.96103668212891,33.853824615478516
91783800,2022,2022-05-30,9675,2022-05-19,1456,021633,,4,2,6,3008,0,1,3,,2,570,"SR-57 SOUTHBOUND","YORBA LINDA BLVD.",190.00,N,N,B,-,Y,ORA,,57,,,18.392,H,,L,N,3,0,1,2,A,-,08,22107,,N,F,0,A,A,H,-,A,D,0,,,Y,,Y,,C,02,0,1,0,0,0,0,0,0,1,"- ","- ",33.889720916748047,-117.88070678710938,ORANGE,FULLERTON,-117.88076782226562,33.889720916748047
91783804,2022,2022-05-30,9675,2022-05-20,1610,021377,,5,2,7,3001,0,1,3,,2,093,"SR-91 EASTBOUND","KRAEMER BLVD",2640.00,E,N,B,-,Y,ORA,,91,,,7.770,H,,R,Y,4,0,1,2,A,-,07,21658,A,N,B,C,A,A,H,-,A,D,0,,,Y,,Y,,A,07,0,0,1,0,0,0,0,0,1,"- ","- ",33.849601745605469,-117.84855651855469,ORANGE,ANAHEIM,-117.84854888916016,33.849571228027344
91783865,2022,2022-05-30,9675,2022-05-23,1739,019018,,1,2,6,3015,0,1,3,,2,551,"SR-55 SOUTHBOUND","SANTA CLARA AVENUE",25.00,S,N,A,-,Y,ORA,,55,,,12.581,H,,L,N,3,0,1,1,A,-,03,22350,,N,F,A,A,A,H,-,A,D,0,,,Y,,Y,,C,02,0,1,0,0,0,0,0,0,1,"- ","- ",33.771419525146484,-117.831298828125,ORANGE,ORANGE,-117.83114624023438,33.771415710449219
91784580,2022,2022-05-31,9670,2022-05-21,0832,019138,,6,1,9,3000,0,3,5,,2,005,"BOLSA AVE (7800 BLOCK)","PACIFIC ST.",470.00,W,N,B,-,N,,,,,,,,,,Y,3,0,1,2,A,-,09,21804,A,N,D,C,A,A,H,-,A,D,0,,,Y,,Y,,A,07,0,1,0,0,0,0,0,0,1,"- ","- ",33.744720458984375,-117.99318695068359,ORANGE,UNINCORPORATED,-117.99303436279297,33.744701385498047
91786596,2022,2022-06-02,9675,2022-05-29,1023,020544,,7,1,7,3019,0,1,1,,2,502,"I-5 NORTHBOUND","17TH ST",380.00,S,N,A,-,Y,ORA,,5,,,32.378,H,,R,N,4,0,1,1,A,-,03,22350,,N,F,A,A,A,H,-,A,D,0,,,Y,,Y,,C,02,0,0,1,0,0,0,0,0,1,"- ","- ",33.759128570556641,-117.86074066162109,ORANGE,"SANTA ANA",-117.8607177734375,33.7591552734375
91789073,2022,2022-06-06,9675,2022-05-26,1155,020018,,4,1,6,3015,0,1,1,,2,502,"I-5 NORTHBOUND","CHAPMAN AVENUE",2000.00,S,N,A,-,Y,ORA,,5,,,34.704,H,,R,Y,3,0,1,2,A,-,07,21658,A,N,C,C,A,A,H,-,A,D,0,,,Y,,Y,,A,07,0,1,0,0,0,0,0,0,1,"- ","- ",33.786201477050781,-117.88430023193359,ORANGE,ORANGE,-117.88433837890625,33.786178588867188
91789110,2022,2022-06-06,9675,2022-05-26,1615,021076,,4,2,6,3008,0,1,3,,2,570,"SR-57 NORTHBOUND","BASTANCHURY ROAD",450.00,N,N,A,-,Y,ORA,,57,,,18.955,H,,R,N,3,0,1,2,A,-,07,21658,A,N,B,C,A,A,H,-,A,A,0,,,Y,,Y,,D,22,0,1,0,0,0,0,0,0,1,"- ","- ",33.89794921875,-117.88102722167969,ORANGE,FULLERTON,-117.88090515136719,33.897960662841797
91789141,2022,2022-06-06,9675,2022-05-21,1411,021377,,6,2,7,3001,0,1,3,,2,094,"SR-91 EASTBOUND","WEIR CYN RD",5280.00,W,N,B,-,Y,ORA,,91,,R,13.364,H,,R,N,4,0,1,2,A,-,07,21658,A,F,C,C,A,A,H,-,A,D,0,,,Y,,Y,,C,02,0,0,1,0,0,0,0,0,1,"- ","- ",33.867378234863281,-117.76258850097656,ORANGE,ANAHEIM,-117.76256561279297,33.867343902587891
91790482,2022,2022-06-08,9675,2022-05-30,0604,018252,,1,1,9,3000,0,3,5,,2,002,"HEWES ST","FOWLER AVE",23.00,S,N,B,-,N,,,,,,,,,,Y,3,0,1,1,A,-,08,22107,,N,F,A,A,A,H,-,A,D,0,,,Y,,Y,,C,02,0,1,0,0,0,0,0,0,1,"- ","- ",33.777858734130859,-117.80542755126953,ORANGE,UNINCORPORATED,-117.80545043945312,33.777915954589844
91790792,2022,2022-06-08,9675,2022-05-31,1418,021690,,2,2,7,3001,0,1,3,,2,195,"SR-91 EASTBOUND","COAL CANYON RD.",500.00,E,N,A,-,Y,ORA,,91,,R,18.016,H,,R,N,2,0,1,3,A,-,06,21755,A,N,B,C,A,A,H,-,A,D,0,,,Y,,Y,,C,02,1,0,0,0,0,0,0,0,1,"- ","- ",33.871471405029297,-117.68618774414062,ORANGE,ANAHEIM,-117.68620300292969,33.871444702148438
91790808,2022,2022-06-08,9675,2022-05-31,1630,019018,,2,2,6,3015,0,1,3,,2,050,"SR-55 NORTHBOUND","MEATS AVENUE",20.00,N,N,A,-,Y,ORA,,55,,,16.201,H,,R,N,4,0,1,2,A,-,07,21658,A,N,F,A,A,A,H,-,A,D,0,,,Y,,Y,,A,01,0,0,1,0,0,0,0,0,1,"- ","- ",33.823959350585938,-117.83174896240234,ORANGE,ORANGE,-117.83187866210938,33.823959350585938
91791677,2022,2022-06-09,9675,2022-06-03,0915,019394,,5,1,6,3004,0,1,3,,2,073,"SR-73 N/B TO I-405 N/B","FAIRVIEW RD.",2465.00,S,N,B,-,Y,ORA,,73,,R,27.848,H,,R,Y,3,0,1,2,A,-,03,22350,,N,B,C,A,A,H,-,A,D,0,,,Y,,Y,,C,02,0,1,0,0,0,0,0,0,1,"- ","- ",33.687900543212891,-117.89949035644531,ORANGE,"COSTA MESA",-117.89949035644531,33.687892913818359
91792449,2022,2022-06-10,9670,2022-06-01,0730,019502,,3,1,7,3001,0,1,1,,2,501,"I-5 S/B","BROOKHURST ST",600.00,N,N,A,-,Y,ORA,,5,,,40.879,H,,L,N,2,0,1,2,A,-,03,22350,,N,C,C,A,A,H,-,A,D,0,,,Y,,Y,,C,02,1,0,0,0,0,0,0,0,1,"- ","- ",33.846820831298828,-117.96153259277344,ORANGE,ANAHEIM,-117.96163940429688,33.846672058105469
91792850,2022,2022-06-10,9675,2022-06-05,2252,020732,,7,3,6,3026,0,1,1,,2,407,"I-405 SOUTHBOUND","SAND CANYON AVENUE",1000.00,S,N,A,-,Y,ORA,,405,,,2.796,H,,R,Y,3,0,1,2,A,-,02,22400,A,F,C,C,A,A,H,-,C,D,0,,,Y,,Y,,-,99,0,1,0,0,0,0,0,0,1,"- ","- ",33.657211303710938,-117.77667999267578,ORANGE,IRVINE,-117.77671813964844,33.657161712646484
91793132,2022,2022-06-13,9690,2022-05-29,2243,022016,,7,3,5,3028,0,1,1,,2,056,"I-5 N/B (SAN DIEGO FRWY)","LA PAZ ROAD",3696.00,S,N,A,-,Y,ORA,,5,,,15.872,H,,R,Y,2,0,1,2,A,-,01,23152,A,M,C,C,A,A,D,-,C,D,0,,,Y,,Y,Y,C,02,1,0,0,0,0,0,0,0,1,"- ","- ",33.589729309082031,-117.6715087890625,ORANGE,"MISSION VIEJO",-117.67147827148438,33.589729309082031
91793874,2022,2022-06-13,9690,2022-05-29,1258,020182,,7,1,5,3028,0,1,1,,2,056,"I-5 N/B (SAN DIEGO FRWY)","CROWN VALLEY PARKWAY",2015.00,N,N,A,-,Y,ORA,,5,,,14.169,H,,R,N,3,0,1,2,A,-,03,22350,,N,C,C,A,A,D,-,A,D,0,,,Y,,Y,,C,02,0,1,0,0,0,0,0,0,1,"- ","- ",33.564918518066406,-117.67243957519531,ORANGE,"MISSION VIEJO",-117.67230987548828,33.564907073974609
91794203,2022,2022-06-13,9675,2022-06-04,1315,019320,,6,1,6,3008,0,1,3,,2,571,"SR-57 NORTHBOUND","CHAPMAN AVE.",1000.00,S,N,A,-,Y,ORA,,57,,,17.090,H,,R,N,4,0,1,2,A,-,03,22350,,N,C,C,A,A,H,-,A,D,0,,,Y,,Y,,C,02,0,0,1,0,0,0,0,0,1,"- ","- ",33.870998382568359,-117.87991333007812,ORANGE,FULLERTON,-117.88002014160156,33.870979309082031
91794547,2022,2022-06-14,9675,2022-06-11,0232,022052,,6,3,7,3001,0,1,3,,2,094,"SR-91 EASTBOUND","IMPERIAL HWY",4600.00,E,N,A,-,Y,ORA,,91,,R,12.426,H,,R,Y,3,0,1,2,A,-,01,23152,A,N,C,C,A,A,D,-,C,A,0,,,Y,,Y,Y,C,02,0,1,0,0,0,0,0,0,1,"- ","- ",33.860408782958984,-117.77684783935547,ORANGE,ANAHEIM,-117.77687072753906,33.860435485839844
91794591,2022,2022-06-14,9670,2022-06-10,0750,019502,,5,1,7,3001,0,1,3,,2,094,"SR-91 E/B","EUCLID STREET",100.00,W,N,A,-,Y,ORA,,91,,,2.231,H,,R,N,3,0,1,1,A,-,08,22107,,N,F,A,A,A,H,-,A,D,0,,,Y,,Y,,C,02,0,1,0,0,0,0,0,0,1,"- ","- ",33.854148864746094,-117.94197845458984,ORANGE,ANAHEIM,-117.94197845458984,33.854076385498047
91794800,2022,2022-06-14,9675,2022-06-06,0713,020027,,1,1,6,3015,0,1,3,,2,551,"SR-55 SOUTHBOUND","SR-22 EASTBOUND",100.00,S,N,A,-,Y,ORA,,55,,,12.915,H,,L,Y,3,0,1,2,A,-,07,21658,A,N,C,C,A,A,H,-,A,D,0,,,Y,,Y,,A,01,0,1,0,0,0,0,0,0,1,"- ","- ",33.776660919189453,-117.83110809326172,ORANGE,ORANGE,-117.83118438720703,33.776660919189453
91795174,2022,2022-06-14,9675,2022-06-07,1545,020031,,2,2,7,3001,0,1,3,,2,094,"SR-91 EASTBOUND","WEIR CANYON ROAD",90.00,E,N,A,-,Y,ORA,,91,,R,14.451,H,,R,Y,2,0,1,2,A,-,03,22350,,N,B,C,A,A,H,-,A,D,0,,,Y,,Y,,C,02,1,0,0,0,0,0,0,0,1,"- ","- ",33.870319366455078,-117.74445343017578,ORANGE,ANAHEIM,-117.74444580078125,33.870288848876953
91795605,2022,2022-06-15,9675,2022-06-07,1240,020627,,2,1,7,3019,0,1,1,,2,520,"I-5 SOUTHBOUND","4TH STREET",1500.00,N,N,A,-,Y,ORA,,5,,,31.369,H,,L,Y,3,0,1,2,A,-,03,22350,,N,C,C,A,A,H,-,A,D,0,,,Y,,Y,,C,02,0,1,0,0,0,0,0,0,1,"- ","- ",33.751510620117188,-117.84600830078125,ORANGE,"SANTA ANA",-117.84613037109375,33.751407623291016
91795882,2022,2022-06-15,9675,2022-06-08,1650,019018,,3,2,6,3026,0,1,3,,2,053,"SR-55 SOUTHBOUND","MAIN STREET",200.00,N,N,A,-,Y,ORA,,55,,R,6.598,H,,L,Y,2,0,1,2,A,-,07,21658,A,N,B,C,A,A,H,-,A,D,0,,,Y,,Y,,A,07,1,0,0,0,0,0,0,0,1,"- ","- ",33.694271087646484,-117.86578369140625,ORANGE,IRVINE,-117.86579132080078,33.694278717041016
91796391,2022,2022-06-16,9675,2022-06-02,1225,018039,,4,1,6,3026,0,1,1,,2,504,"INTERSTATE 5 NORTHBOUND FROM BAKE PARKWAY","BAKE PARKWAY",32.00,N,N,A,-,Y,,,,,,,,,,N,4,0,1,2,A,-,07,21658,A,N,B,C,A,A,H,-,A,D,0,,,Y,,Y,,J,48,0,0,1,0,0,0,0,0,1,"- ","- ",33.639049530029297,-117.72779846191406,ORANGE,IRVINE,-117.72779846191406,33.639049530029297
91797495,2022,2022-06-17,9670,2022-06-04,1110,019138,,6,1,7,3001,0,1,1,,2,503,"I-5 SB (SANTA ANA FREEWAY)","GENE AUTRY WAY",275.00,N,N,B,-,Y,ORA,,5,,,36.022,H,,L,Y,2,0,3,3,A,-,03,22350,,N,B,C,A,A,H,-,A,D,0,,,Y,,Y,,C,02,2,1,0,0,0,0,0,0,3,"- ","- ",33.800449371337891,-117.89980316162109,ORANGE,ANAHEIM,-117.89973449707031,33.800495147705078
91798490,2022,2022-06-20,9675,2022-06-10,2055,022283,,5,2,7,3019,0,1,1,,2,502,"I-5 SOUTHBOUND","17TH STREET",250.00,S,N,A,-,Y,ORA,,5,,,32.414,H,,L,Y,3,0,1,1,A,-,01,23152,A,N,F,A,A,A,H,-,C,D,0,,,Y,,Y,Y,C,02,0,1,0,0,0,0,0,0,1,"- ","- ",33.759418487548828,-117.86170959472656,ORANGE,"SANTA ANA",-117.86175537109375,33.759376525878906
91799057,2022,2022-06-20,9675,2022-06-12,1738,020031,,7,2,7,3019,0,1,1,,2,502,"I-5 SOUTHBOUTH TO BROADWAY",BROADWAY,122.00,N,N,A,-,Y,,,,,,,,,,Y,2,0,1,1,A,-,03,22350,,N,F,A,A,A,H,-,A,D,0,,,Y,,Y,,C,02,1,0,0,0,0,0,0,0,1,"- ","- ",33.768280029296875,-117.86965942382812,ORANGE,"SANTA ANA",-117.86965942382812,33.768280029296875
91799635,2022,2022-06-21,9675,2022-06-14,1040,018039,,2,1,9,3000,0,2,4,,2,034,"SANTIAGO CANYON ROAD (SOUTHBOUND)","HAUL ROAD O/C",5816.00,N,N,A,-,Y,,,,,,,,,,N,2,0,1,1,A,-,03,22350,,N,E,I,A,A,H,-,A,D,0,,,Y,,Y,,C,03,1,0,0,0,0,0,0,0,1,"- ","- ",33.768619537353516,-117.71894073486328,ORANGE,UNINCORPORATED,,
91801619,2022,2022-06-23,9675,2022-06-02,0237,021914,,4,3,6,3026,0,1,1,,2,405,"I-405 SOUTHBOUND","RED HILL AVENUE",1500.00,S,N,A,-,Y,ORA,,405,,,8.146,H,,L,Y,4,0,1,2,A,-,03,22350,,F,C,C,A,A,H,-,C,D,0,,,Y,,Y,,A,01,0,0,1,0,0,0,0,0,1,"- ","- ",33.684928894042969,-117.862548828125,ORANGE,IRVINE,-117.86251068115234,33.684993743896484
91802087,2022,2022-06-23,9670,2022-06-20,1650,022737,,1,2,7,3001,0,1,1,,2,052,"I-5 N/B (SANTA ANA FREEWAY)","HARBOR BLVD",600.00,S,N,A,-,Y,ORA,,5,,,37.282,H,,R,Y,2,0,1,2,A,-,03,22350,,N,C,C,A,A,H,-,A,D,0,,,Y,,Y,,C,02,1,0,0,0,0,0,0,0,1,"- ","- ",33.814350128173828,-117.9140625,ORANGE,ANAHEIM,-117.91400909423828,33.814388275146484
91802588,2022,2022-06-24,9670,2022-05-12,1047,017641,,4,1,9,3000,0,3,5,,2,005,"JACKSON STREET (15000 BLOCK)","ELMORE WAY",317.00,S,N,A,-,N,,,,,,,,,,N,2,0,1,3,A,-,09,21806,A,N,B,C,A,A,H,-,A,D,0,,,Y,,Y,,A,01,1,0,0,0,0,0,0,0,1,"- ","- ",33.740249633789062,-117.98755645751953,ORANGE,UNINCORPORATED,,
91802611,2022,2022-06-24,9690,2022-06-12,0220,021894,,7,3,5,3028,0,1,1,,2,055,"I-5 N/B (SAN DIEGO FRWY)","CROWN VALLEY PARKWAY",2640.00,N,N,A,-,Y,ORA,,5,,,14.224,H,,R,Y,3,0,1,1,A,-,03,22350,,N,F,A,A,A,D,-,D,D,0,,,Y,,Y,,C,02,0,1,0,0,0,0,0,0,1,"- ","- ",33.565708160400391,-117.67218780517578,ORANGE,"MISSION VIEJO",-117.67221069335938,33.565711975097656
91804418,2022,2022-06-27,9675,2022-06-15,0815,019320,,3,1,6,3015,0,1,3,,2,222,"SR-22 EASTBOUND","BRISTOL ST.",500.00,W,N,A,-,Y,ORA,,22,,R,9.906,H,,R,N,4,0,1,3,A,-,08,22107,,N,B,C,A,A,H,-,A,D,0,,,Y,,Y,,C,02,0,0,1,0,0,0,0,0,1,"- ","- ",33.778888702392578,-117.88622283935547,ORANGE,ORANGE,-117.88622283935547,33.778915405273438
91806731,2022,2022-06-30,9690,2022-06-18,1555,020182,,6,2,9,3000,0,2,4,,2,037,"LIVE OAK CANYON ROAD","HAMILTON TRAIL",60.00,E,N,A,-,N,,,,,,,,,,N,4,0,1,1,A,-,08,22107,,N,F,A,A,A,H,-,A,D,0,,,Y,,Y,,C,02,0,0,1,0,0,0,0,0,1,"- ","- ",33.683059692382812,-117.60353088378906,ORANGE,UNINCORPORATED,-117.60353851318359,33.683063507080078
91806823,2022,2022-06-30,9690,2022-06-23,2035,020038,,4,2,9,3000,0,1,3,,1,074,"SR-74 (ORTEGA HWY)","REATA RD",1056.00,W,N,A,-,Y,ORA,,74,,,1.918,H,,R,N,2,0,1,1,A,-,03,22350,,N,F,A,A,A,H,-,D,D,0,,,Y,,Y,,C,03,1,0,0,0,0,0,0,0,1,"- ","- ",33.516578674316406,-117.63043975830078,ORANGE,UNINCORPORATED,-117.63040924072266,33.516551971435547
91806870,2022,2022-06-30,9690,2022-06-26,1655,018733,,7,2,4,3018,0,1,1,,2,057,"I-5 N/B (SAN DIEGO FRWY)","CAMINO LAS RAMBLAS",200.00,N,N,A,-,Y,ORA,,5,,,6.849,H,,R,N,3,0,1,2,A,-,03,22350,,N,C,C,A,A,H,-,A,D,0,,,Y,,Y,,C,02,0,1,0,0,0,0,0,0,1,"- ","- ",33.46759033203125,-117.67086029052734,ORANGE,"SAN JUAN CAPISTRANO",-117.67085266113281,33.467597961425781
91806958,2022,2022-06-30,9675,2022-06-20,1005,017993,,1,1,7,3001,0,1,3,,2,094,"SR-91 WESTBOUND","IMPERIAL HIGHWAY",3050.00,E,N,A,-,Y,ORA,,91,,R,12.133,H,,L,Y,2,0,1,2,A,-,03,22350,,N,C,C,A,A,H,-,A,D,0,,,Y,,Y,,C,02,1,0,0,0,0,0,0,0,1,"- ","- ",33.858570098876953,-117.78137969970703,ORANGE,ANAHEIM,-117.78135681152344,33.858535766601562
91809211,2022,2022-07-01,9675,2022-06-24,1550,020031,,5,2,6,3004,0,1,3,,2,053,"SR-55 NORTHBOUND","MACARTHUR BLVD.",810.00,S,N,A,-,Y,ORA,,55,,R,6.819,H,,R,N,4,0,1,2,A,-,08,22107,,N,B,C,A,A,H,-,A,D,0,,,Y,,Y,,A,01,0,0,1,0,0,0,0,0,1,"- ","- ",33.696678161621094,-117.86318206787109,ORANGE,"COSTA MESA",-117.86325073242188,33.696731567382812
91810096,2022,2022-07-05,9690,2022-06-25,1530,019925,,6,2,4,3018,0,1,1,,2,057,"I-5 N/B (SAN DIEGO FREEWAY)","CAMINO LAS RAMBLAS",393.00,N,N,A,-,Y,ORA,,5,,,6.866,H,,R,N,3,0,1,2,A,-,03,22350,,N,C,C,A,A,H,-,A,D,0,,,Y,,Y,,C,02,0,1,0,0,0,0,0,0,1,"- ","- ",33.467681884765625,-117.671142578125,ORANGE,"SAN JUAN CAPISTRANO",-117.67111206054688,33.467723846435547
91810457,2022,2022-07-05,9675,2022-06-25,1015,019979,,6,1,9,3000,0,2,4,,2,035,"SILVERADO CANYON ROAD","RANCHO WAY",1000.00,W,N,A,-,N,,,,,,,,,,N,3,0,1,2,A,-,08,22107,,M,E,I,A,A,H,-,A,D,0,,,Y,,Y,,-,99,0,1,0,0,0,0,0,0,1,"- ","- ",33.746849060058594,-117.63117980957031,ORANGE,UNINCORPORATED,-117.63166809082031,33.747035980224609
91811224,2022,2022-07-06,9670,2022-06-27,1420,022519,,1,2,7,3001,0,1,1,,2,050,"I-5 N/B","ARTESIA BLVD",2000.00,S,N,A,-,Y,ORA,,5,,,43.825,H,,R,N,2,0,1,2,D,-,00,,,N,B,C,A,A,H,-,A,D,0,,,Y,,Y,,-,"- ",1,0,0,0,0,0,0,0,1,"- ","- ",33.869560241699219,-118.00395202636719,ORANGE,ANAHEIM,-118.00387573242188,33.869659423828125
91811249,2022,2022-07-06,9675,2022-06-26,1530,021834,,7,2,9,3000,0,2,4,,2,034,"SANTIAGO CANYON ROAD","HAUL ROAD",3696.00,N,N,A,-,N,,,,,,,,,,N,4,0,1,2,A,-,06,21755,,F,B,C,A,A,H,-,A,D,0,,,Y,,Y,,-,99,0,0,1,0,0,0,0,0,1,"- ","- ",33.768459320068359,-117.72167205810547,ORANGE,UNINCORPORATED,,
91811514,2022,2022-07-06,9675,2022-06-26,1255,020131,,7,1,9,3000,0,2,4,,2,034,"SANTIAGO CANYON ROAD","IRVINE LAKE",2000.00,S,N,A,-,N,,,,,,,,,,N,3,0,2,2,A,-,08,22105,,N,D,C,A,A,H,-,A,D,0,,,Y,,Y,,C,02,0,2,0,0,0,0,0,0,2,"- ","- ",33.764629364013672,-117.71402740478516,ORANGE,UNINCORPORATED,,
91812167,2022,2022-07-07,9675,2022-06-29,0900,017773,,3,1,6,3026,0,1,1,,2,530,"I-5 S/B","JEFFREY RD",2112.00,N,N,A,-,Y,ORA,,5,,R,25.369,H,,R,Y,3,0,1,2,A,-,07,21658,A,N,B,C,A,A,H,-,A,D,0,,,Y,,Y,,A,07,0,1,0,0,0,0,0,0,1,"- ","- ",33.694839477539062,-117.77144622802734,ORANGE,IRVINE,-117.77140808105469,33.694858551025391
91812670,2022,2022-08-16,9675,2022-06-28,1910,019018,,2,2,9,3000,0,2,4,,2,034,"SANTIAGON CANYON ROAD S/B","HUAL ROAD",1500.00,S,N,A,-,N,,,,,,,,,,Y,2,0,1,1,A,-,06,21750,A,N,F,A,A,A,A,-,B,D,0,,,Y,,Y,,C,02,1,0,0,0,0,0,0,0,1,"- ","- ",33.761608123779297,-117.70738220214844,ORANGE,UNINCORPORATED,,
91813898,2022,2022-07-11,9675,2022-06-30,1434,021633,,4,2,7,3001,0,1,3,,2,095,"STATE ROUTE 91 EASTBOUND","COAL CANYON ROAD",1500.00,E,N,A,-,Y,ORA,,91,,R,18.207,H,,R,N,3,0,1,2,A,-,03,22350,,N,C,C,A,A,H,-,A,D,0,,,Y,,Y,,C,02,0,1,0,0,0,0,0,0,1,"- ","- ",33.870071411132812,-117.68325042724609,ORANGE,ANAHEIM,-117.68316650390625,33.870220184326172
91813920,2022,2022-07-11,9690,2022-07-02,1540,020364,,6,2,9,3000,0,2,4,,2,037,"TRABUCO CANYON ROAD","ROSE CANYON ROAD",270.00,W,N,A,-,N,,,,,,,,,,Y,2,0,1,1,A,-,01,23152,A,N,E,I,A,A,H,-,A,D,0,,,Y,,Y,Y,C,02,1,0,0,0,0,0,0,0,1,"- ","- ",33.659641265869141,-117.58792877197266,ORANGE,UNINCORPORATED,-117.58786010742188,33.659599304199219
91815044,2022,2022-07-12,9675,2022-06-30,1725,019599,,4,2,7,3019,0,1,3,,2,552,"SR-55 SOUTHBOUND","MCARTHUR BLVD.",2112.00,N,N,A,-,Y,ORA,,55,,R,7.357,H,,L,Y,4,0,1,3,A,-,07,21658,A,F,B,C,A,A,H,-,A,D,0,,,Y,,Y,,-,99,0,0,1,0,0,0,0,0,1,"- ","- ",33.70294189453125,-117.85762786865234,ORANGE,"SANTA ANA",-117.85757446289062,33.702899932861328
91815231,2022,2022-07-12,9690,2022-07-09,0910,020236,,6,1,4,3018,0,1,3,,1,074,"SR-74 (ORTEGA HIGHWAY) EASTBOUND","SAN JUAN CREEK BRIDGE",2100.00,E,N,A,-,Y,,,,,,,,,,N,2,0,1,1,A,-,06,21755,A,N,E,I,A,A,H,-,A,D,0,,,Y,,Y,,C,02,1,0,0,0,0,0,0,0,1,"- ","- ",33.484710693359375,-117.66857147216797,ORANGE,"SAN JUAN CAPISTRANO",,
91815440,2021,2022-07-12,9690,2021-09-06,1013,012712,,1,1,5,3017,0,1,1,,2,059,"I-5 NORTHBOUND (SAN DIEGO FRWY)","AVENIDA PRESIDIO",636.00,S,N,A,-,Y,,,5,,,,,,N,Y,1,1,0,3,A,-,04,21703,,N,C,C,A,A,H,-,A,D,0,,,Y,,Y,,A,07,0,0,0,0,0,0,0,1,0,"- ","- ",33.425498962402344,-117.60929870605469,ORANGE,"SAN CLEMENTE",-117.60934448242188,33.425468444824219
91815445,2022,2022-07-12,9675,2022-07-02,1225,019599,,6,1,6,3026,0,1,3,,2,130,"SR-133 NORTHBOUND","PORTOLA PKWY.",1056.00,N,N,A,-,Y,ORA,,133,,,12.775,H,,R,Y,3,0,1,1,A,-,08,22107,,N,F,A,A,A,H,-,A,D,0,,,Y,,Y,,C,02,0,1,0,0,0,0,0,0,1,"- ","- ",33.706409454345703,-117.72588348388672,ORANGE,IRVINE,-117.72588348388672,33.706413269042969
91815921,2022,2022-07-13,9670,2022-07-11,0938,020325,,1,1,5,3024,0,1,1,,2,043,"I-405 S/B FROM WESTMINSTER BLVD.","WESTMINSTER BLVD.",528.00,S,N,B,-,Y,ORA,,405,,,19.009,H,,L,N,2,0,1,2,A,-,03,22350,,N,C,C,A,A,H,-,A,D,0,,,Y,Y,Y,Y,C,02,1,0,0,0,0,0,0,0,1,"- ","- ",33.757450103759766,-118.02036285400391,ORANGE,WESTMINSTER,-118.02032470703125,33.757480621337891
91816226,2022,2022-07-13,9675,2022-07-02,1840,021397,,6,2,6,3015,0,1,3,,2,222,"SR-22 EASTBOUND TO THE CITY DRIVE","THE CITY DRIVE",510.00,W,N,A,-,Y,,,,,,,,,,Y,3,0,1,1,A,-,03,22350,,N,F,I,A,A,H,-,A,D,0,,,Y,,Y,,C,02,0,1,0,0,0,0,0,0,1,"- ","- ",33.778560638427734,-117.890869140625,ORANGE,ORANGE,-117.890869140625,33.778560638427734
91816939,2022,2022-07-14,9675,2022-07-03,1444,021694,,7,2,7,3019,0,1,3,,2,551,"SR-55 NORTHBOUND TO I-5 SOUTHBOUND",I-5,350.00,S,N,A,-,Y,,,,,,,,,,N,2,0,1,1,A,-,03,22350,,N,F,A,A,A,H,-,A,D,0,,,Y,,Y,,C,02,1,0,0,0,0,0,0,0,1,"- ","- ",33.739341735839844,-117.83335876464844,ORANGE,"SANTA ANA",-117.83373260498047,33.740150451660156
91817800,2022,2022-07-15,9670,2022-07-14,0828,017641,,4,1,6,3009,0,1,3,,2,024,"SR-22 E/B (GARDEN GROVE FREEWAY)","EUCLID ST.",20.00,W,N,A,-,Y,ORA,,22,,R,6.818,H,,R,N,2,0,1,2,A,-,07,21658,A,N,B,C,A,A,H,-,A,D,0,,,Y,,Y,,C,02,1,0,0,0,0,0,0,0,1,"- ","- ",33.765911102294922,-117.93788909912109,ORANGE,"GARDEN GROVE",-117.93788909912109,33.765949249267578
91817814,2022,2022-07-15,9675,2022-07-03,2145,021983,,7,2,6,3015,0,1,3,,2,222,"SR-22 EASTBOUND TO I-5 NORTHBOUND",I-5,1300.00,E,N,A,-,Y,ORA,,22,,R,10.736,H,,L,Y,3,0,1,1,A,-,08,22107,,N,F,A,A,A,H,-,C,D,0,,,Y,,Y,,C,02,0,1,0,0,0,0,0,0,1,"- ","- ",33.778568267822266,-117.87178039550781,ORANGE,ORANGE,-117.87179565429688,33.77838134765625
91818338,2022,2022-07-15,9675,2022-07-07,2002,021633,,4,2,7,3019,0,1,3,,2,551,"SR-55 S/B TO I-5 S/B","4TH ST.",25.00,N,N,A,-,Y,ORA,,55,,,10.992,H,,L,Y,3,0,1,2,A,-,07,21658,A,N,B,C,A,A,H,-,B,D,0,,,Y,,Y,,C,02,0,1,0,0,0,0,0,0,1,"- ","- ",33.748428344726562,-117.83254241943359,ORANGE,"SANTA ANA",-117.83234405517578,33.748401641845703
91818423,2022,2022-07-15,9675,2022-07-14,1728,019938,,4,2,7,3019,0,1,1,,2,502,"I-5 NORTHBOUND","LINCOLN AVENUE",25.00,N,N,A,-,Y,,,,,,,,,,Y,4,0,1,2,A,-,07,21658,A,N,C,C,A,A,H,-,A,D,0,,,Y,,Y,,C,02,0,0,1,0,0,0,0,0,1,"- ","- ",33.452510833740234,-117.51229858398438,ORANGE,"SANTA ANA",-117.85623168945312,33.757015228271484
91820318,2022,2022-07-19,9675,2022-05-07,1900,021377,,6,2,7,3001,0,1,3,,2,193,"SR-91 WESTBOUND TO SR-55 SOUTHBOUND","LAKEVIEW AVE",2640.00,W,N,A,-,Y,ORA,,91,,R,9.457,H,,L,Y,2,0,1,2,A,-,03,22350,,M,E,I,A,A,H,-,A,D,0,,,Y,,Y,,C,02,1,0,0,0,0,0,0,0,1,"- ","- ",33.845619201660156,-117.82286834716797,ORANGE,ANAHEIM,-117.82292938232422,33.845748901367188
91821453,2022,2022-07-20,9690,2022-07-15,1710,019925,,5,2,4,3029,0,1,1,,2,058,"I-5 N/B (SAN DIEGO FREEWAY)","VIA CALIFORNIA",150.00,S,N,A,-,Y,ORA,,5,,,6.583,H,,R,N,3,0,1,3,A,-,03,22350,,N,C,C,A,A,H,-,A,D,0,,,Y,,Y,,C,02,0,1,0,0,0,0,0,0,1,"- ","- ",33.465438842773438,-117.66703796386719,ORANGE,"DANA POINT",-117.66700744628906,33.465473175048828
91821459,2022,2022-07-20,9690,2022-07-16,1215,020066,,6,1,4,3018,0,1,1,,2,057,"I-5 N/B","STONEHILL DRIVE",600.00,N,N,A,-,Y,ORA,,5,,,7.957,H,,R,N,3,0,1,2,A,-,07,21658,A,F,F,A,A,A,H,-,A,D,0,,,Y,,Y,,-,99,0,1,0,0,0,0,0,0,1,"- ","- ",33.481391906738281,-117.66998291015625,ORANGE,"SAN JUAN CAPISTRANO",-117.66991424560547,33.481349945068359
91821615,2022,2022-07-20,9675,2022-07-10,1928,020544,,7,2,6,3026,0,1,1,,2,406,"I-405 SOUTHBOUND FROM JAMBOREE RD","JAMBOREE RD",140.00,S,N,A,-,Y,,,,,,,,,,Y,2,0,1,1,A,-,03,22350,,N,F,A,A,A,H,-,B,D,0,,,Y,,Y,,C,02,1,0,0,0,0,0,0,0,1,"- ","- ",33.676139831542969,-117.84329986572266,ORANGE,IRVINE,-117.84329986572266,33.676139831542969
91822185,2022,2022-07-21,9675,2022-07-17,1723,021691,,7,2,6,3004,0,1,3,,2,553,"SR-55 NORTHBOUND TO I-405 SOUTHBOUND","PAULARINO AVE",2900.00,N,N,A,-,Y,ORA,,405,,,8.587,H,,L,Y,2,0,1,1,A,-,01,23152,A,N,E,I,A,A,H,-,A,D,0,,,Y,,Y,Y,C,02,1,0,0,0,0,0,0,0,1,"- ","- ",33.686939239501953,-117.86958312988281,ORANGE,"COSTA MESA",-117.86955261230469,33.687149047851562
91822344,2022,2022-07-21,9675,2022-07-12,0810,017998,,2,1,6,3026,0,1,1,,2,406,"I-405 NORTHBOUND","JAMBOREE RD",1500.00,S,N,B,-,Y,ORA,,405,,,6.615,H,,R,Y,3,0,1,2,A,-,03,22350,,N,C,C,A,A,H,-,A,D,0,,,Y,,Y,,C,02,0,1,0,0,0,0,0,0,1,"- ","- ",33.675098419189453,-117.83876037597656,ORANGE,IRVINE,-117.83878326416016,33.675052642822266
91824549,2022,2022-07-25,9675,2022-07-13,2145,022046,,3,2,6,3015,0,1,3,,2,550,"SR-55 NORTHBOUND FROM CHAPMAN AVENUE","CHAPMAN AVENUE",20.00,N,N,A,-,Y,,,,,,,,,,Y,3,0,1,1,A,-,03,22350,,N,F,I,A,A,H,-,C,A,0,,,Y,,Y,,C,02,0,1,0,0,0,0,0,0,1,"- ","- ",33.788089752197266,-117.8297119140625,ORANGE,ORANGE,-117.8297119140625,33.788089752197266
91824589,2022,2022-07-25,9675,2022-07-14,1723,020031,,4,2,6,3015,0,1,3,,2,222,"SR-22 EASTBOUND","LEWIS STREET",20.00,E,N,A,-,Y,ORA,,22,,R,9.423,H,,R,N,3,0,1,2,A,-,07,21658,A,F,F,A,A,A,H,-,A,D,0,,,Y,,Y,,-,99,0,1,0,0,0,0,0,0,1,"- ","- ",33.778469085693359,-117.896240234375,ORANGE,ORANGE,-117.896240234375,33.778461456298828
91825212,2022,2022-07-26,9675,2022-07-15,1507,021377,,5,2,7,3001,0,1,3,,2,553,"SR-55 S/B TO I-405 N/B",I-405,100.00,N,N,A,-,Y,,,,,,,,,,Y,3,0,1,1,A,-,03,22350,,N,F,A,A,A,H,-,A,D,0,,,Y,,Y,,C,02,0,1,0,0,0,0,0,0,1,"- ","- ",33.687969207763672,-117.87420654296875,ORANGE,ANAHEIM,-117.87205505371094,33.687633514404297
91826251,2022,2022-07-27,9675,2022-07-17,1200,020027,,7,1,7,3019,0,1,3,,2,551,"SR-55 SOUTHBOUND","SANTA CLARA AVE",500.00,S,N,A,-,Y,ORA,,55,,,12.085,H,,L,Y,3,0,1,1,A,-,03,22350,,N,F,A,A,A,H,-,A,D,0,,,Y,,Y,,C,02,0,1,0,0,0,0,0,0,1,"- ","- ",33.764179229736328,-117.83100128173828,ORANGE,"SANTA ANA",-117.83116912841797,33.764179229736328
91827010,2022,2022-07-28,9675,2022-07-19,0700,020018,,2,1,5,3022,0,1,1,,2,530,"I-5 SOUTHBOUND","RED HILL AVENUE",2006.00,S,N,A,-,Y,ORA,,5,,R,28.704,H,,L,Y,3,0,1,3,A,-,07,21658,A,N,B,C,A,A,H,-,A,D,0,,,Y,,Y,,A,01,0,1,0,0,0,0,0,0,1,"- ","- ",33.729740142822266,-117.81006622314453,ORANGE,TUSTIN,-117.81012725830078,33.729679107666016
91827114,2022,2022-07-28,9670,2022-07-28,0740,017641,,4,1,4,3020,0,1,1,,2,440,"I-405 N/B (SAN DIEGO FREEWAY)","SEAL BEACH BLVD.",1056.00,N,N,B,-,Y,ORA,,405,,,23.256,H,,R,N,2,0,1,1,C,-,18,,,N,F,A,A,A,D,E,A,A,0,,,Y,,Y,,-,"- ",1,0,0,0,0,0,0,0,1,"- ","- ",33.774810791015625,-118.08529663085938,ORANGE,"SEAL BEACH",-118.08531188964844,33.774749755859375
91827231,2022,2022-07-28,9675,2022-07-17,1300,019394,,7,1,7,3001,0,1,3,,2,094,"SR-91 WESTBOUND","IMPERIAL HWY.",2550.00,W,N,A,-,Y,ORA,,91,,R,11.087,H,,L,N,4,0,1,2,A,-,07,21658,A,N,B,C,A,A,H,-,A,D,0,,,Y,,Y,,A,01,0,0,1,0,0,0,0,0,1,"- ","- ",33.854408264160156,-117.79911041259766,ORANGE,ANAHEIM,-117.79911041259766,33.854496002197266
91829037,2022,2022-07-29,9675,2022-07-25,1606,020031,,1,2,7,3001,0,1,3,,2,572,"SR-57 SOUTHBOUND","ORANGEWOOD AVE.",340.00,N,N,A,-,Y,ORA,,57,,,11.892,H,,L,Y,4,0,1,2,A,-,03,22350,,N,C,C,A,A,H,-,A,D,0,,,Y,,Y,,C,02,0,0,1,0,0,0,0,0,1,"- ","- ",33.796829223632812,-117.87770080566406,ORANGE,ANAHEIM,-117.87776947021484,33.796836853027344
91829934,2022,2022-08-01,9670,2022-07-22,1910,022493,,5,2,5,3007,0,1,1,,2,041,"I-405 S/B (SAN DIEGO FREEWAY) FROM ELLIS AVE.","ELLIS AVE",335.00,N,N,A,-,Y,,,,,,,,,,N,3,0,1,2,A,-,08,22107,,N,B,C,A,A,H,-,B,D,0,,,Y,,Y,,C,03,0,1,0,0,0,0,0,0,1,"- ","- ",33.695350646972656,-117.93726348876953,ORANGE,"FOUNTAIN VALLEY",-117.93726348876953,33.695350646972656
91831532,2022,2022-08-02,9675,2022-07-24,1400,021691,,7,2,6,3004,0,1,3,,2,553,"SR-55 SOUTHBOUND","MESA DRIVE",2200.00,N,N,A,-,Y,ORA,,55,,R,4.455,H,,L,N,3,0,1,2,A,-,03,22350,,N,C,C,A,A,H,-,A,D,0,,,Y,,Y,,C,02,0,1,0,0,0,0,0,0,1,"- ","- ",33.670799255371094,-117.88993072509766,ORANGE,"COSTA MESA",-117.88983154296875,33.670711517333984
91832843,2022,2022-08-04,9670,2022-08-02,1730,017022,,2,2,4,3020,0,1,1,,2,440,"I-405 N/B (SAN DIEGO FREEWAY)","7TH STREET/SR-22 W/B",200.00,N,N,A,-,Y,ORA,,405,,,23.334,H,,R,N,3,0,1,2,A,-,07,21658,A,N,B,C,A,A,D,E,A,D,0,,,Y,,Y,,A,07,0,1,0,0,0,0,0,0,1,"- ","- ",33.775260925292969,-118.08653259277344,ORANGE,"SEAL BEACH",-118.08653259277344,33.775253295898438
91833309,2022,2022-08-04,9675,2022-07-27,1736,019779,,3,2,5,3022,0,1,3,,2,551,"SR-55 NORTHBOUND","FAIRHAVEN AVE",665.00,S,N,A,-,Y,ORA,,55,,,12.577,H,,R,N,3,0,1,2,A,-,07,21658,A,F,C,C,A,A,H,-,A,D,0,,,Y,,Y,,-,99,0,1,0,0,0,0,0,0,1,"- ","- ",33.771381378173828,-117.830810546875,ORANGE,TUSTIN,-117.83083343505859,33.771381378173828
91833963,2022,2022-08-05,9670,2022-07-28,1800,019304,,4,2,6,3009,0,1,3,,2,022,"SR-22 E/B","EUCLID ST",600.00,W,N,A,-,Y,ORA,,22,,R,6.555,H,,R,Y,2,0,1,5,A,-,08,22107,,N,B,C,A,A,H,-,A,D,0,,,Y,,Y,,A,07,1,0,0,0,0,0,0,0,1,"- ","- ",33.765918731689453,-117.94251251220703,ORANGE,"GARDEN GROVE",-117.94251251220703,33.765911102294922
91834200,2022,2022-08-05,9670,2022-08-03,1719,020175,,3,2,6,3009,0,1,3,,2,021,"SR-22 W/B","VALLEY VIEW ST.",0.00,,N,A,-,Y,ORA,,22,,R,1.624,H,,L,N,4,0,1,2,A,-,07,21658,A,N,C,C,A,A,H,-,A,D,0,,,Y,,Y,,A,01,0,0,1,0,0,0,0,0,1,"- ","- ",33.774539947509766,-118.02549743652344,ORANGE,"GARDEN GROVE",-118.02549743652344,33.774394989013672
91834977,2022,2022-08-08,9675,2022-07-27,0700,018039,,3,1,6,3015,0,1,1,,2,520,"I-5 SOUTHBOUND","CHAPMAN AVENUE",540.00,S,N,A,-,Y,ORA,,5,,,34.887,H,,L,N,3,0,1,2,A,-,08,22107,,N,B,C,A,A,H,-,A,D,0,,,Y,,Y,,A,01,0,1,0,0,0,0,0,0,1,"- ","- ",33.788219451904297,-117.88645172119141,ORANGE,ORANGE,-117.88652801513672,33.788166046142578
91835081,2022,2022-08-08,9675,2022-07-28,1803,021076,,4,2,6,3026,0,1,1,,2,407,"I-405 SOUTHBOUND","SAND CANYON AVE",850.00,N,N,A,-,Y,ORA,,405,,,2.988,H,,L,N,3,0,1,3,A,-,01,23152,A,N,B,C,A,A,H,-,A,D,0,,,Y,,Y,Y,C,02,0,1,0,0,0,0,0,0,1,"- ","- ",33.65850830078125,-117.77967834472656,ORANGE,IRVINE,-117.77967071533203,33.658519744873047
91836909,2022,2022-08-10,9675,2022-07-30,1150,020027,,6,1,7,3001,0,1,3,,2,194,"SR-91 WESTBOUND","WEIR CANYON RD.",3700.00,W,N,A,-,Y,ORA,,91,,R,13.757,H,,L,Y,3,0,1,2,A,-,03,22350,,N,B,C,A,A,H,-,A,D,0,,,Y,,Y,,A,01,0,1,0,0,0,0,0,0,1,"- ","- ",33.86907958984375,-117.75636291503906,ORANGE,ANAHEIM,-117.75637817382812,33.869243621826172
91836930,2022,2022-08-10,9675,2022-07-31,0020,022074,,7,3,7,3001,0,1,3,,2,571,"SR-57 NORTHBOUND","SR-91 EASTBOUND",700.00,S,N,A,-,Y,ORA,,57,,,15.274,H,,R,Y,3,0,1,2,C,-,18,,,M,G,C,A,A,H,-,C,D,0,,,Y,,Y,,-,"- ",0,1,0,0,0,0,0,0,0,"- ","- ",33.845169067382812,-117.87593841552734,ORANGE,ANAHEIM,-117.87593841552734,33.845169067382812
91837267,2022,2022-08-10,9670,2022-07-29,1105,021282,,5,1,4,3020,0,1,1,,2,044,"INTERSTATE 405 (SAN DIEGO FREEWAY)","SEAL BEACH BOULEVARD",1584.00,S,N,A,-,Y,,,,,,,,,,N,2,0,1,2,A,-,07,21658,A,N,B,C,A,A,H,-,A,D,0,,,Y,,Y,,A,08,1,0,0,0,0,0,0,0,1,"- ","- ",33.770740509033203,-118.00685119628906,ORANGE,"SEAL BEACH",-118.07473754882812,33.774261474609375
91837354,2022,2022-08-10,9675,2022-08-04,1809,018985,,4,2,6,3004,0,1,1,,2,405,"I-405 N/B","BEAR ST.",300.00,N,N,B,-,Y,ORA,,405,,,9.959,H,,R,N,3,0,1,2,A,-,03,22350,,N,F,A,A,A,H,-,A,D,0,,,Y,,Y,,C,02,0,1,0,0,0,0,0,0,1,"- ","- ",33.687549591064453,-117.89328765869141,ORANGE,"COSTA MESA",-117.89328765869141,33.687583923339844
91837389,2022,2022-08-10,9675,2022-08-05,1032,018027,,5,1,7,3001,0,1,3,,2,095,"SR-91 EASTBOUND","GYPSUM CANYON ROAD",500.00,W,N,A,-,Y,,,,,,,,,,Y,2,0,1,1,A,-,03,22350,,N,F,A,A,A,H,-,A,D,0,,,Y,,Y,,C,02,1,0,0,0,0,0,0,0,1,"- ","- ",33.868328094482422,-117.75675201416016,ORANGE,ANAHEIM,-117.75679016113281,33.868785858154297
91837843,2022,2022-08-11,9675,2022-07-30,0001,022046,,6,3,7,3019,0,1,3,,2,222,"SR-22 EASTBOUND","MAIN ST.",500.00,E,N,A,-,Y,ORA,,22,,R,11.050,H,,R,Y,3,0,1,3,A,-,03,22350,,N,B,C,A,A,H,-,C,D,0,,,Y,,Y,,A,01,0,1,0,0,0,0,0,0,1,"- ","- ",33.778160095214844,-117.86634063720703,ORANGE,"SANTA ANA",-117.86634063720703,33.778186798095703
91837901,2022,2022-08-11,9675,2022-08-01,0852,019652,,1,1,5,3022,0,1,1,,2,503,"I-5 SOUTHBOUND","TUSTIN RANCH RD",1300.00,N,N,A,-,Y,ORA,,5,,R,28.641,H,,L,N,4,0,2,2,A,-,03,22350,,N,B,C,A,A,H,-,A,D,0,,,Y,,Y,,C,02,0,0,2,0,0,0,0,0,1,"- ","- ",33.729061126708984,-117.80931854248047,ORANGE,TUSTIN,-117.80928802490234,33.729095458984375
91838035,2022,2022-08-11,9675,2022-08-05,1630,019779,,5,2,6,3026,0,1,1,,2,530,"I-5 NORTHBOUND","CULVER DR",1636.00,N,N,A,-,Y,ORA,,5,,R,26.929,H,,R,N,2,0,1,2,A,-,08,22107,,N,B,C,A,A,H,-,A,D,0,,,Y,,Y,,C,02,1,0,0,0,0,0,0,0,1,"- ","- ",33.713489532470703,-117.78627777099609,ORANGE,IRVINE,-117.78620910644531,33.71356201171875
91838977,2022,2022-08-12,9675,2022-08-09,1725,019135,,2,2,6,3015,0,1,3,,2,072,"SR-57 SOUTHBOUND","CHAPMAN AVE",100.00,N,N,A,-,Y,ORA,,57,,,11.296,H,,L,Y,2,0,1,2,A,-,01,23152,A,N,C,C,A,A,H,-,A,D,0,,,Y,,Y,Y,C,02,1,0,0,0,0,0,0,0,1,"- ","- ",33.788539886474609,-117.88001251220703,ORANGE,ORANGE,-117.88011169433594,33.788539886474609
91840152,2022,2022-08-15,9690,2022-08-04,0910,020066,,4,1,4,3018,0,1,1,,2,057,"I-5 N/B","JUNIPERO SERRA ROAD",5280.00,N,N,A,-,Y,ORA,,5,,,11.696,H,,R,N,3,0,1,1,C,-,18,,,N,E,J,A,A,C,-,A,D,0,,,Y,,Y,,-,"- ",0,1,0,0,0,0,0,0,1,"- ","- ",33.529979705810547,-117.67266845703125,ORANGE,"SAN JUAN CAPISTRANO",-117.67283630371094,33.529853820800781
91840336,2022,2022-08-15,9690,2022-08-06,1450,020066,,6,2,9,3000,0,2,4,,2,035,"OSO PARKWAY E/B","ANTONIO PARKWAY",233.00,W,N,A,-,N,,,,,,,,,,N,3,0,3,3,A,-,03,22350,,N,C,C,A,A,H,-,A,A,0,,,Y,,Y,,A,01,0,3,0,0,0,0,0,0,0,"- ","- ",33.5836181640625,-117.63191223144531,ORANGE,UNINCORPORATED,-117.63156890869141,33.583572387695312
91841350,2022,2022-08-16,9670,2022-08-09,1850,022493,,2,2,7,3001,0,1,1,,2,500,"I-5 N/B (SANTA ANA FREEWAY)","MAGNOLIA ST",320.00,S,N,A,-,Y,ORA,,5,,,41.850,H,,R,N,3,0,1,1,A,-,08,22107,,N,F,I,A,A,H,-,A,D,0,,,Y,,Y,,C,02,0,1,0,0,0,0,0,0,1,"- ","- ",33.854698181152344,-117.97528076171875,ORANGE,ANAHEIM,-117.97536468505859,33.854621887207031
91842529,2022,2022-08-17,9670,2022-08-10,1442,022493,,3,2,6,3009,0,1,3,,2,124,"SR-22 E/B (GARDEN GROVE FREEWAY)","GARDEN GROVE BLVD",200.00,E,N,A,-,Y,,,,,,,,,,N,3,0,1,3,A,-,03,22350,,N,B,C,A,A,H,-,A,D,0,,,Y,,Y,,A,07,0,1,0,0,0,0,0,0,1,"- ","- ",33.774669647216797,-117.96553039550781,ORANGE,"GARDEN GROVE",-118.00545501708984,33.773418426513672
91842553,2022,2022-08-17,9675,2022-06-26,1705,021274,,7,2,9,3000,0,2,4,,2,034,"SANTIAGO CANYON ROAD N/B","LOMA RIDGE ROAD",140.00,N,N,A,-,N,,,,,,,,,,N,3,0,1,3,A,-,08,22107,,F,G,B,E,A,H,-,A,D,0,Y,,Y,,Y,Y,C,02,0,1,0,0,1,0,0,0,0,"- ","- ",33.772659301757812,-117.74131011962891,ORANGE,UNINCORPORATED,-117.74129486083984,33.772602081298828
91843291,2022,2022-08-18,9670,2022-08-12,0128,021900,,5,3,3,3013,0,1,1,,2,061,"I-605 S/B FROM WILLOW ST.","WILLOW ST",900.00,S,N,A,-,Y,ORA,,605,,R,1.221,H,,L,Y,4,0,1,1,A,-,03,22350,,N,F,A,A,A,H,-,C,D,0,,,Y,,Y,,C,02,0,0,1,0,0,0,0,0,1,"- ","- ",33.800449371337891,-118.08386993408203,ORANGE,"LOS ALAMITOS",-118.083740234375,33.800365447998047
91843480,2022,2022-08-18,9675,2022-08-10,1825,020544,,3,2,4,3002,0,1,3,,2,570,"SR-57 SOUTHBOUND TO LAMBERT RD","LAMBERT RD",16.00,N,N,A,-,Y,,,,,,,,,,N,3,0,1,1,A,-,03,22350,,N,F,A,A,A,H,-,A,D,0,,,Y,,Y,,C,02,0,1,0,0,0,0,0,0,1,"- ","- ",33.925460815429688,-117.88114166259766,ORANGE,BREA,-117.88114166259766,33.925460815429688
91844340,2022,2022-08-19,9675,2022-08-11,1345,021982,,4,1,7,3001,0,1,3,,2,095,"SR-91 EASTBOUND","COAL CANYON ROAD",2000.00,E,N,A,-,Y,ORA,,91,,R,13.664,H,,L,N,3,0,1,2,A,-,03,22350,,N,C,C,A,A,H,-,A,D,0,,,Y,,Y,,C,02,0,1,0,0,0,0,0,0,1,"- ","- ",33.869159698486328,-117.75795745849609,ORANGE,ANAHEIM,-117.75795745849609,33.869129180908203
91845783,2022,2022-08-22,9690,2022-08-14,1640,019925,,7,2,5,3017,0,1,1,,2,059,"I-5 N/B (SAN DIEGO FREEWAY)","CAMINO DE ESTRELLA",377.00,S,N,A,-,Y,ORA,,5,,,5.717,H,,R,N,3,0,1,2,D,-,00,,,N,F,C,A,A,H,-,A,D,0,,,Y,,Y,,-,"- ",0,1,0,0,0,0,0,0,1,"- ","- ",33.458198547363281,-117.65483093261719,ORANGE,"SAN CLEMENTE",-117.65481567382812,33.458221435546875
91845872,2022,2022-08-22,9690,2022-08-13,1854,020349,,6,2,4,3018,0,1,1,,2,057,"I-5 N/B","JUNIPERO SERRA RD",2500.00,N,N,A,-,Y,ORA,,5,,,11.842,H,,R,N,3,0,1,2,A,-,03,22350,,N,B,C,A,A,H,-,A,D,0,,,Y,,Y,,C,02,0,1,0,0,0,0,0,0,1,"- ","- ",33.531581878662109,-117.67418670654297,ORANGE,"SAN JUAN CAPISTRANO",-117.67422485351562,33.531566619873047
91846491,2022,2022-08-23,9670,2022-08-18,2300,021579,,4,3,7,3001,0,1,1,,2,503,"I-5 S/B","GENE AUTRY WAY",200.00,S,N,A,-,Y,,,,,,,,,,N,3,0,1,2,A,-,03,22350,,N,C,2,A,A,H,-,D,D,0,,,Y,,Y,,C,02,0,1,0,0,0,0,0,0,1,"- ","- ",33.475700378417969,-117.53543090820312,ORANGE,ANAHEIM,-117.89846801757812,33.799304962158203
91846502,2022,2022-08-23,9670,2022-08-19,1925,019304,,5,2,5,3024,0,1,1,,2,420,"I-405 N/B","EDWARDS ST",1320.00,S,N,A,-,Y,ORA,,405,,,18.283,H,,R,N,2,0,1,2,A,-,06,21755,A,N,B,C,A,A,D,E,B,D,0,,,Y,,Y,,C,02,1,0,0,0,0,0,0,0,1,"- ","- ",33.750091552734375,-118.01106262207031,ORANGE,WESTMINSTER,-118.01110076904297,33.750057220458984
91846534,2022,2022-08-23,9670,2022-08-21,1630,021459,,7,2,5,3024,0,1,1,,2,042,"I-405 N/B","WESTMINSTER BLVD",400.00,N,N,A,-,Y,ORA,,405,,,19.239,H,,R,Y,4,0,1,5,A,-,03,22350,,N,C,C,A,A,D,E,A,D,0,,,Y,,Y,,A,01,0,0,1,0,0,0,0,0,1,"- ","- ",33.759918212890625,-118.02292633056641,ORANGE,WESTMINSTER,-118.02289581298828,33.759952545166016
91848403,2022,2022-08-25,9670,2022-08-17,0735,014558,,3,1,6,3009,0,1,3,,2,122,"SR-22 E/B (GARDEN GROVE FREEWAY)","BROOKHURST STREET",500.00,E,N,A,-,Y,ORA,,22,,R,5.921,H,,R,N,4,0,1,2,A,-,03,22350,,N,C,A,A,A,H,-,A,A,0,,,Y,,Y,,C,02,0,0,1,0,0,0,0,0,1,"- ","- ",33.765830993652344,-117.95323181152344,ORANGE,"GARDEN GROVE",-117.95323181152344,33.765830993652344
91848433,2022,2022-09-19,9675,2022-08-25,0242,022103,,4,3,7,3001,0,1,3,,2,194,"STATE ROUTE 91 EASTBOUND","IMPERIAL HIGHWAY",7392.00,E,N,A,-,Y,ORA,,91,,R,12.711,H,,R,N,1,1,0,1,A,-,08,22107,,N,F,A,A,A,H,-,D,D,0,,,Y,,Y,,C,02,0,0,0,0,0,0,0,1,0,"- ","- ",33.862598419189453,-117.7725830078125,ORANGE,ANAHEIM,-117.77253723144531,33.862533569335938
91850402,2022,2022-08-26,9670,2022-08-10,1420,019290,,3,2,7,3001,0,1,3,,2,092,"SR-91 E/B TO I-5 S/B","MAGNOILA STREET",400.00,W,N,A,-,Y,,,,,,,,,,N,2,0,2,2,A,-,07,21658,A,N,B,C,A,A,H,-,A,D,0,,,Y,,Y,,C,02,1,1,0,0,0,0,0,0,2,"- ","- ",,,ORANGE,ANAHEIM,-117.97756958007812,33.856861114501953
91851511,2022,2022-08-29,9675,2022-08-16,0219,014424,,2,3,6,3026,0,1,1,,2,406,"I-405 SOUTHBOUND","UNIVERSITY DRIVE",1056.00,N,N,A,-,Y,,,,,,,,,,N,2,0,1,1,A,-,01,23152,A,N,F,A,A,A,H,-,C,D,0,,,Y,,Y,Y,C,02,1,0,0,0,0,0,0,0,1,"- ","- ",33.663658142089844,-117.79290008544922,ORANGE,IRVINE,-117.79299926757812,33.662994384765625
91852086,2022,2022-08-29,9690,2022-08-21,1020,020236,,7,1,9,3000,0,2,4,,2,037,"TRABUCO CANYON ROAD (EASTBOUND)","TRABUCO CREEK ROAD",130.00,E,N,A,-,N,,,,,,,,,,N,3,0,1,1,A,-,08,22107,,N,E,I,A,A,H,-,A,D,0,,,Y,,Y,,C,02,0,1,0,0,0,0,0,0,1,"- ","- ",33.658618927001953,-117.58547973632812,ORANGE,UNINCORPORATED,-117.58538818359375,33.658901214599609
91852518,2022,2022-08-30,9675,2022-08-17,1618,020699,,3,2,7,3001,0,1,3,,2,093,"SR-91 EASTBOUND","TUSTIN AVE.",1000.00,W,N,A,-,Y,ORA,,91,,,8.223,H,,R,N,4,0,1,2,A,-,07,21658,A,N,C,C,A,A,H,-,A,D,0,,,Y,,Y,,A,07,0,0,1,0,0,0,0,0,1,"- ","- ",33.851390838623047,-117.84101867675781,ORANGE,ANAHEIM,-117.84101867675781,33.851375579833984
91852803,2022,2022-08-30,9670,2022-03-27,0545,018664,,7,3,6,3009,0,1,3,,2,021,"STATE ROUTE 22 WESTBOUND (GARDEN GROVE FREEWAY)","DEODAR DRIVE PEDESTRIAN UNDERCROSSING",50.00,E,N,A,-,Y,ORA,,22,,R,5.192,H,,L,N,1,1,1,11,A,-,01,23152,,N,C,C,A,A,H,-,C,D,0,,,Y,,Y,Y,C,02,0,0,1,0,0,0,0,1,0,"- ","- ",33.766010284423828,-117.96614837646484,ORANGE,"GARDEN GROVE",-117.96614837646484,33.765903472900391
91853343,2022,2022-08-30,9675,2022-08-18,1755,018102,,4,2,6,3026,0,1,1,,2,503,"I-5 NORTHBOUND","YALE AVENUE",1200.00,S,N,A,-,Y,ORA,,5,,R,25.526,H,,R,N,3,0,1,4,A,-,07,21658,A,F,B,C,A,A,H,-,A,D,0,,,Y,,Y,,A,01,0,1,0,0,0,0,0,0,1,"- ","- ",33.696830749511719,-117.77268981933594,ORANGE,IRVINE,-117.77269744873047,33.696826934814453
91854059,2022,2022-08-31,9675,2022-08-19,1500,021694,,5,2,7,3001,0,1,3,,2,095,"SR-91 EASTBOUND","COAL CANYON ROAD",500.00,E,N,A,-,Y,ORA,,91,,R,18.059,H,,R,Y,3,0,1,2,A,-,03,22350,,N,C,C,A,A,H,-,A,D,0,,,Y,,Y,,C,02,0,1,0,0,0,0,0,0,1,"- ","- ",33.871189117431641,-117.68550872802734,ORANGE,ANAHEIM,-117.68552398681641,33.871166229248047
91854258,2022,2022-08-31,9670,2022-08-30,0725,022519,,2,1,6,3010,0,1,1,,2,043,"I-405 S/B","BEACH BLVD",3300.00,N,N,A,-,Y,ORA,,405,,,17.173,H,,L,N,4,0,1,2,A,-,07,21658,A,M,F,I,A,A,H,-,A,D,0,,,Y,,Y,,-,99,0,0,1,0,0,0,0,0,1,"- ","- ",33.738578796386719,-117.99761199951172,ORANGE,"HUNTINGTON BEACH",-117.99765014648438,33.738544464111328
91854626,2022,2022-08-31,9675,2022-08-20,1435,021691,,6,2,7,3019,0,1,3,,2,552,"SR-55 NORTHBOUND","MACARTHUR BLVD",1400.00,N,N,A,-,Y,ORA,,55,,R,7.269,H,,R,N,4,0,1,2,A,-,03,22350,,N,C,C,A,A,H,-,A,D,0,,,Y,,Y,,C,02,0,0,1,0,0,0,0,0,1,"- ","- ",33.701808929443359,-117.85838317871094,ORANGE,"SANTA ANA",-117.85833740234375,33.7017822265625
91855651,2022,2022-09-01,9690,2022-08-24,0640,014351,,3,1,4,3018,0,1,1,,2,057,"I-5 N/B (SAN DIEGO FRWY)","SAN JUAN CREEK ROAD",3168.00,S,N,B,-,Y,ORA,,5,,,8.162,H,,R,N,4,0,1,1,C,-,18,,,N,F,A,A,A,H,-,A,D,0,,,Y,,Y,,-,"- ",0,0,1,0,0,0,0,0,1,"- ","- ",33.483768463134766,-117.66792297363281,ORANGE,"SAN JUAN CAPISTRANO",-117.66785430908203,33.483730316162109
91856371,2022,2022-09-02,9675,2022-08-25,1645,021633,,4,2,7,3019,0,1,3,,2,222,"SR-22 EASTBOUND TO I-5 NORTHBOUND/ SR-57 NORTHBOUN","BRISTOL ST",3515.00,E,N,A,-,Y,,,,,,,,,,N,2,0,1,1,A,-,08,22107,,N,E,I,A,A,H,-,A,D,0,,,Y,,Y,,C,02,1,0,0,0,0,0,0,0,1,"- ","- ",33.778678894042969,-117.87175750732422,ORANGE,"SANTA ANA",-117.87175750732422,33.778678894042969
91856533,2022,2022-09-05,9675,2022-08-24,1420,021982,,3,2,7,3001,0,1,3,,2,195,"SR-91 EASTBOUND","WEIR CANYON RD",800.00,E,N,A,-,Y,ORA,,91,,R,14.527,H,,R,N,3,0,1,1,A,-,08,22107,,N,E,I,A,A,H,-,A,D,0,,,Y,,Y,,C,02,0,1,0,0,0,0,0,0,1,"- ","- ",33.870609283447266,-117.74317169189453,ORANGE,ANAHEIM,-117.74314117431641,33.870464324951172
91859286,2022,2022-09-07,9675,2022-08-27,1950,021982,,6,2,6,3015,0,1,3,,2,222,"SR-22 EASTBOUND TO SR-57 NORTHBOUND","LA VETA AVE",1000.00,W,N,A,-,Y,,,,,,,,,,N,3,0,1,2,A,-,08,22107,,N,B,C,A,A,H,-,C,D,0,,,Y,,Y,,-,"- ",0,1,0,0,0,0,0,0,1,"- ","- ",33.767810821533203,-117.8377685546875,ORANGE,ORANGE,-117.88714599609375,33.778770446777344
91860944,2022,2022-09-09,9675,2022-08-30,1741,020544,,2,2,6,3026,0,1,1,,2,503,"I-5 NORTHBOUND","YALE AVE",420.00,S,N,A,-,Y,ORA,,5,,R,25.740,H,,R,Y,4,0,1,2,A,-,07,21658,A,N,B,C,A,A,H,-,A,D,0,,,Y,,Y,,A,01,0,0,1,0,0,0,0,0,1,"- ","- ",33.699489593505859,-117.77452850341797,ORANGE,IRVINE,-117.77445983886719,33.699520111083984
91862233,2022,2022-09-12,9675,2022-09-01,0855,019979,,4,1,7,3001,0,1,3,,2,572,"SR-57 NORTHBOUND","KATELLA AVE.",100.00,N,N,A,-,Y,ORA,,57,,,12.688,H,,R,N,3,0,1,1,C,-,18,,,N,F,J,A,A,C,-,A,D,0,,,Y,,Y,,-,"- ",0,1,0,0,0,0,0,0,1,"- ","- ",33.808181762695312,-117.87960815429688,ORANGE,ANAHEIM,-117.87966156005859,33.808193206787109
91862792,2022,2022-09-13,9675,2022-09-01,1843,021377,,4,2,7,3001,0,1,3,,2,094,"SR-91 EASTBOUND","WEIR CYN RD",2640.00,W,N,B,-,Y,ORA,,91,,R,13.940,H,,R,Y,4,0,1,2,A,-,07,21658,A,N,B,C,A,A,H,-,A,D,0,,,Y,,Y,,A,01,0,0,1,0,0,0,0,0,1,"- ","- ",33.869110107421875,-117.75305938720703,ORANGE,ANAHEIM,-117.75305938720703,33.869113922119141
91864428,2022,2022-09-14,9670,2022-09-07,1115,016209,,3,1,7,3001,0,1,1,,2,502,"I-5 N/B (SANTA ANA FREEWAY)","EUCLID ST.",2112.00,S,N,A,-,Y,ORA,,5,,,39.048,H,,R,Y,2,0,1,6,A,-,03,22350,,F,C,C,A,A,H,-,A,D,0,,,Y,,Y,,A,01,1,0,0,0,0,0,0,0,1,"- ","- ",33.833541870117188,-117.93379211425781,ORANGE,ANAHEIM,-117.93376159667969,33.833576202392578
91864475,2022,2022-09-14,9670,2022-09-01,0650,018278,,4,1,7,3001,0,1,3,,2,094,"SR-91 E/B","RAYMOND AVE",1426.00,E,N,A,-,Y,ORA,,91,,,4.545,H,,R,N,2,0,1,3,A,-,03,22350,,F,C,C,A,A,H,-,A,D,0,,,Y,,Y,Y,C,02,1,0,0,0,0,0,0,0,1,"- ","- ",33.853771209716797,-117.90187835693359,ORANGE,ANAHEIM,-117.90187835693359,33.853778839111328
91865660,2022,2022-09-15,9675,2022-09-06,0917,020018,,2,1,6,3015,0,1,1,,2,520,"SR-55 SOUTHBOUND","COLLINS AVENUE",500.00,S,N,A,-,Y,ORA,,55,,,14.670,H,,L,Y,3,0,1,2,A,-,03,22350,,N,C,C,A,A,H,-,A,D,0,,,Y,,Y,,C,02,0,1,0,0,0,0,0,0,1,"- ","- ",33.801708221435547,-117.83162689208984,ORANGE,ORANGE,-117.83170318603516,33.801704406738281
91865916,2022,2022-09-16,9675,2022-09-06,1850,019779,,2,2,9,3000,0,3,5,,2,002,"CHAPMAN AVE","EARLHAM STREET",0.00,,Y,A,-,N,,,,,,,,,,N,4,0,1,2,A,-,09,21801,A,N,D,C,A,A,H,-,A,D,0,,,Y,,Y,,A,01,0,0,1,0,0,0,0,0,1,"- ","- ",33.787750244140625,-117.80792236328125,ORANGE,UNINCORPORATED,-117.80791473388672,33.787765502929688
91866285,2022,2022-09-16,9670,2022-09-05,2115,022455,,1,2,9,3000,0,3,5,,2,004,"MAGNOLIA AVE","KATELLA AVE",50.00,N,N,A,-,N,,,,,,,,,,N,4,0,1,2,A,-,07,21658,A,F,B,C,A,A,H,-,C,D,0,,,Y,,Y,,A,01,0,0,1,0,0,0,0,0,1,"- ","- ",33.803398132324219,-117.97561645507812,ORANGE,UNINCORPORATED,-117.97565460205078,33.803287506103516
91866296,2022,2022-09-16,9675,2022-09-04,0355,022283,,7,3,9,3000,0,1,3,,2,130,"SR-133 N/B TO SR-241 N/B","PORTOLA PKWY",1000.00,N,N,A,-,Y,ORA,,133,,,12.779,H,,R,Y,3,0,1,1,A,-,08,22107,,N,F,A,A,A,H,-,C,D,0,,,Y,,Y,,C,02,0,1,0,0,0,0,0,0,1,"- ","- ",33.706459045410156,-117.72586059570312,ORANGE,UNINCORPORATED,-117.72586059570312,33.706459045410156
91866326,2022,2022-09-16,9675,2022-09-07,0815,022993,,3,1,9,3000,0,2,4,,2,034,"SANTIAGO CANYON ROAD","SILVERADO CANYON ROAD",600.00,S,N,A,-,N,,,,,,,,,,N,3,0,1,1,A,-,03,22350,,N,F,A,A,A,H,-,A,D,0,,,Y,,Y,,C,02,0,1,0,0,0,0,0,0,1,"- ","- ",33.747970581054688,-117.67098236083984,ORANGE,UNINCORPORATED,-117.67497253417969,33.747837066650391
91866450,2022,2022-09-16,9670,2022-09-13,1540,019304,,2,2,6,3009,0,1,3,,2,124,"SR-22 E/B","PEARCE ST P/O",200.00,W,N,A,-,Y,ORA,,22,,R,8.228,H,,R,N,4,0,1,1,A,-,03,22350,,N,F,A,A,A,H,-,A,D,0,,,Y,,Y,,C,02,0,0,1,0,0,0,0,0,1,"- ","- ",33.770290374755859,-117.91295623779297,ORANGE,"GARDEN GROVE",-117.91297149658203,33.770313262939453
91867676,2022,2022-09-19,9690,2022-09-11,0401,020469,,7,3,5,3050,0,1,1,,2,055,"I-5 NORTHBOUND TO EL TORO RD","EL TORO RD",550.00,S,N,A,-,Y,,,,,,,,,,Y,3,0,1,1,A,-,08,22107,,N,E,I,A,A,D,-,C,D,0,,,Y,,Y,,C,02,0,1,0,0,0,0,0,0,1,"- ","- ",33.613731384277344,-117.70578765869141,ORANGE,"LAKE FOREST",-117.70578765869141,33.613731384277344
91868284,2022,2022-09-19,9675,2022-09-11,1520,021834,,7,2,7,3001,0,1,3,,2,095,"SR-91 EASTBOUND","COAL CANYON ROAD",2000.00,W,N,A,-,Y,ORA,,91,,R,17.288,H,,R,Y,3,0,1,2,A,-,03,22350,,M,C,C,A,A,H,-,A,D,0,,,Y,,Y,Y,C,02,0,1,0,0,0,0,0,0,1,"- ","- ",33.872711181640625,-117.697998046875,ORANGE,ANAHEIM,-117.69807434082031,33.872837066650391
91869186,2022,2022-12-09,9675,2022-06-23,2104,021983,,4,2,7,3001,0,1,3,,2,572,"STATE ROUTE 57 NORTHBOUND","SANTA ANA RIVER TRAIL UNDERCROSSING",380.00,N,N,A,-,Y,ORA,,57,,,12.205,H,,R,Y,1,1,5,3,A,-,03,22350,,N,C,C,A,A,H,-,C,D,0,,,Y,,Y,Y,A,01,1,3,1,0,0,0,0,1,0,"- ","- ",33.8013916015625,-117.87851715087891,ORANGE,ANAHEIM,-117.87861633300781,33.801345825195312
91869785,2022,2022-09-21,9690,2022-09-12,1715,020364,,1,2,9,3000,0,2,4,,2,034,"ANTONIO PKWY","O'NEILL DRIVE",0.00,,Y,A,-,N,,,,,,,,,,N,4,0,1,1,A,-,08,22107,,N,F,A,A,A,H,-,A,D,0,,,Y,,Y,,C,02,0,0,1,0,0,0,0,0,1,"- ","- ",33.545330047607422,-117.62889099121094,ORANGE,UNINCORPORATED,-117.62918090820312,33.545341491699219
91870056,2022,2022-09-21,9675,2022-09-15,1625,021305,,4,2,7,3019,0,1,3,,2,052,"SR-55 NORTHBOUND","MACARTHUR BLVD",818.00,N,N,A,-,Y,ORA,,55,,R,7.147,H,,R,Y,3,0,1,2,A,-,07,21658,A,N,B,C,A,A,H,-,A,D,0,,,Y,,Y,,A,01,0,1,0,0,0,0,0,0,1,"- ","- ",33.700458526611328,-117.8597412109375,ORANGE,"SANTA ANA",-117.85964965820312,33.700401306152344
91871835,2022,2022-09-23,9670,2022-09-15,0750,014558,,4,1,6,3009,0,1,3,,2,022,"SR-22 E/B (GARDEN GROVE FREEWAY)","NEWHOPE STREET",100.00,W,N,B,-,Y,ORA,,22,,R,7.308,H,,R,N,3,0,1,3,A,-,03,22350,,N,C,C,A,A,H,-,A,D,0,,,Y,,Y,,C,02,0,1,0,0,0,0,0,0,1,"- ","- ",33.766059875488281,-117.92929077148438,ORANGE,"GARDEN GROVE",-117.92929077148438,33.766017913818359
91872284,2022,2022-09-23,9675,2022-09-16,1604,018102,,5,2,9,3000,0,2,4,,2,034,"SANTIAGO CANYON ROAD","BLUE DIAMOND HAUL ROAD",2000.00,N,N,A,-,N,,,,,,,,,,Y,3,0,1,1,A,-,08,22107,,N,F,A,A,A,H,-,A,D,0,,,Y,,Y,,C,02,0,1,0,0,0,0,0,0,1,"- ","- ",33.760608673095703,-117.70501708984375,ORANGE,UNINCORPORATED,,
91873059,2022,2022-09-26,9670,2022-09-16,1710,020809,,5,2,5,3003,0,1,3,,2,092,"STATE ROUTE 91 EASTBOUND","VALLEY VIEW STREET",200.00,E,N,A,-,Y,ORA,,91,,R,1.066,H,,R,N,4,0,1,1,A,-,03,22350,,N,F,0,A,A,H,-,A,D,0,,,Y,,Y,,C,02,0,0,1,0,0,0,0,0,1,"- ","- ",33.855831146240234,-118.02494812011719,ORANGE,"BUENA PARK",-118.02494049072266,33.85589599609375
91873368,2022,2022-09-26,9675,2022-09-15,0740,019652,,4,1,7,3001,0,1,3,,2,572,"SR-57 SOUTHBOUND","BALL RD",150.00,N,N,A,-,Y,ORA,,57,,,13.738,H,,L,N,2,0,1,2,A,-,07,21658,A,N,B,C,A,A,H,-,A,D,0,,,Y,,Y,,A,07,1,0,0,0,0,0,0,0,1,"- ","- ",33.822780609130859,-117.87624359130859,ORANGE,ANAHEIM,-117.87630462646484,33.822780609130859
91874699,2022,2022-10-04,9690,2022-09-21,1840,020364,,3,2,4,3018,0,1,1,,2,057,"I-5 S/B (SAN DIEGO FREEWAY)","TRABUCO CREEK TRAIL",1954.00,N,N,A,-,Y,ORA,,5,,,11.845,H,,L,N,3,0,1,2,A,-,03,22350,,N,C,C,A,A,H,-,A,D,0,,,Y,,Y,,C,02,0,1,0,0,0,0,0,0,1,"- ","- ",33.531330108642578,-117.67436981201172,ORANGE,"SAN JUAN CAPISTRANO",-117.67446899414062,33.531295776367188
91875398,2022,2022-09-28,9690,2022-09-18,1315,019319,,7,1,9,3000,0,3,5,,2,004,"ONEILL DRIVE",DORRANCE,320.00,N,N,A,-,N,,,,,,,,,,N,2,0,2,3,A,-,03,22350,,N,B,G,A,A,H,-,A,D,0,,Y,Y,,Y,,-,"- ",1,1,0,0,0,0,1,0,1,"- ","- ",33.555931091308594,-117.64521789550781,ORANGE,UNINCORPORATED,-117.64521026611328,33.554721832275391
91875411,2022,2022-09-28,9675,2022-09-19,0603,018252,,1,1,7,3001,0,1,3,,2,071,"SR-57 SOUTHBOUND","ORANGETHORPE AVE",2112.00,S,N,A,-,Y,ORA,,57,,,16.006,H,,L,Y,4,0,1,2,A,-,03,22350,,N,C,C,A,A,H,-,B,D,0,,,Y,,Y,,C,02,0,0,1,0,0,0,0,0,1,"- ","- ",33.855640411376953,-117.87557983398438,ORANGE,ANAHEIM,-117.8758544921875,33.855621337890625
91876802,2022,2022-09-29,9675,2022-09-19,0900,019599,,1,1,6,3015,0,1,3,,2,222,"SR-22 WESTBOUND","LEWIS ST.",90.00,E,N,B,-,Y,ORA,,22,,R,9.434,H,,L,Y,2,0,1,2,A,-,03,22350,,N,C,C,A,A,H,-,A,D,0,,,Y,,Y,,C,02,1,0,0,0,0,0,0,0,1,"- ","- ",33.778759002685547,-117.89611053466797,ORANGE,ORANGE,-117.89608001708984,33.778690338134766
91877000,2022,2022-09-29,9675,2022-09-20,2145,021960,,2,2,9,3000,0,1,3,,2,240,"SR-241 SOUTHBOUND","SR-91 EASTBOUND",6864.00,S,N,A,-,Y,ORA,,241,,,37.707,H,,L,Y,3,0,1,2,A,-,07,21658,A,N,B,C,A,A,D,E,C,D,0,,,Y,,Y,,A,01,0,1,0,0,0,0,0,0,1,"- ","- ",33.847618103027344,-117.71726226806641,ORANGE,UNINCORPORATED,-117.71724700927734,33.847621917724609
91877044,2022,2022-09-29,9670,2022-09-01,0922,018278,,4,1,7,3001,0,1,3,,2,094,"SR-91 E/B","BROOKHURST ST.",300.00,W,N,A,-,Y,ORA,,91,,,1.145,H,,R,N,4,0,1,3,A,-,03,22350,,N,C,C,A,A,H,-,A,D,0,,,Y,,Y,,A,07,0,0,1,0,0,0,0,0,1,"- ","- ",33.853790283203125,-117.96096801757812,ORANGE,ANAHEIM,-117.96096801757812,33.853824615478516
91878702,2022,2022-09-30,9675,2022-09-20,1650,018102,,2,2,5,3022,0,1,1,,2,503,"I-5 NORTHBOUND","RED HILL AVENUE",50.00,S,N,A,-,Y,ORA,,5,,R,29.105,H,,R,N,4,0,1,2,A,-,07,21658,A,N,B,C,A,A,H,-,A,D,0,,,Y,,Y,,A,01,0,0,1,0,0,0,0,0,1,"- ","- ",33.733661651611328,-117.81524658203125,ORANGE,TUSTIN,-117.81526947021484,33.733646392822266
91879069,2022,2022-09-30,9670,2022-09-14,1840,019290,,3,2,4,3020,0,1,1,,2,044,"I-405 N/B (SAN DIEGO FWY)","SEAL BEACH BLVD",70.00,S,N,A,-,Y,ORA,,405,,,22.618,H,,R,N,3,0,1,2,A,-,03,22350,,N,C,A,A,A,D,-,A,D,0,,,Y,,Y,,C,02,0,1,0,0,0,0,0,0,1,"- ","- ",33.774551391601562,-118.07450866699219,ORANGE,"SEAL BEACH",-118.07450866699219,33.774490356445312
91879181,2022,2022-09-30,9675,2022-09-21,1742,021274,,3,2,6,3008,0,1,3,,2,570,"STATE ROUTE 57 S/B","IMPERIAL HIGHWAY",40.00,S,N,A,-,Y,ORA,,57,,,19.842,H,,L,N,3,0,1,2,A,-,03,22350,,N,C,C,A,A,H,-,A,D,0,,,Y,,Y,,C,02,0,1,0,0,0,0,0,0,1,"- ","- ",33.910541534423828,-117.88363647460938,ORANGE,FULLERTON,-117.88370513916016,33.910530090332031
91879291,2022,2022-09-30,9675,2022-09-22,0915,019394,,4,1,6,3004,0,1,3,,2,553,"SR-55 SOUTHBOUND","BAKER ST.",140.00,S,N,A,-,Y,ORA,,55,,R,5.299,H,,L,Y,4,0,1,2,A,-,07,21658,A,N,B,C,A,A,H,-,A,D,0,,,Y,,Y,,A,01,0,0,1,0,0,0,0,0,1,"- ","- ",33.679561614990234,-117.8798828125,ORANGE,"COSTA MESA",-117.87985992431641,33.679550170898438
91879334,2022,2022-09-30,9675,2022-09-22,1105,019394,,4,1,5,3022,0,1,3,,2,551,"SR-55 S/B TO 17TH ST. E/B","17TH ST.",215.00,S,N,A,-,Y,,,,,,,,,,Y,3,0,1,1,A,-,03,22350,,N,F,A,A,A,H,-,A,D,0,,,Y,,Y,,C,02,0,1,0,0,0,0,0,0,1,"- ","- ",33.759109497070312,-117.83206939697266,ORANGE,TUSTIN,-117.83206939697266,33.759109497070312
91880189,2022,2022-10-03,9670,2022-09-20,0702,014558,,2,1,6,3009,0,1,3,,2,023,"SR-22 W/B (GARDEN GROVE FREEWAY)","MAGNOLIA STREET",1800.00,E,N,A,-,Y,ORA,,22,,R,5.182,H,,L,N,2,0,1,3,A,-,03,22350,,N,C,C,A,A,H,-,A,D,0,,,Y,,Y,,C,02,1,0,0,0,0,0,0,0,1,"- ","- ",33.765850067138672,-117.96630859375,ORANGE,"GARDEN GROVE",-117.96630859375,33.765903472900391
91880223,2022,2022-10-03,9675,2022-09-21,0756,018039,,3,1,6,3026,0,1,1,,2,503,"I-5 SOUTHBOUND","CULVER DRIVE",904.00,S,N,A,-,Y,ORA,,5,,R,26.408,H,,L,N,2,0,1,2,A,-,03,22350,,N,C,C,A,A,H,-,A,D,0,,,Y,,Y,,C,02,1,0,0,0,0,0,0,0,1,"- ","- ",33.707801818847656,-117.78040313720703,ORANGE,IRVINE,-117.78044891357422,33.707771301269531
91880873,2022,2022-10-03,9675,2022-09-22,2110,021225,,4,2,6,3026,0,1,1,,2,504,"I-5 SOUTHBOUND","SAND CANYON AVE",1500.00,S,N,A,-,Y,ORA,,5,,R,23.647,H,,L,N,2,0,1,2,A,-,03,22350,,F,B,C,A,A,H,-,C,D,0,,,Y,,Y,,-,99,1,0,0,0,0,0,0,0,1,"- ","- ",33.673759460449219,-117.75605010986328,ORANGE,IRVINE,-117.75611877441406,33.673748016357422
91881023,2022,2022-10-04,9675,2022-09-22,0920,019320,,4,1,7,3001,0,1,3,,2,572,"SR-57 SOUTHBOUND","BALL RD.",1000.00,N,N,A,-,Y,ORA,,57,,,12.795,H,,L,N,4,0,1,2,A,-,03,22350,,N,C,C,A,A,H,-,A,D,0,,,Y,,Y,,C,02,0,0,1,0,0,0,0,0,1,"- ","- ",33.809581756591797,-117.87931823730469,ORANGE,ANAHEIM,-117.87937164306641,33.809593200683594
91881890,2022,2022-10-04,9690,2022-09-30,1148,012712,,5,1,5,3017,0,1,1,,2,059,"I-5 S/B (SAN DIEGO FREEWAY)","SAN LUIS REY O/C",1056.00,N,N,A,-,Y,ORA,,5,,,0.829,H,,L,N,2,0,1,1,C,-,18,,,N,E,I,A,A,H,-,A,D,0,,,Y,,Y,,-,"- ",1,0,0,0,0,0,0,0,1,"- ","- ",33.407520294189453,-117.59934997558594,ORANGE,"SAN CLEMENTE",-117.59945678710938,33.407482147216797
91883032,2022,2022-10-05,9675,2022-09-23,1955,018102,,5,2,9,3000,0,2,4,,2,034,"SANTIAGO CANYON ROAD","SCHOOL ROAD",3000.00,N,N,A,-,N,,,,,,,,,,N,2,0,2,2,C,-,18,,,N,E,H,A,A,H,-,D,D,0,,,Y,,Y,,-,"- ",2,0,0,0,0,0,0,0,2,"- ","- ",33.736858367919922,-117.6588134765625,ORANGE,UNINCORPORATED,,
91884423,2022,2022-10-06,9675,2022-09-27,0827,019394,,2,1,6,3015,0,1,3,,2,550,"SR-55 NORTHBOUND","WALNUT AVE.",675.00,N,N,A,-,Y,ORA,,55,,,14.297,H,,R,Y,4,0,1,2,A,-,07,21658,A,N,B,C,A,A,H,-,A,D,0,,,Y,,Y,,C,02,0,0,1,0,0,0,0,0,1,"- ","- ",33.796291351318359,-117.83084869384766,ORANGE,ORANGE,-117.83084106445312,33.796291351318359
91886758,2022,2022-10-11,9675,2022-09-29,1620,019779,,4,2,6,3004,0,1,3,,2,073,"SR-73 NORTHBOUND","BRISTOL ST",150.00,N,N,A,-,Y,ORA,,73,,R,26.840,H,,R,N,4,0,1,2,A,-,03,22350,,N,B,C,A,A,H,-,A,D,0,,,Y,,Y,,C,02,0,0,1,0,0,0,0,0,1,"- ","- ",33.676570892333984,-117.88864135742188,ORANGE,"COSTA MESA",-117.88873291015625,33.676517486572266
91887283,2022,2022-10-11,9690,2022-07-07,0927,019319,,4,1,9,3000,0,2,4,,2,037,"LIVE OAK CANYON ROAD","HAMILTON TRAIL",2640.00,W,N,A,-,N,,,,,,,,,,Y,1,1,0,1,A,-,08,22107,,N,E,I,A,A,H,-,A,D,0,,,Y,,Y,,C,02,0,0,0,0,0,0,0,1,0,"- ","- ",33.686378479003906,-117.61119079589844,ORANGE,UNINCORPORATED,-117.61081695556641,33.686367034912109
91887450,2022,2022-10-11,9690,2022-04-10,0820,020236,,7,1,9,3000,0,1,3,,1,074,"SR-74 EASTBOUND (ORTEGA HIGHWAY)","SAN JUAN CANYON BRIDGE",5280.00,E,N,B,-,Y,ORA,,74,,,14.369,H,,R,N,1,1,0,1,A,-,03,22350,,N,E,I,A,A,H,-,A,D,0,,,Y,,Y,,C,02,0,0,0,0,0,0,0,1,0,"- ","- ",33.593868255615234,-117.48548126220703,ORANGE,UNINCORPORATED,-117.48551177978516,33.593940734863281
91887796,2022,2022-10-11,9675,2022-10-02,2105,022993,,7,2,6,3026,0,1,1,,2,540,"I-5 NORTHBOUND","BAKE PKWY",350.00,S,N,A,-,Y,ORA,,5,,,20.751,H,,R,Y,3,0,2,1,C,-,18,,,N,E,J,A,A,C,-,C,D,0,,,Y,,Y,,-,"- ",0,2,0,0,0,0,0,0,2,"- ","- ",33.637950897216797,-117.72962951660156,ORANGE,IRVINE,-117.72955322265625,33.637992858886719
91889561,2022,2022-10-13,9675,2022-10-04,1735,021355,,2,2,6,3015,0,1,1,,2,502,"I-5 S/B","CHAPMAN AVE.",1056.00,N,N,A,-,Y,ORA,,5,,,35.098,H,,L,N,3,0,1,1,A,-,03,22350,,N,E,J,A,A,H,-,A,D,0,,,Y,,Y,,C,02,0,1,0,0,0,0,0,0,1,"- ","- ",33.790428161621094,-117.88887023925781,ORANGE,ORANGE,-117.88890075683594,33.7904052734375
91889728,2022,2022-10-13,9675,2022-09-20,1825,019779,,2,2,9,3000,0,2,4,,2,034,"SANTIAGO CANYON ROAD (SOUTHBOUND)","RED ROCK CANYON ROAD",2405.00,N,N,A,-,N,,,,,,,,,,N,1,1,0,1,A,-,07,21658,A,N,E,I,A,A,H,-,A,D,0,,,Y,,Y,,C,02,0,0,0,0,0,0,0,1,0,"- ","- ",33.752281188964844,-117.69085693359375,ORANGE,UNINCORPORATED,-118.03452301025391,33.715629577636719
91890250,2022,2022-10-20,9670,2022-10-09,0237,022493,,7,3,5,3003,0,1,3,,2,091,"SR-91 (RIVERSIDE FREEWAY) W/B","WESTERN AVE",300.00,W,N,A,-,Y,ORA,,91,,R,2.302,H,,L,Y,2,0,2,5,C,-,18,,,N,A,C,A,A,H,-,C,D,0,,,Y,,Y,,-,"- ",1,0,1,0,0,0,0,0,1,"- ","- ",33.85614013671875,-118.00346374511719,ORANGE,"BUENA PARK",-118.00346374511719,33.856132507324219
91891618,2022,2022-10-17,9675,2022-10-08,1838,021076,,6,2,6,3015,0,1,3,,2,222,"SR-22 EASTBOUND","LEWIS STREET",450.00,E,N,A,-,Y,ORA,,22,,R,9.457,H,,R,N,4,0,1,2,A,-,07,21658,A,N,B,C,A,A,H,-,C,D,0,,,Y,,Y,,A,01,0,0,1,0,0,0,0,0,1,"- ","- ",33.778560638427734,-117.89566040039062,ORANGE,ORANGE,-117.89567565917969,33.778602600097656
91892184,2022,2022-10-18,9675,2022-10-08,1617,021691,,6,2,7,3019,0,1,3,,2,552,"SR-55 NORTHBOUND","DYER RD",1600.00,S,N,A,-,Y,ORA,,55,,R,7.552,H,,R,N,3,0,1,2,A,-,07,21658,A,N,B,C,A,A,H,-,A,D,0,,,Y,,Y,,A,07,0,1,0,0,0,0,0,0,1,"- ","- ",33.705009460449219,-117.85527038574219,ORANGE,"SANTA ANA",-117.85523223876953,33.704986572265625
91892513,2022,2022-10-18,9670,2022-10-10,1650,017022,,1,2,5,3007,0,1,1,,2,045,"I-405 S/B (SAN DIEGO FREEWAY)","EUCLID STREET",1200.00,N,N,A,-,Y,ORA,,405,,,12.698,H,,L,N,3,0,1,1,A,-,08,22107,,N,E,I,A,A,D,E,A,D,0,,,Y,,Y,,C,02,0,1,0,0,0,0,0,0,1,"- ","- ",33.696910858154297,-117.93862152099609,ORANGE,"FOUNTAIN VALLEY",-117.9385986328125,33.696952819824219
91896033,2022,2022-10-21,9675,2022-10-14,2120,022993,,5,2,9,3000,0,2,4,,2,035,"SILVERADO CANYON ROAD","KITTERMAN DRIVE",700.00,E,N,A,-,N,,,,,,,,,,N,4,0,1,1,A,-,01,23152,A,N,F,A,A,B,H,-,D,D,0,,,Y,,Y,Y,C,02,0,0,1,0,0,0,0,0,1,"- ","- ",33.746601104736328,-117.63526153564453,ORANGE,UNINCORPORATED,-117.6353759765625,33.746532440185547
91897728,2022,2022-10-24,9675,2022-09-26,0640,020027,,1,1,5,3022,0,1,1,,2,503,"I-5 SOUTHBOUND","TUSTIN RANCH RD",1000.00,N,N,A,-,Y,ORA,,5,,R,28.715,H,,L,Y,4,0,1,3,A,-,07,21658,A,F,B,C,A,A,H,-,A,D,0,,,Y,,Y,,-,99,0,0,1,0,0,0,0,0,1,"- ","- ",33.729831695556641,-117.81024169921875,ORANGE,TUSTIN,-117.81027984619141,33.729785919189453
91897876,2022,2022-10-24,9675,2022-10-14,1824,019394,,5,2,7,3001,0,1,3,,2,194,"SR-91 EASTBOUND","IMPERIAL HWY.",835.00,E,N,B,-,Y,ORA,,91,,R,11.717,H,,R,Y,3,0,1,2,A,-,07,21658,A,N,B,C,A,A,H,-,C,D,0,,,Y,,Y,,A,01,0,1,0,0,0,0,0,0,1,"- ","- ",33.855289459228516,-117.78772735595703,ORANGE,ANAHEIM,-117.78764343261719,33.855155944824219
91899916,2022,2022-10-26,9675,2022-10-20,0635,019652,,4,1,7,3019,0,1,3,,2,552,"SR-55 N/B FROM DYER RD. E/B","DYER RD",30.00,S,N,A,-,Y,,,,,,,,,,N,2,0,1,2,A,-,03,22350,,M,C,C,A,A,H,-,B,D,0,,,Y,,Y,,C,02,1,0,0,0,0,0,0,0,1,"- ","- ",33.708320617675781,-117.85086059570312,ORANGE,"SANTA ANA",-117.85086059570312,33.708320617675781
91900717,2022,2022-10-27,9670,2022-10-18,0640,019171,,2,1,7,3001,0,1,1,,2,503,"I-5 S/B (SANTA ANA FWY)","ORANGEWOOD AVE",100.00,N,N,A,-,Y,ORA,,5,,,35.714,H,,L,N,4,0,1,2,A,-,08,22107,,N,C,C,A,A,H,-,A,D,0,,,Y,,Y,,C,02,0,0,1,0,0,0,0,0,1,"- ","- ",33.797130584716797,-117.896240234375,ORANGE,ANAHEIM,-117.89623260498047,33.797134399414062
91903860,2022,2022-10-28,9675,2022-10-18,1829,019527,,2,2,7,3001,0,1,3,,2,095,"SR-91 E/B","GYPSUM CANYON RD",2100.00,W,N,A,-,Y,ORA,,91,,R,16.015,H,,R,Y,2,0,2,2,A,-,03,22350,,N,C,C,A,A,H,-,C,D,0,,,Y,,Y,,C,02,1,0,1,0,0,0,0,0,1,"- ","- ",33.866451263427734,-117.71840667724609,ORANGE,ANAHEIM,-117.71841430664062,33.866432189941406
91904274,2022,2022-10-28,9675,2022-10-26,1350,018102,,3,1,6,3026,0,1,1,,2,503,"I-5 NORTHBOUND","JAMBOREE ROAD",200.00,S,N,A,-,Y,ORA,,5,,,27.553,H,,R,Y,2,0,2,2,A,-,03,22350,,N,C,C,A,A,H,-,A,D,0,,,Y,,Y,,C,02,1,0,1,0,0,0,0,0,1,"- ","- ",33.719310760498047,-117.79448699951172,ORANGE,IRVINE,-117.79446411132812,33.719333648681641
91905452,2022,2022-10-31,9675,2022-10-19,0830,019897,,3,1,6,3026,0,1,1,,2,503,"I-5 NORTHBOUND","YALE AVE",292.00,S,N,A,-,Y,ORA,,5,,R,25.764,H,,R,Y,3,0,1,2,A,-,07,21658,A,N,F,A,A,A,H,-,A,D,0,,,Y,,Y,,A,01,0,1,0,0,0,0,0,0,1,"- ","- ",33.699790954589844,-117.77474975585938,ORANGE,IRVINE,-117.77466583251953,33.6998291015625
91905472,2022,2022-10-31,9675,2022-10-18,1510,020699,,2,2,7,3019,0,1,3,,2,552,"SR-55 NORTHBOUND","MACARTHUR BLVD.",500.00,N,N,A,-,Y,ORA,,55,,R,7.123,H,,R,N,4,0,1,3,A,-,06,21750,A,M,B,C,A,A,H,-,A,A,0,,,Y,,Y,,C,02,0,0,1,0,0,0,0,0,1,"- ","- ",33.700141906738281,-117.85993957519531,ORANGE,"SANTA ANA",-117.85991668701172,33.700122833251953
91906535,2022,2022-11-01,9690,2022-10-20,0705,016638,,4,1,9,3000,0,3,5,,2,004,"SIENA PARKWAY","NASHWATUC WAY",81.00,N,N,A,-,Y,,,,,,,,,,N,3,0,1,2,A,-,03,22350,,N,C,C,A,A,H,-,A,D,0,,,Y,,Y,,C,02,0,1,0,0,0,0,0,0,1,"- ","- ",33.5400390625,-117.64128112792969,ORANGE,UNINCORPORATED,-117.64138031005859,33.54010009765625
91908549,2022,2022-11-03,9675,2022-10-21,0830,017998,,5,1,5,3022,0,1,1,,2,503,"I-5 NORTHBOUND","REDHILL AVE",500.00,S,N,A,-,Y,ORA,,5,,R,28.993,H,,R,Y,4,0,2,4,A,-,03,22350,,N,C,C,A,A,H,-,A,D,0,,,Y,,Y,,A,07,0,0,2,0,0,0,0,0,1,"- ","- ",33.732528686523438,-117.8138427734375,ORANGE,TUSTIN,-117.81379699707031,33.732570648193359
91910976,2022,2022-11-07,9675,2022-10-30,2350,021834,,7,3,6,3026,0,1,1,,2,406,"I-405 NORTHBOUND","JAMBOREE ROAD",2500.00,S,N,A,-,Y,ORA,,405,,,6.443,H,,R,Y,2,0,1,2,A,-,01,23152,A,N,B,C,A,A,A,H,D,D,0,,,Y,,Y,Y,C,02,1,0,0,0,0,0,0,0,1,"- ","- ",33.674171447753906,-117.83602905273438,ORANGE,IRVINE,-117.83606719970703,33.674087524414062
91911024,2022,2022-11-07,9675,2022-10-27,1710,021633,,4,2,7,3019,0,1,1,,2,520,"I-5 NORTHBOUND",BROADWAY,1880.00,N,N,A,-,Y,ORA,,5,,,33.491,H,,R,Y,2,0,1,2,A,-,03,22350,,N,C,C,A,A,H,-,A,D,0,,,Y,,Y,,C,03,1,0,0,0,0,0,0,0,1,"- ","- ",33.772678375244141,-117.87094879150391,ORANGE,"SANTA ANA",-117.87085723876953,33.772735595703125
91911175,2022,2022-11-07,9670,2022-10-31,0900,019171,,1,1,6,3008,0,1,1,,2,051,"I-5 S/B (SANTA ANA FWY)","MAGNOLIA AVE",200.00,N,N,A,-,Y,ORA,,5,,,41.978,H,,L,N,4,0,1,2,A,-,08,22107,,N,B,C,A,A,H,-,A,D,0,,,Y,,Y,,-,"- ",0,0,1,0,0,0,0,0,1,"- ","- ",33.855319976806641,-117.97691345214844,ORANGE,FULLERTON,-117.97695922851562,33.855258941650391
91911508,2022,2022-11-07,9675,2022-03-13,1657,020699,,7,2,9,3000,0,1,3,,2,242,"STATE ROUTE 241 NORTHBOUND TO STATE ROUTE 133 SOUT","STATE ROUTE 241 NORTHBOUND",86.90,S,N,A,-,Y,ORA,,241,,,26.851,H,,R,N,1,1,0,1,A,-,01,23152,A,N,E,8,A,A,H,-,A,D,0,,,Y,,Y,Y,C,02,0,0,0,0,0,0,0,1,0,"- ","- ",33.710700988769531,-117.7191162109375,ORANGE,UNINCORPORATED,-117.71935272216797,33.710613250732422
91911836,2022,2022-11-07,9675,2022-10-31,1515,021691,,1,2,7,3001,0,1,3,,2,094,"SR-91 EASTBOUND","WEIR CANYON ROAD",2000.00,W,N,A,-,Y,ORA,,91,,R,14.037,H,,R,Y,3,0,1,3,A,-,07,21658,A,N,B,C,A,A,H,-,A,D,0,,,Y,,Y,,A,07,0,1,0,0,0,0,0,0,1,"- ","- ",33.869319915771484,-117.75141906738281,ORANGE,ANAHEIM,-117.75141143798828,33.8692626953125
91912275,2022,2022-11-08,9675,2022-10-22,0635,019320,,6,1,6,3015,0,1,1,,2,502,"I-5 SOUTHBOUND","CHAPMAN AVE.",1000.00,S,N,A,-,Y,ORA,,5,,,34.685,H,,L,N,3,0,2,2,A,-,08,22107,,N,C,C,A,A,H,-,A,D,0,,,Y,,Y,,A,07,0,2,0,0,0,0,0,0,2,"- ","- ",33.785701751708984,-117.88436126708984,ORANGE,ORANGE,-117.88445281982422,33.785648345947266
91912818,2022,2022-11-08,9675,2022-11-01,1400,019018,,2,2,6,3004,0,1,1,,2,405,"I-405 SOUTHBOUND","FAIRVIEW ROAD",2000.00,S,N,A,-,Y,ORA,,405,,,10.538,H,,L,Y,4,0,1,4,A,-,03,22350,,N,C,C,A,A,D,-,A,D,0,,,Y,,Y,,C,02,0,0,1,0,0,0,0,0,1,"- ","- ",33.687469482421875,-117.90315246582031,ORANGE,"COSTA MESA",-117.90314483642578,33.687602996826172
91914526,2022,2022-11-10,9670,2022-10-28,0845,018664,,5,1,6,3010,0,1,1,,2,042,"I-405 S/B","BEACH BLVD",2640.00,S,N,A,-,Y,ORA,,405,,,17.014,H,,L,N,4,0,1,2,A,-,07,21658,A,N,B,C,A,A,D,E,A,D,0,,,Y,,Y,,A,01,0,0,1,0,0,0,0,0,1,"- ","- ",33.73712158203125,-117.99578094482422,ORANGE,"HUNTINGTON BEACH",-117.99580383300781,33.737094879150391
91916654,2022,2022-11-14,9675,2022-11-01,0715,020018,,2,1,6,3015,0,1,3,,2,572,"SR-57 S/B TO I-5 S/B","CHAPMAN AVENUE",2000.00,S,N,A,-,Y,ORA,,57,,,11.072,H,,L,N,2,0,1,2,A,-,08,22107,,F,B,C,A,A,H,-,A,D,0,,,Y,,Y,,-,99,1,0,0,0,0,0,0,0,1,"- ","- ",33.785068511962891,-117.87996673583984,ORANGE,ORANGE,-117.87996673583984,33.785068511962891
91917400,2022,2022-11-14,9675,2022-11-03,1430,019527,,4,2,7,3001,0,1,3,,2,093,"SR-91 E/B","PLACENTIA AVE.",300.00,E,N,A,-,Y,ORA,,91,,,5.581,H,,R,Y,3,0,1,2,A,-,03,22350,,N,C,C,A,A,H,-,A,D,0,,,Y,,Y,,C,02,0,1,0,0,0,0,0,0,1,"- ","- ",33.85321044921875,-117.88427734375,ORANGE,ANAHEIM,-117.88428497314453,33.853195190429688
91918002,2022,2022-11-15,9675,2022-11-04,1437,021716,,5,2,7,3019,0,1,1,,2,520,"I-5 NORTHBOUND",BROADWAY,390.00,N,N,A,-,Y,ORA,,5,,,33.422,H,,R,N,3,0,1,2,A,-,07,21658,A,N,B,2,A,A,H,-,A,D,0,,,Y,,Y,,A,01,0,1,0,0,0,0,0,0,1,"- ","- ",33.771869659423828,-117.87027740478516,ORANGE,"SANTA ANA",-117.87017822265625,33.771930694580078
91918024,2022,2022-11-15,9675,2022-11-04,1517,021377,,5,2,7,3001,0,1,3,,2,093,"SR-91 EASTBOUND","KRAEMER BLVD",2000.00,W,N,B,-,Y,ORA,,91,,,6.936,H,,R,N,3,0,1,2,A,-,07,21658,A,N,C,C,A,A,H,-,A,D,0,,,Y,,Y,,A,01,0,1,0,0,0,0,0,0,1,"- ","- ",33.846340179443359,-117.86258697509766,ORANGE,ANAHEIM,-117.86258697509766,33.846294403076172
91918390,2022,2022-11-15,9675,2022-11-04,1705,021691,,5,2,7,3001,0,1,3,,2,095,"SR-91 EASTBOUND","GYPSUM CANYON RD",2800.00,W,N,A,-,Y,ORA,,91,,R,15.878,H,,R,Y,2,0,1,4,A,-,07,21658,A,N,C,C,A,A,H,-,A,D,0,,,Y,,Y,,A,01,1,0,0,0,0,0,0,0,1,"- ","- ",33.86669921875,-117.72078704833984,ORANGE,ANAHEIM,-117.72079467773438,33.866687774658203
91919416,2022,2022-11-16,9690,2022-11-14,1420,020364,,1,2,9,3000,0,2,4,,2,035,"OSO PARKWAY","BRIDLE PATH",150.00,W,N,A,-,N,,,,,,,,,,Y,2,0,1,1,A,-,03,22350,,N,F,A,A,A,H,-,A,D,0,,,Y,,Y,,C,02,1,0,0,0,0,0,0,0,1,"- ","- ",33.582298278808594,-117.59336090087891,ORANGE,UNINCORPORATED,-117.59330749511719,33.582241058349609
91921527,2022,2022-11-18,9675,2022-11-06,1210,019652,,7,1,9,3000,0,2,4,,2,034,"SANTIAGO CANYON ROAD","HAUL RD",341.00,S,N,A,-,N,,,,,,,,,,N,2,0,1,2,A,-,08,22107,,N,D,C,A,A,H,-,A,D,0,,,Y,,Y,,A,07,1,0,0,0,0,0,0,0,1,"- ","- ",33.762428283691406,-117.71013641357422,ORANGE,UNINCORPORATED,-117.71035003662109,33.762451171875
91922759,2022,2022-11-21,9670,2022-10-25,0645,018664,,2,1,5,3024,0,1,3,,2,021,"STATE ROUTE 22 WESTBOUND","SPRINGDALE STREET",180.00,E,N,A,-,Y,ORA,,22,,R,1.965,H,,L,Y,4,0,1,2,A,-,03,22350,,N,C,C,A,A,H,-,B,D,0,,,Y,,Y,,C,02,0,0,1,0,0,0,0,0,1,"- ","- ",33.774341583251953,-118.01963043212891,ORANGE,WESTMINSTER,-118.01963043212891,33.774379730224609
91923742,2022,2022-11-21,9675,2022-11-10,1748,021691,,4,2,7,3019,0,1,1,,2,502,"I-5 NORTHBOUND",SR-22,1500.00,S,N,A,-,Y,ORA,,5,,,33.713,H,,R,Y,3,0,1,3,A,-,07,21658,A,N,B,C,A,A,H,-,C,D,0,,,Y,,Y,,A,01,0,1,0,0,0,0,0,0,1,"- ","- ",33.775310516357422,-117.87315368652344,ORANGE,"SANTA ANA",-117.87307739257812,33.775352478027344
91924643,2021,2022-11-22,9675,2021-03-18,1830,019320,,4,2,6,3008,0,1,3,,2,570,"STATE ROUTE 57 SOUTHBOUND","ROLLING HILLS DRIVE",60.00,S,N,A,-,Y,,,57,,,,,,S,Y,1,2,0,2,A,-,01,23152,F,N,C,C,A,A,H,-,A,D,0,,,Y,,Y,,C,02,0,0,0,0,0,0,0,2,0,"- ","- ",33.903419494628906,-117.88108062744141,ORANGE,FULLERTON,-117.88112640380859,33.903423309326172
91927436,2022,2022-11-28,9670,2022-11-04,1910,019290,,5,2,5,3003,0,1,3,,2,192,"SR-91 E/B","VALLEY VIEW STREET",2640.00,E,N,A,-,Y,ORA,,91,,R,1.327,H,,R,N,4,0,1,1,A,-,08,22107,,N,F,A,A,A,H,-,D,D,0,,,Y,,Y,,C,02,0,0,1,0,0,0,0,0,1,"- ","- ",33.855869293212891,-118.02037048339844,ORANGE,"BUENA PARK",-118.02037048339844,33.855827331542969
91929461,2022,2022-11-29,9675,2022-11-19,1902,021691,,6,2,6,3015,0,1,3,,2,551,"SR-55 SOUTHBOUND","CHAPMAN AVENUE",1000.00,S,N,A,-,Y,ORA,,55,,,13.515,H,,L,N,3,0,1,2,A,-,03,22350,,N,C,C,A,A,H,-,C,D,0,,,Y,,Y,,C,02,0,1,0,0,0,0,0,0,1,"- ","- ",33.784961700439453,-117.83130645751953,ORANGE,ORANGE,-117.83123779296875,33.784961700439453
91929517,2022,2022-11-29,9675,2022-11-19,1856,020544,,6,2,6,3026,0,1,1,,2,406,"I-405 SOUTHBOUND","JAMBOREE RD",528.00,N,N,A,-,Y,ORA,,405,,,7.040,H,,L,Y,3,0,1,1,A,-,03,22350,,N,F,A,A,A,H,-,C,D,0,,,Y,,Y,,C,02,0,1,0,0,0,0,0,0,1,"- ","- ",33.677391052246094,-117.84564208984375,ORANGE,IRVINE,-117.84556579589844,33.677513122558594
91930259,2022,2022-11-30,9670,2022-11-29,0935,016209,,2,1,5,3003,0,1,3,,2,092,"SR-91 E/B (ARTESIA FREEWAY)","VALLEY VIEW ST.",1584.00,E,N,A,-,Y,ORA,,91,,R,1.200,H,,R,N,4,0,1,2,A,-,07,21658,A,N,B,C,A,A,H,-,A,D,0,,,Y,,Y,,A,01,0,0,1,0,0,0,0,0,1,"- ","- ",33.855770111083984,-118.02259063720703,ORANGE,"BUENA PARK",-118.02259063720703,33.855808258056641
91931676,2022,2022-12-01,9670,2022-10-22,1242,019138,,6,1,5,3007,0,1,1,,2,041,"I-405 SB (SAN DIEGO FREEWAY)","WARNER AVE.",670.00,N,N,B,-,Y,ORA,,405,,,14.962,H,,L,Y,2,0,1,3,A,-,03,22350,,N,C,C,A,A,D,-,A,D,0,,,Y,,Y,,C,02,1,0,0,0,0,0,0,0,1,"- ","- ",33.717380523681641,-117.96903991699219,ORANGE,"FOUNTAIN VALLEY",-117.96903991699219,33.717380523681641
91932415,2022,2022-12-02,9675,2022-11-22,1658,021076,,2,2,6,3008,0,1,3,,2,571,"SR-57 NORTHBOUND","NUTWOOD AVENUE",484.00,S,N,A,-,Y,ORA,,57,,,17.496,H,,R,N,3,0,1,2,A,-,07,21658,A,N,B,C,A,A,H,-,C,D,0,,,Y,,Y,,A,01,0,1,0,0,0,0,0,0,1,"- ","- ",33.876789093017578,-117.88028717041016,ORANGE,FULLERTON,-117.88020324707031,33.876789093017578
91935442,2022,2022-12-06,9675,2022-11-29,1811,018985,,2,2,6,3026,0,1,1,,2,406,"I-405 S/B","JEFFREY RD.",1000.00,N,N,A,-,Y,ORA,,405,,,4.133,H,,L,N,2,0,1,2,A,-,08,22107,,F,B,C,A,A,H,-,C,D,0,,,Y,,Y,,-,99,1,0,0,0,0,0,0,0,1,"- ","- ",33.663780212402344,-117.79820251464844,ORANGE,IRVINE,-117.79821014404297,33.663734436035156
91937527,2022,2022-12-08,9690,2022-12-03,1505,020038,,6,2,9,3000,0,1,3,,1,074,"SR-74 (ORTEGA HWY)","ANTONIO PKWY",0.00,,Y,B,-,Y,ORA,,74,,R,2.595,H,,R,N,2,0,1,1,A,-,08,22107,,N,F,A,A,A,H,-,A,D,0,,,Y,,Y,,C,02,1,0,0,0,0,0,0,0,1,"- ","- ",33.519828796386719,-117.61984252929688,ORANGE,UNINCORPORATED,-117.61977386474609,33.519603729248047
91939042,2022,2022-12-12,9675,2022-12-02,0708,018252,,5,1,9,3000,0,1,1,,2,045,"I-405 SOUTHBOUND","MACARTHUR BLVD",15.00,N,N,B,-,Y,ORA,,405,,,7.788,H,,L,N,4,0,1,2,A,-,08,22107,,N,C,C,A,A,H,-,A,D,0,,,Y,,Y,,A,01,0,0,1,0,0,0,0,0,1,"- ","- ",33.682571411132812,-117.85688781738281,ORANGE,UNINCORPORATED,-117.85691070556641,33.682540893554688
91941823,2022,2022-12-14,9675,2022-12-06,0741,021305,,2,1,6,3015,0,1,1,,2,520,"I-5 SOUTHBOUND","CHAPMAN AVE",650.00,S,N,B,-,Y,ORA,,5,,,34.913,H,,L,N,3,0,1,2,A,-,08,22107,,N,B,C,A,B,H,-,A,D,0,,,Y,,Y,,A,01,0,1,0,0,0,0,0,0,1,"- ","- ",33.788528442382812,-117.88674926757812,ORANGE,ORANGE,-117.88682556152344,33.788478851318359
91942216,2022,2022-12-14,9675,2022-12-06,1558,020699,,2,2,7,3001,0,1,3,,2,094,"SR-91 EASTBOUND","WEIR CANYON RD.",50.00,W,N,A,-,Y,ORA,,91,,R,14.552,H,,R,N,4,0,1,3,A,-,07,21658,A,N,B,C,A,A,H,-,A,D,0,,,Y,,Y,,A,01,0,0,1,0,0,0,0,0,1,"- ","- ",33.870571136474609,-117.74272155761719,ORANGE,ANAHEIM,-117.74271392822266,33.870521545410156
91943523,2022,2022-12-15,9690,2022-11-20,1515,020038,,7,2,9,3000,0,2,4,,2,037,"LIVE OAK CANYON ROAD","CANYON CREEK DRIVE",86.00,S,N,A,-,N,,,,,,,,,,Y,1,1,0,1,A,-,08,22107,,N,E,I,A,A,H,-,A,D,0,,,Y,,Y,,C,02,0,0,0,0,0,0,0,1,0,"- ","- ",33.675079345703125,-117.60198974609375,ORANGE,UNINCORPORATED,-117.60184478759766,33.675045013427734
91943765,2022,2022-12-15,9690,2022-02-10,0748,014351,,4,1,4,3045,0,1,1,,2,055,"I-5 SOUTHBOUND (SAN DIEGO FRWY)","LA PAZ ROAD",800.00,N,N,A,-,Y,ORA,,5,,,16.663,H,,L,Y,1,1,0,3,A,-,07,21658,A,F,B,C,A,A,D,-,A,D,0,,,Y,Y,Y,,-,99,0,0,0,0,0,0,0,1,0,"- ","- ",33.598888397216797,-117.67828369140625,ORANGE,"LAGUNA HILLS",-117.67829132080078,33.598869323730469
91944115,2022,2022-12-16,9675,2022-12-07,1630,020027,,3,2,7,3019,0,1,3,,2,552,"SR-55 SOUTHBOUND","WARNER AVE",1500.00,S,N,A,-,Y,ORA,,55,,R,8.205,H,,L,Y,3,0,1,2,A,-,07,21658,A,N,B,C,A,A,H,-,A,D,0,,,Y,,Y,,A,07,0,1,0,0,0,0,0,0,1,"- ","- ",33.712268829345703,-117.84816741943359,ORANGE,"SANTA ANA",-117.84823608398438,33.712318420410156
91944121,2022,2022-12-16,9675,2022-12-07,1715,018985,,3,2,6,3026,0,1,1,,2,530,"I-5 N/B","JEFFREY RD.",1200.00,N,N,A,-,Y,ORA,,5,,R,25.214,H,,R,N,3,0,1,2,A,-,03,22350,,N,C,C,A,A,H,-,C,D,0,,,Y,,Y,,C,02,0,1,0,0,0,0,0,0,1,"- ","- ",33.69287109375,-117.77020263671875,ORANGE,IRVINE,-117.77011108398438,33.692913055419922
91944153,2022,2022-12-16,9675,2022-12-08,0809,017773,,4,1,6,3026,0,1,1,,2,530,"I-5 SOUTHBOUND","CULVER DR",1000.00,S,N,A,-,Y,ORA,,5,,R,26.356,H,,L,Y,2,0,1,2,A,-,03,22350,,N,C,C,A,A,H,-,A,D,0,,,Y,,Y,,C,02,1,0,0,0,0,0,0,0,1,"- ","- ",33.707260131835938,-117.77976989746094,ORANGE,IRVINE,-117.77995300292969,33.707157135009766
91945874,2022,2022-12-19,9675,2022-12-07,0520,017993,,3,3,7,3019,0,1,3,,2,552,"SR-55 SOUTHBOUND","WARNER AVE.",290.00,N,N,A,-,Y,ORA,,55,,R,8.568,H,,L,Y,4,0,1,3,A,-,03,22350,,N,C,C,A,A,H,-,A,A,0,,,Y,,Y,,C,02,0,0,1,0,0,0,0,0,1,"- ","- ",33.716381072998047,-117.84429168701172,ORANGE,"SANTA ANA",-117.84423828125,33.716342926025391
91946860,2022,2022-12-20,9690,2022-06-15,0122,020637,,3,3,4,3011,0,1,3,,2,072,"SR-73 SOUTHBOUND FROM SR-133","LAGUNA CANYON ROAD UNDERCROSSING",240.00,N,N,A,-,Y,ORA,,73,,,16.879,H,,L,Y,1,1,0,1,A,-,03,22350,,N,E,I,A,A,H,-,C,D,0,,,Y,,Y,,C,02,0,0,0,0,0,0,0,1,0,"- ","- ",33.592330932617188,-117.76051330566406,ORANGE,"LAGUNA BEACH",-117.76038360595703,33.592521667480469
91948373,2022,2022-12-21,9690,2022-12-14,0735,020236,,3,1,5,3028,0,1,1,,2,056,"I-5 N/B","OSO PARKWAY",2640.00,N,N,A,-,Y,ORA,,5,,,15.708,H,,R,N,3,0,1,2,A,-,03,22350,,N,C,C,A,A,D,-,A,D,0,,,Y,,Y,,C,02,0,1,0,0,0,0,0,0,1,"- ","- ",33.587318420410156,-117.67154693603516,ORANGE,"MISSION VIEJO",-117.67148590087891,33.587318420410156
91949191,2022,2022-12-22,9675,2022-12-09,0947,018039,,5,1,7,3001,0,1,3,,2,093,"SR-91 EASTBOUND","GLASSEL STREET",490.00,W,N,A,-,Y,,,,,,,,,,N,2,0,1,1,A,-,03,22350,,N,E,I,A,A,H,-,A,D,0,,,Y,,Y,,C,02,1,0,0,0,0,0,0,0,1,"- ","- ",33.846790313720703,-117.85677337646484,ORANGE,ANAHEIM,-117.85694122314453,33.847469329833984
91952084,2022,2022-12-26,9675,2022-12-14,1743,019527,,3,2,4,3002,0,1,3,,2,570,"SR-57 N/B","TONNER CANYON ROAD",40.00,N,N,A,-,Y,ORA,,57,,,21.859,H,,R,Y,3,0,1,2,A,-,07,21658,A,N,B,C,A,A,H,-,C,D,0,,,Y,,Y,,A,07,0,1,0,0,0,0,0,0,1,"- ","- ",33.938808441162109,-117.87693023681641,ORANGE,BREA,-117.87693786621094,33.938812255859375
91952195,2022,2022-12-26,9690,2022-12-15,1900,020038,,4,2,9,3000,0,2,4,,2,034,"ANTONIO PKWY","CROWN VALLEY PKWY",250.00,S,N,B,-,N,,,,,,,,,,N,2,0,1,2,A,-,09,21804,B,N,F,A,A,A,H,-,C,A,0,,,Y,,Y,,A,01,1,0,0,0,0,0,0,0,1,"- ","- ",33.564548492431641,-117.62893676757812,ORANGE,UNINCORPORATED,-117.62911987304688,33.564643859863281
91952417,2022,2022-12-26,9675,2022-12-16,0743,018027,,5,1,6,3004,0,1,1,,2,045,"I-405 SOUTHBOUND","BRISTOL ST",100.00,N,N,B,-,Y,ORA,,405,,,9.599,H,,L,Y,2,0,1,1,A,-,03,22350,,N,E,I,A,A,H,-,A,D,0,,,Y,,Y,,C,02,1,0,0,0,0,0,0,0,1,"- ","- ",33.687381744384766,-117.88715362548828,ORANGE,"COSTA MESA",-117.88715362548828,33.687297821044922
91952741,2022,2022-12-27,9675,2022-12-16,1455,019135,,5,2,7,3001,0,1,3,,2,093,"SR-91 EASTBOUND","GLASSELL ST",1800.00,E,N,A,-,Y,ORA,,91,,,7.797,H,,R,Y,4,0,1,3,A,-,07,21658,A,N,B,C,A,A,H,-,A,D,0,,,Y,,Y,,A,01,0,0,1,0,0,0,0,0,1,"- ","- ",33.849720001220703,-117.84809875488281,ORANGE,ANAHEIM,-117.84809112548828,33.849685668945312
91952934,2022,2023-02-06,9675,2022-12-16,1705,021274,,5,2,7,3001,0,1,3,,2,572,"STATE ROUTE 57 S/B","CERRITOS AVENUE",590.00,S,N,A,-,Y,ORA,,57,,,12.853,H,,L,N,3,0,1,3,A,-,08,22107,,N,B,C,A,A,H,-,C,D,0,,,Y,,Y,,A,01,0,1,0,0,0,0,0,0,1,"- ","- ",33.810329437255859,-117.87899017333984,ORANGE,ANAHEIM,-117.87905883789062,33.810348510742188
91954463,2022,2022-12-28,9675,2022-12-18,2043,021377,,7,2,7,3001,0,1,3,,2,095,"SR-91 EASTBOUND","GYPSUM CYN ROAD",500.00,E,N,A,-,Y,ORA,,91,,R,16.495,H,,R,Y,3,0,1,1,A,-,03,22350,,N,F,A,A,A,H,-,C,D,0,,,Y,,Y,,C,02,0,1,0,0,0,0,0,0,1,"- ","- ",33.867279052734375,-117.71025085449219,ORANGE,ANAHEIM,-117.71025085449219,33.867282867431641
91954530,2022,2022-12-28,9670,2022-12-20,0732,016454,,2,1,6,3010,0,1,1,,2,041,"I-405 S/B","BOLSA AVENUE",900.00,S,N,A,-,Y,ORA,,405,,,17.375,H,,L,Y,2,0,1,3,A,-,03,22350,,N,C,C,A,A,D,E,A,D,0,,,Y,,Y,,C,02,1,0,0,0,0,0,0,0,1,"- ","- ",33.740650177001953,-118.00006103515625,ORANGE,"HUNTINGTON BEACH",-118.00011444091797,33.740604400634766
91955896,2022,2022-12-29,9675,2022-12-21,0738,019897,,3,1,6,3015,0,1,1,,2,502,"I-5 SOUTHBOUND","CHAPMAN AVENUE",213.00,N,N,A,-,Y,ORA,,5,,,35.064,H,,L,Y,4,0,1,2,A,-,08,22107,,N,C,C,A,A,H,-,A,D,0,,,Y,,Y,,A,08,0,0,1,0,0,0,0,0,1,"- ","- ",33.790138244628906,-117.88847351074219,ORANGE,ORANGE,-117.88854217529297,33.790084838867188
91956682,2022,2022-12-30,9675,2022-12-21,1510,019135,,3,2,6,3008,0,1,3,,2,570,"SR-57 NORTHBOUND","BASTANCHURY RD",300.00,S,N,A,-,Y,ORA,,57,,,18.777,H,,R,Y,2,0,1,3,A,-,03,22350,,N,C,C,A,A,H,-,A,D,0,,,Y,,Y,,C,02,1,0,0,0,0,0,0,0,1,"- ","- ",33.895378112792969,-117.88079071044922,ORANGE,FULLERTON,-117.88069152832031,33.8953857421875
91957124,2022,2023-01-02,9675,2022-12-21,1458,019527,,3,2,5,3022,0,1,3,,2,552,"SR-55 S/B","WARNER AVE",35.00,N,N,A,-,Y,ORA,,55,,R,8.523,H,,L,Y,2,0,1,2,A,-,08,22107,,N,C,C,A,A,H,-,A,D,0,,,Y,,Y,,C,02,1,0,0,0,0,0,0,0,1,"- ","- ",33.715801239013672,-117.84467315673828,ORANGE,TUSTIN,-117.84474945068359,33.715854644775391
91960735,2022,2023-01-05,9690,2022-12-22,1340,020182,,4,1,4,3045,0,1,1,,2,055,"I-5 S/B (SAN DIEGO FRWY)","LAKE FOREST DR.",1445.00,S,N,A,-,Y,ORA,,5,,,19.609,H,,L,N,3,0,1,3,A,-,07,21658,A,N,F,C,A,A,H,-,A,D,0,,,Y,,Y,,C,02,0,1,0,0,0,0,0,0,1,"- ","- ",33.625038146972656,-117.71787261962891,ORANGE,"LAGUNA HILLS",-117.71782684326172,33.625068664550781
91965799,2023,2023-01-11,9675,2023-01-02,1210,019897,,1,1,6,3015,0,1,3,,2,222,"SR-22 E/B TO I-5 N/B",I-5,528.00,E,N,B,-,Y,,,,,,,,,,Y,2,0,1,2,A,-,03,22350,,N,B,C,A,A,H,-,A,A,0,,,Y,,Y,,C,02,1,0,0,0,0,0,0,0,1,"- ","- ",33.777969360351562,-117.87220764160156,ORANGE,ORANGE,-117.87220764160156,33.777969360351562
91965973,2022,2023-01-11,9675,2022-06-04,1225,016748,,6,1,5,3016,0,1,3,,2,571,"STATE ROUTE 57 NORTHBOUND","ORANGETHORPE AVENUE",380.00,N,N,A,-,Y,ORA,,57,,,16.471,H,,R,Y,1,1,1,3,A,-,03,22350,,N,C,C,A,A,H,-,A,D,0,,,Y,,Y,,C,02,0,1,0,0,0,0,0,1,1,"- ","- ",33.862228393554688,-117.87743377685547,ORANGE,PLACENTIA,-117.87740325927734,33.862236022949219
91969022,2023,2023-01-16,9690,2023-01-09,1745,016493,,1,2,5,3050,0,1,1,,2,055,"I-5 N/B (SAN DIEGO FRWY)","EL TORO ROAD",1500.00,N,N,B,-,Y,ORA,,5," "," ",18.942,H,,R,N,3,0,1,1,A,-,08,22107,,N,F,A,A,A,D,-,D,D,0,,,Y,,Y,,C,02,0,1,0,0,0,0,0,0,1,"- ","- ",33.617488861083984,-117.71027374267578,ORANGE,"LAKE FOREST",-117.71028900146484,33.617477416992188
91969398,2023,2023-01-17,9670,2023-01-11,"750 ",016454,,3,1,6,3015,0,1,1,,2,430,"I-405 S/B","MCFADDEN AVENUE",300.00,N,N,B,-,Y,ORA,,405," "," ",17.030,H,,L,Y,3,0,1,2,A,-,07,21658,A,N,C,C,A,A,D,E,A,D,0,,,Y,,Y,,A,01,0,1,0,0,0,0,0,0,1,"- ","- ",33.737251281738281,-117.99597930908203,ORANGE,ORANGE,-117.99599456787109,33.737236022949219
91970800,2023,2023-01-18,9670,2023-01-13,1611,019290,,5,2,4,3020,0,1,1,,2,044,"I-405 N/B","SEAL BEACH BLVD",2640.00,S,N,A,-,Y,ORA,,405," "," ",21.749,H,,R,N,3,0,1,2,A,-,07,21658,A,N,B,C,A,A,D,E,A,D,0,,,Y,,Y,,A,07,0,1,0,0,0,0,0,0,1,"- ","- ",33.774410247802734,-118.05943298339844,ORANGE,"SEAL BEACH",-118.05942535400391,33.774482727050781
91970974,2023,2023-01-18,9690,2023-01-15,1315,019319,,7,1,4,3018,0,1,1,,2,057,"I-5 S/B (SAN DIEGO FRWY)","SR-74 (ORTEGA HIGHWAY)",520.00,N,N,B,-,Y,ORA,,5," "," ",9.715,H,,L,N,3,0,1,1,A,-,03,22350,,N,F,I,A,A,H,-,A,D,0,,,Y,,Y,,C,02,0,1,0,0,0,0,0,0,1,"- ","- ",33.504001617431641,-117.65891265869141,ORANGE,"SAN JUAN CAPISTRANO",-117.65894317626953,33.503993988037109
91974649,2023,2023-01-23,9675,2023-01-12,1215,022993,,4,1,5,3022,0,1,1,,2,503,"I-5 NORTHBOUND TO SR-55 SOUTHBOUND","SR-55 SOUTHBOUND",100.00,N,N,A,-,Y,,,,,,,,,,Y,3,0,1,1,A,-,03,22350,,N,F,A,A,A,H,-,A,D,0,,,Y,,Y,,C,02,0,1,0,0,0,0,0,0,1,"- ","- ",33.741668701171875,-117.83489227294922,ORANGE,TUSTIN,-117.83489227294922,33.741668701171875
91974894,2023,2023-01-23,9675,2023-01-11,1215,023105,,3,1,6,3004,0,1,1,,2,405,"I-405 SOUTHBOUND","HARBOR BLVD",4752.00,N,N,A,-,Y,ORA,,405," "," ",12.415,H,,L,Y,4,0,2,3,A,-,07,21658,,N,D,C,A,A,H,-,A,D,0,,,Y,Y,Y,,G,25,0,0,2,0,0,0,0,0,1,"- ","- ",33.695091247558594,-117.93427276611328,ORANGE,"COSTA MESA",-117.93424224853516,33.695137023925781
91977957,2023,2023-01-26,9675,2023-01-13,1450,023136,,5,2,7,3019,0,1,1,,2,502,"I-5 NORTHBOUND","GRAND AVE",709.00,N,N,A,-,Y,ORA,,5," "," ",31.936,H,,R,N,3,0,1,2,A,-,03,22350,,N,C,C,A,A,H,-,A,D,0,,,Y,,Y,,C,02,0,1,0,0,0,0,0,0,1,"- ","- ",33.756088256835938,-117.85414123535156,ORANGE,"SANTA ANA",-117.85413360595703,33.756099700927734
91978208,2023,2023-01-26,9690,2023-01-08,1840,019925,,7,2,4,3029,0,1,S,,2,901,"STREET OF THE AMBER LANTERN (34100 BLOCK)","SAN MARENO PLACE",96.00,N,N,A,-,Y,,,,,,,,,,N,3,0,2,2,A,-,03,22350,,N,F,A,A,A,H,-,C,D,0,,,Y,,Y,,C,02,0,2,0,0,0,0,0,0,1,"- ","- ",33.467208862304688,-117.7022705078125,ORANGE,"DANA POINT",,
91983941,2023,2023-02-01,9675,2023-01-21,1730,023128,,6,2,9,3000,0,2,4,,2,037,"MODJESKA CANYON ROAD","CROATIAN STREET",160.00,E,N,A,-,Y,,,,,,,,,,N,3,0,2,1,A,-,03,22350,,N,E,I,A,A,H,-,C,D,0,,,Y,,Y,,C,02,0,2,0,0,0,0,0,0,2,"- ","- ",33.712009429931641,-117.64080047607422,ORANGE,UNINCORPORATED,-117.64075469970703,33.711917877197266
91984850,2023,2023-02-02,9675,2023-01-23,1700,021397,,1,2,7,3001,0,1,3,,2,092,"SR-91 EASTBOUND","SR-57 SOUTHBOUND",20.00,E,N,A,-,Y,ORA,,91," "," ",6.103,H,,R,Y,2,0,1,3,A,-,08,22107,,N,A,C,A,A,H,-,A,D,0,,,Y,,Y,,A,01,1,0,0,0,0,0,0,0,1,"- ","- ",33.849800109863281,-117.87612152099609,ORANGE,ANAHEIM,-117.87614440917969,33.849761962890625
91985950,2023,2023-02-03,9675,2023-01-25,1420,019018,,3,2,6,3015,0,1,3,,2,550,"SR-55 NORTHBOUND","MEATS AVENUE",48.00,S,N,A,-,Y,ORA,,55," "," ",16.141,H,,R,Y,3,0,1,1,A,-,03,22350,,N,F,A,A,A,H,-,A,D,0,,,Y,,Y,,C,02,0,1,0,0,0,0,0,0,1,"- ","- ",33.823089599609375,-117.83209991455078,ORANGE,ORANGE,-117.83185577392578,33.823093414306641
91986021,2023,2023-02-03,9675,2023-01-25,1614,023136,,3,2,6,3015,0,1,3,,2,550,"SR-55 NORTHBOUND","KATELLA AVENUE",2460.00,S,N,A,-,Y,ORA,,55," "," ",14.788,H,,R,N,2,0,1,2,A,-,07,21658,A,N,B,C,A,A,A,-,A,D,0,,,Y,,Y,,A,01,1,0,0,0,0,0,0,0,1,"- ","- ",33.803390502929688,-117.83167266845703,ORANGE,ORANGE,-117.83160400390625,33.803394317626953
91986350,2023,2023-02-03,9675,2023-01-25,1845,020699,,3,2,5,3022,0,1,1,,2,503,"I-5 NORTHBOUND","RED HILL AVE.",300.00,N,N,A,-,Y,ORA,,5," ",R,29.146,H,,R,N,4,0,1,4,A,-,07,21658,A,N,B,C,A,A,H,-,C,D,0,,,Y,,Y,,A,07,0,0,1,0,0,0,0,0,1,"- ","- ",33.734031677246094,-117.81581115722656,ORANGE,TUSTIN,-117.81578826904297,33.734046936035156
91988412,2023,2023-02-07,9675,2023-01-26,1853,023136,,4,2,6,3015,0,1,1,,2,520,"I-5 NORTHBOUND","LA VETA AVENUE",414.00,S,N,A,-,Y,ORA,,5," "," ",34.062,H,,R,N,2,0,1,2,A,-,08,22107,,N,B,C,A,A,H,-,B,D,0,,,Y,,Y,,A,01,1,0,0,0,0,0,0,0,1,"- ","- ",33.779380798339844,-117.87674713134766,ORANGE,ORANGE,-117.87656402587891,33.779502868652344
91988480,2023,2023-02-07,9670,2023-01-28,1630,022455,,6,2,5,3003,0,1,3,,2,092,SR-91,"BEACH BLVD",800.00,E,N,A,-,Y,ORA,,91," "," ",1.078,H,,R,Y,4,0,1,5,A,-,03,22350,,M,C,C,A,A,H,-,A,D,0,,,Y,,Y,,C,02,0,0,1,0,0,0,0,0,1,"- ","- ",33.853900909423828,-117.96212768554688,ORANGE,"BUENA PARK",-117.96212768554688,33.853801727294922
91988589,2023,2023-02-07,9670,2023-02-06,"710 ",018180,,1,1,7,3001,0,1,1,,2,051,I-5,"MAGNOLIA ST.",1426.00,S,N,A,-,Y,ORA,,5," "," ",41.612,H,,R,Y,2,0,1,3,A,-,07,21658,A,F,B,C,A,A,H,-,A,D,0,,,Y,,Y,,-,99,1,0,0,0,0,0,0,0,1,"- ","- ",33.852199554443359,-117.97222900390625,ORANGE,ANAHEIM,-117.97207641601562,33.852405548095703
91988915,2023,2023-02-07,9675,2023-01-27,1800,023128,,5,2,7,3019,0,1,1,,2,502,"I-5 SOUTHBOUND",BROADWAY,270.00,N,N,A,-,Y,ORA,,5," "," ",33.389,H,,L,N,3,0,1,1,A,-,03,22350,,N,H,0,A,A,H,-,C,D,0,,,Y,,Y,,C,02,0,1,0,0,0,0,0,0,1,"- ","- ",33.771419525146484,-117.87010955810547,ORANGE,"SANTA ANA",-117.8702392578125,33.771347045898438
91994850,2023,2023-02-15,9675,2023-02-07,1701,018887,,2,2,6,3026,0,1,1,,2,046,"I-405 SOUTHBOUND","HARVARD AVENUE",528.00,S,N,A,-,Y,ORA,,405," "," ",6.080,H,,L,Y,4,0,1,4,A,-,06,21755,A,N,B,C,A,A,H,-,B,D,0,,,Y,,Y,,C,02,0,0,1,0,0,0,0,0,1,"- ","- ",33.671951293945312,-117.83026885986328,ORANGE,IRVINE,-117.83031463623047,33.671855926513672
91995840,2023,2023-02-16,9675,2023-02-07,"820 ",023128,,2,1,5,3022,0,1,1,,2,503,"I-5 SOUTHBOUND","NEWPORT AVENUE",430.00,S,N,A,-,Y,ORA,,5," ",R,29.529,H,,L,N,4,0,1,2,A,-,07,21658,A,N,B,C,A,A,H,-,A,A,0,,,Y,,Y,,A,07,0,0,1,0,0,0,0,0,1,"- ","- ",33.736541748046875,-117.82176971435547,ORANGE,TUSTIN,-117.82178497314453,33.736515045166016
91999907,2023,2023-02-22,9670,2023-02-13,1330,019171,,1,1,7,3001,0,1,1,,2,502,"I-5 N/B (SANTA ANA FWY)","HARBOR BLVD",1500.00,S,N,A,-,Y,ORA,,5," "," ",36.931,H,,R,Y,3,0,1,1,A,-,03,22350,,N,F,I,A,A,H,-,A,D,0,,,Y,,Y,,C,02,0,1,0,0,0,0,0,0,1,"- ","- ",33.810558319091797,-117.91001129150391,ORANGE,ANAHEIM,-117.91001129150391,33.810558319091797
92001152,2023,2023-02-23,9675,2023-02-10,1630,018102,,5,2,6,3026,0,1,1,,2,503,"I-5 NORTHBOUND","JAMBOREE ROAD",200.00,S,N,A,-,Y,ORA,,5," "," ",27.512,H,,R,Y,3,0,1,4,A,-,07,21658,A,N,B,C,A,A,H,-,A,D,0,,,Y,,Y,,A,01,0,1,0,0,0,0,0,0,1,"- ","- ",33.718879699707031,-117.79396057128906,ORANGE,IRVINE,-117.79390716552734,33.71893310546875
92001666,2022,2023-02-23,9675,2022-10-23,1551,020699,,7,2,7,3001,0,1,3,,2,193,"STATE ROUTE 91 EASTBOUND","SIGN EB-1P",338.50,W,N,A,-,Y,ORA,,91,,R,9.090,H,,R,N,1,1,0,1,A,-,01,23152,G,N,E,J,A,A,H,-,A,D,0,,,Y,,Y,Y,C,02,0,0,0,0,0,0,0,1,0,"- ","- ",33.844650268554688,-117.82865905761719,ORANGE,ANAHEIM,-117.82871246337891,33.844581604003906
92002143,2023,2023-02-24,9670,2023-02-16,1630,019171,,4,2,7,3001,0,1,1,,2,052,"I-5 N/B (SANTA ANA FWY)","GENE AUTRY WAY",500.00,N,N,A,-,Y,ORA,,5," "," ",36.206,H,,R,Y,3,0,1,3,A,-,08,22107,,F,F,I,A,A,H,-,A,D,0,,,Y,,Y,Y,-,99,0,1,0,0,0,0,0,0,1,"- ","- ",33.802528381347656,-117.9010009765625,ORANGE,ANAHEIM,-117.90097808837891,33.802543640136719
92002339,2023,2023-02-24,9670,2023-02-21,"745 ",018180,,2,1,5,3003,0,1,3,,2,191,"SR-91 W/B (RIVERSIDE FREEWAY)","STANTON AVE.",634.00,E,N,A,-,Y,ORA,,91," ",R,2.989,H,,L,Y,4,0,1,2,A,-,08,22107,,N,B,C,A,A,H,-,A,D,0,,,Y,,Y,,C,02,0,0,1,0,0,0,0,0,1,"- ","- ",33.856170654296875,-117.99156188964844,ORANGE,"BUENA PARK",-117.99156188964844,33.856235504150391
92002466,2023,2023-02-24,9670,2023-02-16,"738 ",019138,,4,1,6,3008,0,1,1,,2,501,"I-5 SB",SR-91,30.00,N,N,A,-,Y,ORA,,5," "," ",42.349,H,,L,Y,3,0,1,2,A,-,03,22350,,N,F,8,A,A,H,-,A,D,0,,,Y,,Y,,C,02,0,1,0,0,0,0,0,0,1,"- ","- ",33.857841491699219,-117.98293304443359,ORANGE,FULLERTON,-117.98296356201172,33.8577880859375
92002645,2023,2023-02-24,9675,2023-02-16,1905,021633,,4,2,7,3001,0,1,3,,2,193,"SR-91 EASTBOUND","GLASSELL STREET",2425.00,E,N,A,-,Y,ORA,,91," "," ",7.822,H,,R,N,4,0,1,2,A,-,07,21658,A,N,B,C,A,A,H,-,C,D,0,,,Y,,Y,,A,07,0,0,1,0,0,0,0,0,1,"- ","- ",33.849819183349609,-117.84768676757812,ORANGE,ANAHEIM,-117.84767913818359,33.849788665771484
92004240,2023,2023-02-27,9690,2023-02-16,2220,021924,,4,3,9,3000,0,2,4,,2,037,"LIVE OAK CANYON ROAD","MONASTERY ROAD",200.00,S,N,A,-,N,,,,,,,,,,N,3,0,1,1,A,-,01,23152,A,N,F,J,A,A,H,-,D,D,0,,,Y,,Y,Y,C,02,0,1,0,0,0,0,0,0,1,"- ","- ",33.670040130615234,-117.60247039794922,ORANGE,UNINCORPORATED,,
92004417,2023,2023-02-27,9675,2023-02-17,1405,021834,,5,2,7,3001,0,1,3,,2,094,"SR-91 WESTBOUND","WEIR CANYON ROAD",2000.00,W,N,A,-,Y,ORA,,91," ",R,13.435,H,,L,N,3,0,1,1,A,-,08,22107,,N,E,I,A,A,H,-,A,D,0,,,Y,,Y,,C,02,0,1,0,0,0,0,0,0,1,"- ","- ",33.868068695068359,-117.76158142089844,ORANGE,ANAHEIM,-117.76162719726562,33.868141174316406
92004823,2023,2023-02-28,9670,2023-02-21,"735 ",019694,,2,1,3,3006,0,1,3,,2,192,"STATE ROUTE 91 E/B (RIVERSIDE FWY)","ORANGETHORPE AVE",440.00,E,N,A,-,Y,ORA,,91," ",R,0.640,H,,R,Y,2,0,1,2,A,-,08,22107,,N,D,C,A,A,H,-,A,D,0,,,Y,,Y,,A,01,1,0,0,0,0,0,0,0,1,"- ","- ",33.857978820800781,-118.03202819824219,ORANGE,"LA PALMA",-118.03205871582031,33.857933044433594
92007084,2023,2023-03-01,9675,2023-02-21,"900 ",023136,,2,1,6,3026,0,1,1,,2,046,"I-405 SOUTHBOUND",JEFFREY,500.00,N,N,A,-,Y,ORA,,405," "," ",4.051,H,,L,Y,4,0,1,3,A,-,03,22350,,N,B,C,A,A,H,-,A,D,0,,,Y,,Y,,C,02,0,0,1,0,0,0,0,0,1,"- ","- ",33.663581848144531,-117.79679107666016,ORANGE,IRVINE,-117.79679870605469,33.663536071777344
92008384,2023,2023-03-02,9675,2023-01-22,1548,018985,,7,2,6,3026,0,1,1,,2,407,"INTERSTATE 405 NORTHBOUND","SAND CANYON CANYON AVENUE",2090.00,N,N,A,-,Y,ORA,,405," "," ",3.267,H,,R,Y,1,1,0,1,A,-,03,22350,,N,E,I,A,A,H,-,A,D,0,,,Y,,Y,,C,02,0,0,0,0,0,0,0,1,0,"- ","- ",33.661151885986328,-117.78337097167969,ORANGE,IRVINE,-117.78345489501953,33.6610107421875
92008662,2023,2023-03-03,9675,2023-02-22,1803,018102,,3,2,7,3019,0,1,1,,2,530,"I-5 NORTHBOUND","FIRST STREET",1500.00,S,N,B,-,Y,ORA,,5," "," ",30.609,H,,R,Y,3,0,1,2,A,-,08,22107,,F,B,C,A,A,H,-,C,D,0,,,Y,,Y,,-,99,0,1,0,0,0,0,0,0,1,"- ","- ",33.742519378662109,-117.83878326416016,ORANGE,"SANTA ANA",-117.83875274658203,33.742576599121094
92011372,2023,2023-03-07,9670,2023-01-29,2250,021210,,7,3,7,3001,0,1,3,,2,093,"SR-91 WESTBOUND","RAYMOND AVENUE",1584.00,W,N,B,-,Y,ORA,,91," "," ",3.909,H,,L,Y,3,0,1,2,A,-,03,22350,,N,F,A,A,B,H,-,C,D,0,,,Y,,Y,,C,02,0,1,0,0,0,0,0,0,1,"- ","- ",33.853969573974609,-117.91294097900391,ORANGE,ANAHEIM,-117.91294097900391,33.853897094726562
92013039,2023,2023-03-08,9675,2023-03-01,"433 ",018983,,3,3,6,3026,0,1,1,,2,406,"I-405 SOUTHBOUND","JAMBOREE ROAD",1200.00,S,N,C,-,Y,ORA,,405," "," ",6.665,H,,L,Y,3,0,1,2,A,-,03,22350,,N,D,C,A,B,H,-,C,D,0,,,Y,,Y,,A,07,0,1,0,0,0,0,0,0,1,"- ","- ",33.675071716308594,-117.83969879150391,ORANGE,IRVINE,-117.8397216796875,33.675022125244141
92013988,2022,2023-03-09,9675,2022-10-05,0645,019320,,3,1,4,3002,0,1,3,,2,570,"STATE ROUTE 57 SOUTHBOUND","LAMBERT ROAD",2586.00,N,N,B,-,Y,ORA,,57,,,21.490,H,,L,Y,1,1,0,3,A,-,03,22350,,F,C,C,A,A,H,-,A,D,0,,,Y,Y,Y,,C,02,0,0,0,0,0,0,0,1,0,"- ","- ",33.933780670166016,-117.87895202636719,ORANGE,BREA,-117.87893676757812,33.93377685546875
92018346,2023,2023-03-15,9675,2023-03-07,1605,021633,,2,2,7,3001,0,1,3,,2,093,"SR-91 EASTBOUND","TUSTIN AVE",725.00,W,N,A,-,Y,ORA,,91," "," ",8.254,H,,R,Y,4,0,1,3,A,-,07,21658,A,N,B,C,A,A,H,-,A,D,0,,,Y,,Y,,D,22,0,0,1,0,0,0,0,0,1,"- ","- ",33.8514404296875,-117.84046936035156,ORANGE,ANAHEIM,-117.84046936035156,33.851406097412109
92018904,2023,2023-03-15,9675,2023-03-08,1500,021694,,3,2,7,3001,0,1,3,,2,095,"SR-91 EASTBOUND","SR-241 N/B TO SR-91 W/B OVERCROSSING",2180.00,W,N,A,-,Y,ORA,,91," ",R,15.488,H,,R,Y,3,0,1,2,D,-,00,,,N,C,C,A,A,H,-,A,D,0,,,Y,,Y,,-,"- ",0,1,0,0,0,0,0,0,1,"- ","- ",33.867908477783203,-117.72740173339844,ORANGE,ANAHEIM,-117.72740936279297,33.867893218994141
92019354,2023,2023-03-16,9675,2023-03-06,"940 ",015914,,1,1,6,3004,0,1,1,,2,405,"I-405 SOUTHBOUND","SANTA ANA RIVER",50.00,S,N,A,-,Y,ORA,,405," "," ",12.397,H,,L,N,4,0,1,1,A,-,03,22350,,N,F,A,A,A,H,-,A,D,0,,,Y,,Y,,C,02,0,0,1,0,0,0,0,0,1,"- ","- ",33.694950103759766,-117.93399047851562,ORANGE,"COSTA MESA",-117.93395233154297,33.695014953613281
92019411,2023,2023-03-16,9675,2023-03-06,"645 ",015914,,1,1,6,3004,0,1,1,,2,405,"I-405 SOUTHBOUND","HARBOR BOULEVARD",2100.00,S,N,A,-,Y,ORA,,405," "," ",11.046,H,,L,N,3,0,2,3,A,-,03,22350,,N,C,C,A,A,D,-,A,D,0,,,Y,,Y,,C,02,0,1,1,0,0,0,0,0,1,"- ","- ",33.687808990478516,-117.91227722167969,ORANGE,"COSTA MESA",-117.91227722167969,33.687808990478516
92022040,2023,2023-03-20,9670,2023-03-07,"705 ",016271,,2,1,3,3013,0,1,1,,2,061,"I-605 S/B","KATELLA AVE",3000.00,S,N,A,-,Y,,,,,,,,,,N,4,0,1,5,A,-,03,22350,,N,B,C,A,A,H,-,A,A,0,,,Y,,Y,,C,03,0,0,1,0,0,0,0,0,1,"- ","- ",33.769100189208984,-118.0867919921875,ORANGE,"LOS ALAMITOS",-118.08683013916016,33.796047210693359
92027026,2023,2023-03-23,9670,2023-03-17,1000,019138,,5,1,7,3001,0,1,1,,2,500,"I-5 NB","LA PALMA AVE",250.00,N,N,A,-,Y,ORA,,5," "," ",41.103,H,,R,N,4,0,1,2,A,-,03,22350,,N,B,C,A,A,H,-,A,D,0,,,Y,,Y,,C,02,0,0,1,0,0,0,0,0,1,"- ","- ",33.848369598388672,-117.96440887451172,ORANGE,ANAHEIM,-117.96437072753906,33.848423004150391
92031584,2023,2023-03-29,9690,2023-03-19,1240,019319,,7,1,4,3018,0,1,1,,2,057,"I-5 N/B (SAN DIEGO FREEWAY)","SAN JUAN CREEK ROAD",3696.00,S,N,B,-,Y,ORA,,5," "," ",8.026,H,,R,Y,3,0,1,2,A,-,07,21658,A,N,B,C,A,B,H,-,A,D,0,,,Y,,Y,,A,01,0,1,0,0,0,0,0,0,1,"- ","- ",33.482181549072266,-117.66925811767578,ORANGE,"SAN JUAN CAPISTRANO",-117.66921997070312,33.482154846191406
92035979,2023,2023-04-03,9675,2023-03-23,1540,021305,,4,2,7,3001,0,1,3,,2,094,"SR-91 WESTBOUND","YORBA LINDA BLVD",686.00,W,N,A,-,Y,ORA,,91," ",R,14.295,H,,L,N,3,0,1,2,A,-,03,22350,,N,C,C,A,A,H,-,A,D,0,,,Y,,Y,,C,02,0,1,0,0,0,0,0,0,1,"- ","- ",33.8702392578125,-117.74735260009766,ORANGE,ANAHEIM,-117.74736022949219,33.870273590087891
92036510,2023,2023-04-04,9675,2023-03-24,2329,022103,,5,3,7,3001,0,1,3,,2,093,"SR-91 WESTBOUND TO SR-57 NORTHBOUND","SR-57 NORTHBOUND",60.00,E,N,A,-,Y,ORA,,57," "," ",15.707,H,,R,N,3,0,1,1,A,-,03,22350,,N,F,A,A,A,H,-,C,D,0,,,Y,,Y,,C,02,0,1,0,0,0,0,0,0,1,"- ","- ",33.851409912109375,-117.87532806396484,ORANGE,ANAHEIM,-117.8756103515625,33.851425170898438
92036971,2023,2023-04-04,9675,2023-03-24,"750 ",023208,,5,1,7,3019,0,1,1,,2,520,"I-5 S/B","GRAND AVE",778.00,N,N,A,-,Y,ORA,,5," "," ",31.918,H,,L,N,4,0,1,3,A,-,07,21658,A,N,B,C,A,A,H,-,A,D,0,,,Y,,Y,,A,07,0,0,1,0,0,0,0,0,1,"- ","- ",33.755611419677734,-117.85391998291016,ORANGE,"SANTA ANA",-117.85395812988281,33.755550384521484
92037285,2023,2023-04-05,9670,2023-03-24,2117,021900,,5,2,4,3020,0,1,1,,2,045,"I-405 S/B","SEAL BEACH BLVD",1000.00,N,N,A,-,Y,ORA,,405," "," ",22.950,H,,L,Y,4,0,1,3,A,-,08,22107,,N,B,C,A,A,D,-,C,D,0,,,Y,,Y,,-,"- ",0,0,1,0,0,0,0,0,1,"- ","- ",33.774330139160156,-118.08052062988281,ORANGE,"SEAL BEACH",-118.08052062988281,33.774284362792969
92037695,2023,2023-04-05,9675,2023-03-27,1655,021305,,1,2,6,3015,0,1,1,,2,520,"I-5 NORTHBOUND",SR-22,1320.00,S,N,A,-,Y,ORA,,5," "," ",33.743,H,,R,N,3,0,2,2,A,-,07,21658,A,N,C,C,A,A,H,-,A,D,0,,,Y,,Y,,A,07,0,2,0,0,0,0,0,0,2,"- ","- ",33.775661468505859,-117.87344360351562,ORANGE,ORANGE,-117.87337493896484,33.775699615478516
92038280,2023,2023-04-06,9670,2023-03-31,2030,021282,,5,2,6,3009,0,1,3,,2,023,"STATE ROUTE 22 (GARDEN GROVE FREEWAY)","EUCLID AVENUE",200.00,E,N,A,-,Y,ORA,,22," ",R,7.149,H,,L,Y,2,0,1,1,A,-,03,22350,,N,E,I,A,A,H,-,C,D,0,,,Y,,Y,,C,02,1,0,0,0,0,0,0,0,1,"- ","- ",33.766338348388672,-117.93211364746094,ORANGE,"GARDEN GROVE",-117.93210601806641,33.76617431640625
92038455,2023,2023-04-06,9675,2023-03-28,1505,021274,,2,2,7,3001,0,1,3,,2,095,"STATE ROUTE 91 E/B","WEIR CANYON ROAD",3205.00,E,N,A,-,Y,ORA,,91," ",R,15.080,H,,R,N,3,0,1,2,A,-,08,22107,,N,C,C,A,A,H,-,A,D,0,,,Y,,Y,,C,02,0,1,0,0,0,0,0,0,1,"- ","- ",33.870128631591797,-117.73359680175781,ORANGE,ANAHEIM,-117.733642578125,33.870021820068359
92040137,2023,2023-04-10,9675,2023-03-25,1655,021633,,6,2,7,3001,0,1,3,,2,094,"SR-91 WESTBOUND","IMPERIAL HWY",605.00,W,N,A,-,Y,ORA,,91," ",R,11.437,H,,L,N,4,0,1,3,A,-,07,21658,A,N,B,C,A,A,H,-,A,D,0,,,Y,,Y,,A,01,0,0,1,0,0,0,0,0,1,"- ","- ",33.854328155517578,-117.79277038574219,ORANGE,ANAHEIM,-117.79277801513672,33.854393005371094
92041045,2023,2023-04-10,9670,2023-04-01,1705,021282,,6,2,6,3009,0,1,3,,2,024,"STATE ROUTE 22 (GARDEN GROVE FREEWAY) E/B","HARBOR BOULEVARD",200.00,W,N,A,-,Y,ORA,,22," ",R,7.450,H,,R,Y,2,0,1,2,A,-,01,23152,A,N,C,C,A,A,H,-,C,D,0,,,Y,,Y,Y,C,02,1,0,0,0,0,0,0,0,1,"- ","- ",33.766071319580078,-117.92680358886719,ORANGE,"GARDEN GROVE",-117.92679595947266,33.766036987304688
92043055,2023,2023-04-12,9675,2023-04-01,1415,023116,,6,2,6,3004,0,1,3,,2,553,"SR-55 NORTHBOUND","MACARTHUR BLVD.",975.00,S,N,A,-,Y,ORA,,55," ",R,6.788,H,,R,N,2,0,1,2,A,-,08,22107,,N,B,C,A,A,H,-,A,D,0,,,Y,,Y,,A,07,1,0,0,0,0,0,0,0,1,"- ","- ",33.696319580078125,-117.86351013183594,ORANGE,"COSTA MESA",-117.86359405517578,33.696376800537109
92044038,2023,2023-04-13,9675,2023-04-04,1305,019897,,2,1,5,3025,0,1,3,,2,570,"SR-57 SOUTHBOUND FROM YORBA LINDA BLVD WESTBOUND","YORBA LINDA BLVD",299.00,N,N,A,-,Y,,,,,,,,,,N,4,0,1,1,A,-,03,22350,,N,F,A,A,A,B,-,A,D,0,,,Y,,Y,,C,02,0,0,1,0,0,0,0,0,1,"- ","- ",33.889938354492188,-117.88130187988281,ORANGE,"YORBA LINDA",-117.88072967529297,33.889698028564453
92044042,2023,2023-04-13,9670,2023-04-09,"317 ",022737,,7,3,4,3020,0,1,1,,2,044,"I-405 (SAN DIEGO FREEWAY) N/B",I-605,1500.00,S,N,B,-,Y,ORA,,405," "," ",23.685,H,,R,Y,3,0,1,1,A,-,01,23152,A,N,F,A,A,A,D,-,C,D,0,,,Y,,Y,Y,C,02,0,1,0,0,0,0,0,0,1,"- ","- ",33.779399871826172,-118.08989715576172,ORANGE,"SEAL BEACH",-118.08984375,33.779411315917969
92044305,2023,2023-04-13,9675,2023-04-04,1535,019938,,2,2,9,3000,0,2,4,,2,022,"FAIRHAVEN AVENUE","EARLHAM STREET",3.00,W,N,A,-,N,,,,,,,,,,Y,4,0,1,2,A,-,09,21801,A,N,D,C,A,A,H,-,A,B,0,,,Y,,Y,,A,01,0,0,1,0,0,0,0,0,1,"- ","- ",33.773509979248047,-117.80799865722656,ORANGE,UNINCORPORATED,-117.80793762207031,33.773521423339844
92044377,2023,2023-04-13,9670,2023-04-11,1645,019304,,2,2,5,3007,0,1,1,,2,040,"I-405 N/B","BROOKHURST ST",300.00,N,N,B,-,Y,ORA,,405," "," ",13.554,H,,R,Y,3,0,1,2,A,-,03,22350,,N,F,A,A,A,D,E,A,D,0,,,Y,,Y,,C,02,0,1,0,0,0,0,0,0,1,"- ","- ",33.702980041503906,-117.95143127441406,ORANGE,"FOUNTAIN VALLEY",-117.95136260986328,33.703052520751953
92045009,2023,2023-04-27,9675,2023-04-05,"610 ",018027,,3,1,7,3001,0,1,3,,2,094,"SR-91 WESTBOUND","IMPERIAL HWY",1000.00,E,N,A,-,Y,ORA,,91," ",R,11.919,H,,L,Y,4,0,1,2,A,-,03,22350,,N,C,C,A,A,H,-,B,D,0,,,Y,,Y,,A,01,0,0,1,0,0,0,0,0,1,"- ","- ",33.857089996337891,-117.78469848632812,ORANGE,ANAHEIM,-117.78459167480469,33.856937408447266
92048639,2023,2023-04-19,9675,2023-04-12,2040,020699,,3,2,6,3015,0,1,1,,2,502,"I-5 SOUTHBOUND","ORANGEWOOD AVE",500.00,S,N,A,-,Y,ORA,,5," "," ",35.507,H,,L,N,4,0,1,2,A,-,07,21658,A,N,B,C,A,A,H,-,C,D,0,,,Y,,Y,,A,01,0,0,1,0,0,0,0,0,1,"- ","- ",33.794891357421875,-117.89373779296875,ORANGE,ORANGE,-117.893798828125,33.794841766357422
92048749,2023,2023-04-19,9675,2023-04-08,1603,021633,,6,2,7,3001,0,1,3,,2,095,"SR-91 EASTBOUND","COAL CANYON RD",1935.00,W,N,A,-,Y,ORA,,91," ",R,17.575,H,,R,N,3,0,1,1,A,-,03,22350,,N,F,A,A,A,H,-,A,D,0,,,Y,,Y,,C,02,0,1,0,0,0,0,0,0,1,"- ","- ",33.873649597167969,-117.69319152832031,ORANGE,ANAHEIM,-117.69319152832031,33.873622894287109
92049240,2023,2023-04-20,9675,2023-04-09,"1   ",022074,,7,3,7,3001,0,1,3,,2,550,"SR-55 NORTHBOUND","SR-91 EASTBOUND",780.00,S,N,A,-,Y,ORA,,55," ",R,17.641,H,,R,Y,3,0,1,1,A,-,08,22107,,M,F,A,A,A,H,-,C,D,0,,,Y,,Y,,C,02,0,1,0,0,0,0,0,0,1,"- ","- ",33.842628479003906,-117.82997894287109,ORANGE,ANAHEIM,-117.8299560546875,33.842609405517578
92049621,2022,2023-04-20,9670,2022-08-27,0206,021579,,6,3,5,3003,0,1,1,,2,500,"INTERSTATE-5 NORTHBOUND FROM ORANGETHORPE AVENUE","ORANGETHORPE AVENUE",325.00,N,N,A,-,Y,,,,,,,,,,Y,1,1,0,2,A,-,01,23152,G,N,B,C,A,A,H,-,C,D,0,,,Y,Y,Y,Y,C,02,0,0,0,0,0,0,0,1,0,"- ","- ",33.859451293945312,-117.98269653320312,ORANGE,"BUENA PARK",-117.98269653320312,33.859451293945312
92049813,2023,2023-04-20,9690,2023-04-11,"705 ",016610,,2,1,9,3000,0,3,5,,2,007,"AVENIDA LA PATA","STALLION RIDGE",0.00,,Y,B,-,N,,,,,,,,,,Y,2,0,1,2,A,-,12,21453,A,N,D,C,A,A,H,-,A,A,0,,,Y,,Y,,C,03,1,0,0,0,0,0,0,0,1,"- ","- ",33.499919891357422,-117.61818695068359,ORANGE,UNINCORPORATED,-117.61817932128906,33.499881744384766
92050236,2023,2023-05-24,9675,2023-04-12,"643 ",019599,,3,1,7,3019,0,1,1,,2,503,"I-5 SOUTHBOUND","SR-55 SOUTHBOUND",1500.00,N,N,B,-,Y,ORA,,5," "," ",30.515,H,,L,N,4,0,1,2,A,-,07,21658,A,N,B,C,A,A,H,-,A,D,0,,,Y,,Y,,A,01,0,0,1,0,0,0,0,0,1,"- ","- ",33.742050170898438,-117.83792114257812,ORANGE,"SANTA ANA",-117.83794403076172,33.742000579833984
92050541,2023,2023-04-21,9675,2023-04-15,"10  ",022074,,6,3,7,3019,0,1,1,,2,502,"I-5 NORTHBOUND","LINCOLN AVE",420.00,S,N,A,-,Y,ORA,,5," "," ",31.977,H,,R,N,3,0,1,1,C,-,18,,,N,E,I,A,A,H,-,C,D,0,,,Y,,Y,,-,"- ",0,1,0,0,0,0,0,0,1,"- ","- ",33.756488800048828,-117.85469055175781,ORANGE,"SANTA ANA",-117.85476684570312,33.756366729736328
92051368,2023,2023-04-24,9675,2023-04-14,2320,022074,,5,3,6,3015,0,1,1,,2,502,"I-5 SOUTHBOUND FROM CHAPMAN AVE.","CHAPMAN AVE",770.00,S,N,A,-,Y,ORA,,5," "," ",34.872,H,,L,Y,3,0,1,1,A,-,03,22350,,N,E,J,A,A,H,-,D,D,0,,,Y,,Y,,C,02,0,1,0,0,0,0,0,0,1,"- ","- ",33.787868499755859,-117.88657379150391,ORANGE,ORANGE,-117.88636779785156,33.787986755371094
92051577,2023,2023-04-24,9670,2023-04-09,1508,020505,,7,2,4,3020,0,1,1,,2,045,"I-405 S/B TO SEAL BEACH BLVD","SEAL BEACH BLVD",220.00,S,N,A,-,Y,,,,,,,,,,N,3,0,1,1,A,-,03,22350,,N,F,I,A,A,D,-,A,D,0,,,Y,,Y,,C,02,0,1,0,0,0,0,0,0,1,"- ","- ",33.773731231689453,-118.07418060302734,ORANGE,"SEAL BEACH",-118.07418060302734,33.773731231689453
92055070,2023,2023-04-27,9675,2023-04-19,"730 ",023105,,3,1,6,3015,0,1,3,,2,050,"SR-55 SOUTHBOUND","CHAPMAN AVE",1000.00,N,N,B,-,Y,ORA,,55," "," ",14.116,H,,L,Y,3,0,1,3,A,-,03,22350,,N,C,C,A,A,H,-,A,D,0,,,Y,,Y,,C,02,0,1,0,0,0,0,0,0,1,"- ","- ",33.793678283691406,-117.83100128173828,ORANGE,ORANGE,-117.83108520507812,33.793682098388672
92055076,2023,2023-04-27,9675,2023-04-20,2033,019779,,4,2,6,3015,0,1,3,,2,572,"SR-57 SOUTHBOUND","CHAPMAN AVE",844.00,N,N,A,-,Y,ORA,,57," "," ",11.416,H,,L,N,4,0,1,2,A,-,03,22350,,N,C,C,A,A,H,-,D,D,0,,,Y,,Y,,C,02,0,0,1,0,0,0,0,0,1,"- ","- ",33.790340423583984,-117.88018798828125,ORANGE,ORANGE,-117.88010406494141,33.790336608886719
92057758,2023,2023-05-01,9670,2023-04-24,1640,021355,,1,2,5,3003,0,1,3,,2,191,"SR-91 W/B","BEACH BLVD.",1056.00,W,N,A,-,Y,ORA,,91," ",R,2.316,H,,L,N,3,0,1,2,A,-,07,21658,A,N,C,C,A,A,H,-,A,D,0,,,Y,,Y,,A,01,0,1,0,0,0,0,0,0,1,"- ","- ",33.856090545654297,-118.00321960449219,ORANGE,"BUENA PARK",-118.00321960449219,33.856132507324219
92057825,2023,2023-05-01,9670,2023-04-28,"650 ",016454,,5,1,6,3009,0,1,3,,2,023,"SR-22 W/B","BROOKHURST STREET",800.00,W,N,B,-,Y,ORA,,22," ",R,6.036,H,,L,Y,4,0,1,2,A,-,03,22350,,N,C,C,A,A,H,-,A,D,0,,,Y,,Y,,-,"- ",0,0,1,0,0,0,0,0,1,"- ","- ",33.766029357910156,-117.95127868652344,ORANGE,"GARDEN GROVE",-117.95127868652344,33.766021728515625
92060182,2023,2023-05-03,9690,2023-04-21,2255,021924,,5,3,9,3000,0,2,4,,2,037,"LIVE OAK CANYON ROAD","MONASTERY ROAD",2640.00,S,N,A,-,N,,,,,,,,,,N,3,0,1,1,A,-,08,22107,,N,F,A,A,A,H,-,D,D,0,,,Y,,Y,,C,02,0,1,0,0,0,0,0,0,1,"- ","- ",33.663051605224609,-117.60080718994141,ORANGE,UNINCORPORATED,,
92061404,2023,2023-05-04,9670,2023-05-02,1735,019029,,2,2,6,3009,0,1,3,,2,025,"SR-22 W/B FROM GADEN GROVE BLVD. (HASTER ST.)","GARDEN GROVE BOULEVARD",771.00,W,N,A,-,Y,ORA,,22," ",R,8.626,H,,L,Y,4,0,1,2,A,-,03,22350,,N,C,C,A,A,H,-,A,A,0,,,Y,,Y,,C,02,0,0,1,0,0,0,0,0,1,"- ","- ",33.773178100585938,-117.90805053710938,ORANGE,"GARDEN GROVE",-117.90789794921875,33.772972106933594
92062123,2023,2023-05-05,9675,2023-04-13,1229,017773,,4,1,6,3026,0,1,1,,2,046,"I-405 SOUTHBOUND","JEFFREY RD",2112.00,N,N,B,-,Y,ORA,,405," "," ",4.231,H,,L,N,4,0,1,2,A,-,03,22350,,F,C,C,A,A,H,-,A,D,0,,,Y,,Y,,D,22,0,0,1,0,0,0,0,0,1,"- ","- ",33.664058685302734,-117.79988098144531,ORANGE,IRVINE,-117.79989624023438,33.663974761962891
92062549,2023,2023-05-05,9675,2023-04-30,1805,021716,,7,2,6,3015,0,1,3,,2,051,"SR-55 SOUTHBOUND","LA VETA AVE",5122.00,S,N,A,-,Y,ORA,,55," "," ",13.107,H,,L,N,3,0,1,1,A,-,03,22350,,N,F,A,A,A,H,-,A,D,0,,,Y,,Y,,C,02,0,1,0,0,0,0,0,0,1,"- ","- ",33.779251098632812,-117.83113861083984,ORANGE,ORANGE,-117.83121490478516,33.779247283935547
92062698,2023,2023-05-05,9675,2023-04-26,"735 ",017993,,3,1,6,3004,0,1,3,,2,553,"SR-55 NORTHBOUND","BAY ST.",1150.00,N,N,A,-,Y,ORA,,55," ",T,2.177,H,,R,Y,4,0,1,2,A,-,03,22350,,N,B,C,A,A,H,-,A,D,0,,,Y,,Y,,C,02,0,0,1,0,0,0,0,0,1,"- ","- ",33.645179748535156,-117.91500854492188,ORANGE,"COSTA MESA",-117.91503143310547,33.645195007324219
9206351,2021,2021-03-19,3000,2021-01-11,1145,2849,862G4,1,5,5,3050,0,0,0,,0,764,"EL TORO RD","RIDGELINE RD",183.00,N,N,B,-,N,,,,,,,,,,Y,2,0,1,2,A,-,03,22350,,N,C,C,A,A,H,-,A,D,0,,,Y,,Y,,C,02,1,0,0,0,0,0,0,0,1,"- ","- ",,,ORANGE,"LAKE FOREST",-117.62094879150391,33.682239532470703
9206357,2021,2021-03-19,3000,2021-01-16,1040,9573,891J4,6,5,5,3050,0,0,0,,0,760,"EL TORO RD","MONTCLIFF DR",314.00,W,N,A,-,N,,,,,,,,,,N,4,0,1,2,D,-,00,,,N,C,C,A,A,H,-,A,A,0,,,Y,,Y,,-,"- ",0,0,1,0,0,0,0,0,1,"- ","- ",,,ORANGE,"LAKE FOREST",-117.67881011962891,33.637828826904297
92063666,2023,2023-05-08,9670,2023-05-06,"120 ",022226,,6,3,7,3001,0,1,1,,2,503,"I-5 S/B (SANTA ANA FREEWAY)","LINCOLN AVE",300.00,S,N,A,-,Y,ORA,,5," "," ",38.819,H,,L,Y,4,0,1,3,A,-,08,22107,,N,B,C,A,A,H,-,C,D,0,,,Y,,Y,,C,02,0,0,1,0,0,0,0,0,1,"- ","- ",33.831279754638672,-117.93122100830078,ORANGE,ANAHEIM,-117.93122100830078,33.831279754638672
92069800,2023,2023-05-16,9670,2023-05-12,"903 ",022493,,5,1,5,3024,0,1,1,,2,042,"I-405 N/B (SAN DIEGO FREEWAY) TO BOLSA AVE","BOLSA AVE",400.00,N,N,B,-,Y,,,,,,,,,,N,3,0,1,1,A,-,03,22350,,N,E,8,A,A,H,-,A,D,0,,,Y,,Y,,C,02,0,1,0,0,0,0,0,0,1,"- ","- ",33.74530029296875,-118.00045776367188,ORANGE,WESTMINSTER,-118.00543975830078,33.745353698730469
92070056,2022,2023-05-16,9675,2022-09-04,0423,022058,,7,3,7,3001,0,1,3,,2,094,"STATE ROUTE 91 WESTBOUND","LAKEVIEW AVENUE",877.70,E,N,A,-,Y,ORA,,91,,R,10.270,H,,L,Y,1,1,0,2,A,-,01,23152,G,N,C,C,A,A,H,-,D,D,0,,,Y,,Y,Y,E,22,0,0,0,0,0,0,0,1,0,"- ","- ",33.852790832519531,-117.81236267089844,ORANGE,ANAHEIM,-117.81235504150391,33.852783203125
92070073,2023,2023-05-16,9675,2023-05-11,2250,022283,,4,3,6,3026,0,1,1,,2,504,"I-5 NORTHBOUND","SAND CANYON AVENUE",70.00,S,N,A,-,Y,ORA,,5," ",R,23.931,H,,R,Y,3,0,1,2,A,-,08,22107,,N,F,A,A,A,H,-,C,D,0,,,Y,,Y,,C,02,0,1,0,0,0,0,0,0,1,"- ","- ",33.677501678466797,-117.75765228271484,ORANGE,IRVINE,-117.75769805908203,33.677471160888672
92070074,2022,2023-05-16,9675,2022-06-13,0736,020018,,1,1,6,3015,0,1,1,,2,520,"INTERSTATE 5 SOUTHBOUND","CHAPMAN AVENUE",15.00,S,N,A,-,Y,ORA,,5,,,34.945,H,,L,Y,1,1,0,3,A,-,08,22107,,N,B,C,A,A,H,-,A,D,0,,,Y,,Y,,A,07,0,0,0,0,0,0,0,1,0,"- ","- ",33.788921356201172,-117.88709259033203,ORANGE,ORANGE,-117.88718414306641,33.788848876953125
92070681,2023,2023-05-17,9675,2023-05-09,1750,019938,,2,2,7,3019,0,1,1,,2,520,"I-5 NORTHBOUND",BROADWAY,1747.00,N,N,B,-,Y,ORA,,5," "," ",33.682,H,,R,Y,3,0,1,2,A,-,07,21658,A,N,F,A,A,A,H,-,A,D,0,,,Y,,Y,,A,01,0,1,0,0,0,0,0,0,1,"- ","- ",33.774940490722656,-117.87284851074219,ORANGE,"SANTA ANA",-117.87277221679688,33.774986267089844
92071077,2023,2023-05-17,9675,2023-05-13,"827 ",018714,,6,1,6,3026,0,1,1,,2,406,"I-405 SOUTHBOUND","UNIVERSITY DR",1000.00,N,N,B,-,Y,ORA,,405," "," ",4.758,H,,L,N,3,0,1,2,A,-,03,22350,,N,C,C,A,A,H,-,A,D,0,,,Y,,Y,,C,02,0,1,0,0,0,0,0,0,1,"- ","- ",33.665279388427734,-117.80892944335938,ORANGE,IRVINE,-117.80892944335938,33.665267944335938
92071193,2023,2023-05-17,9675,2023-05-12,"742 ",020131,,5,1,5,3022,0,1,3,,2,051,"SR-55 SOUTHBOUND","FAIRHAVEN AVE",900.00,N,N,B,-,Y,ORA,,55," "," ",12.810,H,,L,N,4,0,1,2,A,-,07,21658,A,N,B,C,A,A,H,-,A,D,0,,,Y,,Y,,D,22,0,0,1,0,0,0,0,0,1,"- ","- ",33.774948120117188,-117.83112335205078,ORANGE,TUSTIN,-117.83116912841797,33.774948120117188
92074009,2023,2023-05-22,9670,2023-05-21,1220,018180,,7,1,6,3009,0,1,3,,2,022,"SR-22 E/B TO BROOKHURST ST.","BROOKHURST ST.",0.00,,N,A,-,Y,,,,,,,,,,Y,3,0,1,1,A,-,03,22350,,N,E,I,A,A,H,-,A,D,0,,,Y,,Y,,C,02,0,1,0,0,0,0,0,0,1,"- ","- ",33.764671325683594,-117.95562744140625,ORANGE,"GARDEN GROVE",-117.95510864257812,33.765785217285156
92074012,2023,2023-05-22,9670,2023-05-20,1356,020505,,6,1,4,3020,0,1,1,,2,045,"I-405 S/B TO SEAL BEACH BLVD","SEAL BEACH BLVD",200.00,S,N,A,-,Y,,,,,,,,,,Y,3,0,1,1,A,-,03,22350,,N,E,I,A,A,D,-,A,D,0,,,Y,,Y,,C,02,0,1,0,0,0,0,0,0,1,"- ","- ",33.773849487304688,-118.074462890625,ORANGE,"SEAL BEACH",-118.074462890625,33.773849487304688
92074119,2023,2023-05-22,9670,2023-05-13,1510,020809,,6,2,6,3009,0,1,3,,2,121,"STATE ROUTE 22 WESTBOUND","SPRINGDALE STREET",60.00,W,N,A,-,Y,ORA,,22," ",R,1.907,H,,L,Y,3,0,1,2,A,-,07,21658,A,N,C,C,A,A,H,-,A,D,0,,,Y,,Y,,A,01,0,1,0,0,0,0,0,0,1,"- ","- ",33.774360656738281,-118.0206298828125,ORANGE,"GARDEN GROVE",-118.0206298828125,33.774383544921875
92075067,2023,2023-05-23,9670,2023-05-11,1250,018278,,4,1,6,3008,0,1,3,,2,093,"SR-91 W/B","STATE COLLEGE BLVD",460.00,E,N,A,-,Y,ORA,,91," "," ",5.374,H,,L,N,3,0,1,2,A,-,03,22350,,N,C,C,A,A,H,-,A,D,0,,,Y,,Y,,C,02,0,1,0,0,0,0,0,0,1,"- ","- ",33.854198455810547,-117.88755798339844,ORANGE,FULLERTON,-117.88755035400391,33.854286193847656
92077214,2023,2023-05-25,9670,2023-05-18,1600,021355,,4,2,5,3003,0,1,3,,2,092,"SR-91 E/B","KNOTT AVE.",1056.00,E,N,A,-,Y,ORA,,91," ",R,2.148,H,,R,N,3,0,1,2,A,-,07,21658,A,N,B,C,A,A,H,-,A,D,0,,,Y,,Y,,A,01,0,1,0,0,0,0,0,0,1,"- ","- ",33.855979919433594,-118.00612640380859,ORANGE,"BUENA PARK",-118.00612640380859,33.855930328369141
92079578,2023,2023-05-26,9675,2023-05-21,1321,023116,,7,1,7,3019,0,1,3,,2,552,"SR-55 NORTHBOUND","DYER ROAD",585.00,N,N,A,-,Y,ORA,,55," ",R,7.998,H,,R,Y,2,0,1,3,A,-,03,22350,,N,C,C,A,A,D,-,A,D,0,,,Y,,Y,,C,02,1,0,0,0,0,0,0,0,1,"- ","- ",33.709991455078125,-117.85032653808594,ORANGE,"SANTA ANA",-117.85027313232422,33.709949493408203
92080289,2023,2023-05-29,9670,2023-05-23,1650,019290,,2,2,4,3020,0,1,1,,2,044,"I-405 N/B","SEAL BEACH BLVD",2429.00,N,N,B,-,Y,ORA,,405," "," ",23.118,H,,R,N,4,0,1,2,A,-,03,22350,,N,C,C,A,A,D,-,A,D,0,,,Y,,Y,,A,01,0,0,1,0,0,0,0,0,1,"- ","- ",33.774631500244141,-118.08300018310547,ORANGE,"SEAL BEACH",-118.08300018310547,33.774543762207031
92080452,2023,2023-05-29,9670,2023-05-20,2210,022519,,6,3,4,3020,0,1,1,,2,044,"I-405 N/B","SEAL BEACH BLVD",1000.00,N,N,B,-,Y,ORA,,405," "," ",22.855,H,,R,Y,3,0,1,1,A,-,08,22107,,N,F,A,A,A,D,-,C,D,0,,,Y,,Y,,C,02,0,1,0,0,0,0,0,0,1,"- ","- ",33.774559020996094,-118.07853698730469,ORANGE,"SEAL BEACH",-118.07853698730469,33.774532318115234
92081069,2023,2023-05-30,9675,2023-05-18,2000,020688,,4,2,7,3001,0,1,3,,2,093,"SR-91 EASTBOUND","GLASSELL ST.",75.00,E,N,A,-,Y,ORA,,91," "," ",7.379,H,,R,N,2,0,1,2,A,-,07,21658,A,N,B,C,A,A,H,-,A,D,0,,,Y,,Y,,A,01,1,0,0,0,0,0,0,0,1,"- ","- ",33.847808837890625,-117.85497283935547,ORANGE,ANAHEIM,-117.85501861572266,33.847949981689453
92082548,2023,2023-05-31,9670,2023-05-26,1510,019304,,5,2,5,3007,0,1,1,,2,040,"I-405 N/B","EUCLID ST",100.00,N,N,B,-,Y,ORA,,405," "," ",12.536,H,,R,N,2,0,1,2,A,-,03,22350,,N,B,C,A,A,D,E,A,D,0,,,Y,,Y,,C,02,1,0,0,0,0,0,0,0,1,"- ","- ",33.696098327636719,-117.93601226806641,ORANGE,"FOUNTAIN VALLEY",-117.93597412109375,33.696163177490234
92082628,2023,2023-05-31,9675,2023-05-22,1710,023105,,1,2,7,3019,0,1,1,,2,520,"I-5 NORTHBOUND","SR-22 EASTBOUND",1584.00,S,N,A,-,Y,ORA,,5," "," ",33.631,H,,R,N,4,0,1,2,A,-,07,21658,A,N,B,C,A,A,H,-,A,D,0,,,Y,,Y,,A,01,0,0,1,0,0,0,0,0,1,"- ","- ",33.774318695068359,-117.87236022949219,ORANGE,"SANTA ANA",-117.87225341796875,33.774383544921875
92084675,2023,2023-06-02,9690,2023-05-22,1328,014424,,1,1,4,3018,0,1,1,,2,057,"I-5 SOUTHBOUND",SR-73,1056.00,S,N,A,-,Y,ORA,,5," "," ",12.416,H,,L,Y,2,0,1,1,A,-,03,22350,,N,F,A,A,A,H,-,A,A,0,,,Y,,Y,,C,02,1,0,0,0,0,0,0,0,1,"- ","- ",33.539531707763672,-117.67459106445312,ORANGE,"SAN JUAN CAPISTRANO",-117.67462921142578,33.539535522460938
92086645,2023,2023-06-06,9670,2023-06-01,1403,020325,,4,2,9,3000,0,3,5,,2,005,"BOLSA AVE.","JACKSON ST.",0.00,,Y,B,-,N,,,,,,,,,,Y,2,0,1,2,A,-,09,21802,A,N,D,C,A,A,H,-,A,A,0,,,Y,,Y,,A,07,1,0,0,0,0,0,0,0,1,"- ","- ",33.744640350341797,-117.98745727539062,ORANGE,UNINCORPORATED,-117.98748779296875,33.74468994140625
92086791,2023,2023-06-06,9675,2023-05-27,2000,023136,,6,2,7,3019,0,1,1,,2,502,"I-5 SOUTHBOUND","17TH ST",500.00,N,N,A,-,Y,ORA,,5," "," ",32.574,H,,L,Y,3,0,1,1,A,-,08,22107,,N,E,I,A,A,H,-,A,D,0,,,Y,,Y,,C,02,0,1,0,0,0,0,0,0,1,"- ","- ",33.76116943359375,-117.86351776123047,ORANGE,"SANTA ANA",-117.86365509033203,33.761085510253906
92087111,2023,2023-06-06,9675,2023-05-09,1330,018887,,2,1,6,3004,0,1,1,,2,405,"INTERSTATE 405 SOUTHBOUND","RED HILL AVENUE",50.00,N,N,A,-,Y,ORA,,405," "," ",8.459,H,,L,Y,3,0,1,2,A,-,07,21658,A,N,B,C,A,A,H,-,A,D,0,,,Y,,Y,,C,02,0,1,0,0,0,0,0,0,1,"- ","- ",33.686759948730469,-117.86756134033203,ORANGE,"COSTA MESA",-117.86754608154297,33.686794281005859
92089602,2023,2023-06-08,9675,2023-06-01,1547,018102,,4,2,6,3015,0,2,S,,2,901,"TRAILS END LANE","EAST WHITE OAK RIDGE",500.00,S,N,A,-,N,,,,,,,,,,N,3,0,1,1,A,-,00,23103,,N,F,A,A,A,H,-,A,D,0,,,Y,,Y,,C,02,0,1,0,0,0,0,0,0,1,"- ","- ",33.791351318359375,-117.76770782470703,ORANGE,ORANGE,-117.76750183105469,33.792301177978516
92089689,2023,2023-06-08,9675,2023-06-06,"640 ",017993,,2,1,5,3022,0,1,3,,2,552,"SR-55 SOUTHBOUND","MCFADDEN AVE",630.00,S,N,A,-,Y,ORA,,55," ",R,9.834,H,,L,Y,4,0,1,3,A,-,07,21658,A,N,B,C,A,A,H,-,A,D,0,,,Y,,Y,,A,01,0,0,1,0,0,0,0,0,1,"- ","- ",33.732028961181641,-117.83390808105469,ORANGE,TUSTIN,-117.83397674560547,33.732028961181641
92090508,2023,2023-06-09,9675,2023-06-08,2045,021694,,4,2,9,3000,0,2,4,,2,034,"SILVERADO CANYON ROAD","SR-241 NORTHBOUND TO SILVERADO CANYON ROAD",200.00,E,N,A,-,N,,,,,,,,,,N,3,0,1,2,A,-,08,22107,,N,B,C,A,A,H,-,D,D,0,,,Y,,Y,,A,01,0,1,0,0,0,0,0,0,1,"- ","- ",33.775600433349609,-117.74478912353516,ORANGE,UNINCORPORATED,-117.58423614501953,33.746589660644531
92091132,2023,2023-06-12,9675,2023-06-02,2055,018102,,5,2,9,3000,0,2,4,,2,034,"SANTIAGO CANYON ROAD","MODJESKA CANYON ROAD",100.00,N,N,A,-,N,,,,,,,,,,Y,2,0,1,2,A,-,01,23152,A,N,A,C,A,A,H,-,C,D,0,,,Y,,Y,Y,C,02,1,0,0,0,0,0,0,0,1,"- ","- ",33.718189239501953,-117.64647674560547,ORANGE,UNINCORPORATED,-117.64630126953125,33.717521667480469
92093618,2023,2024-01-23,9675,2023-06-13,"749 ",018087,,2,1,5,3016,0,1,3,,2,571,"SR-57 SOUTHBOUND","CROWTHER AVE.",50.00,N,N,B,-,Y,ORA,,57," "," ",16.779,H,,L,Y,4,0,1,2,A,-,03,22350,,N,C,C,A,A,H,-,A,D,0,,,Y,,Y,,C,02,0,0,1,0,0,0,0,0,1,"- ","- ",33.866550445556641,-117.87889862060547,ORANGE,PLACENTIA,-117.87896728515625,33.866535186767578
92093625,2023,2023-06-14,9690,2023-06-07,1430,016493,,3,2,5,3028,0,1,1,,2,056,"I-5 N/B (SAN DIEGO FRWY)","OSO PARKWAY",1000.00,S,N,B,-,Y,ORA,,5," "," ",15.102,H,,R,Y,3,0,1,2,A,-,08,22107,,N,B,C,A,A,D,-,A,D,0,,,Y,,Y,,C,02,0,1,0,0,0,0,0,0,1,"- ","- ",33.578441619873047,-117.67166900634766,ORANGE,"MISSION VIEJO",-117.67164611816406,33.578437805175781
92093992,2023,2023-06-14,9675,2023-06-10,1800,023128,,6,2,7,3001,0,1,3,,2,093,"SR-91 WESTBOUND TO SR-55 SOUTHBOUND",SR-91,710.00,S,N,A,-,Y,ORA,,55," ",R,17.631,H,,L,N,4,0,1,2,A,-,08,22107,,N,B,C,A,A,H,-,B,D,0,,,Y,,Y,,C,02,0,0,1,0,0,0,0,0,1,"- ","- ",33.842918395996094,-117.83016967773438,ORANGE,ANAHEIM,-117.83005523681641,33.842815399169922
92095181,2023,2023-06-15,9690,2023-05-09,1832,018733,,2,2,4,3018,0,1,1,,2,057,"I-5 S/B (SAN DIEGO FRWY)","VIA ESCOLAR",1000.00,S,N,B,-,Y,ORA,,5," "," ",12.262,H,,L,N,2,0,1,2,A,-,03,22350,,F,B,C,A,A,H,-,A,D,0,,,Y,,Y,,A,01,1,0,0,0,0,0,0,0,1,"- ","- ",33.537311553955078,-117.67494964599609,ORANGE,"SAN JUAN CAPISTRANO",-117.67510223388672,33.537319183349609
92095529,2023,2023-06-16,9675,2023-06-06,"750 ",019320,,2,1,7,3001,0,1,3,,2,571,"SR-57 SOUTHBOUND","LINCOLN AVE",2110.00,N,N,B,-,Y,ORA,,57," "," ",15.184,H,,L,N,4,0,1,3,A,-,08,22107,,N,B,C,A,A,H,-,A,D,0,,,Y,Y,Y,,C,02,0,0,1,0,0,0,0,0,1,"- ","- ",33.843769073486328,-117.87628173828125,ORANGE,ANAHEIM,-117.87621307373047,33.843769073486328
92096631,2023,2023-06-19,9670,2023-06-10,1910,020860,,6,2,6,3009,0,1,3,,2,022,"SR-22 E/B","BROOKHURT STREET",800.00,E,N,B,-,Y,ORA,,22," ",R,5.930,H,,R,Y,3,0,2,2,A,-,03,22350,,N,C,C,A,A,H,-,A,D,0,,,Y,,Y,,C,02,0,2,0,0,0,0,0,0,2,"- ","- ",33.765869140625,-117.95307922363281,ORANGE,"GARDEN GROVE",-117.95307922363281,33.765830993652344
92096765,2023,2023-06-19,9670,2023-06-15,1620,022737,,4,2,5,3003,0,1,3,,2,092,"SR-91 (RIVERSIDE FWY) E/B","KNOTT AVE",2300.00,W,N,B,-,Y,ORA,,91," ",R,1.395,H,,R,Y,3,0,1,2,A,-,07,21658,A,F,B,C,A,A,H,-,A,D,0,,,Y,,Y,,-,99,0,1,0,0,0,0,0,0,1,"- ","- ",33.855861663818359,-118.01918792724609,ORANGE,"BUENA PARK",-118.01918792724609,33.855838775634766
92097753,2023,2023-07-03,9690,2023-06-18,"115 ",020349,,7,3,5,3050,0,1,1,,2,055,"I-5 N/B (SAN DIEGO FRWY)","EL TORO RD",300.00,S,N,A,-,Y,,,,,,,,,,N,3,0,1,1,A,-,01,23152,A,N,E,I,A,A,H,-,C,D,0,,,Y,,Y,Y,C,02,0,1,0,0,0,0,0,0,1,"- ","- ",33.614059448242188,-117.70587158203125,ORANGE,"LAKE FOREST",-117.70619964599609,33.613677978515625
92099134,2023,2023-06-21,9675,2023-06-16,1005,017773,,5,1,6,3026,0,1,1,,2,406,"I-405 S/B TO JAMBOREE RD","JAMBOREE RD",600.00,N,N,A,-,Y,,,,,,,,,,Y,3,0,1,1,A,-,01,23152,A,N,F,A,A,A,H,-,A,D,0,,,Y,,Y,Y,C,02,0,1,0,0,0,0,0,0,1,"- ","- ",33.677318572998047,-117.8460693359375,ORANGE,IRVINE,-117.8460693359375,33.677318572998047
92099567,2023,2023-06-22,9675,2023-06-14,2043,021633,,3,2,5,3022,0,1,3,,2,551,"SR-55 NORTHBOUND","MCFADDEN AVE",655.00,N,N,A,-,Y,ORA,,55," "," ",10.114,H,,R,N,3,0,1,2,A,-,03,22350,,N,C,C,A,A,H,-,C,D,0,,,Y,,Y,,C,02,0,1,0,0,0,0,0,0,1,"- ","- ",33.735801696777344,-117.83354949951172,ORANGE,TUSTIN,-117.83361053466797,33.735797882080078
92099955,2023,2023-06-22,9675,2023-06-14,"758 ",017998,,3,1,7,3019,0,1,1,,2,502,"I-5 SOUTHBOUND","4TH ST",200.00,N,N,B,-,Y,ORA,,5," "," ",31.136,H,,L,Y,3,0,1,2,A,-,03,22350,,N,C,C,A,A,H,-,A,D,0,,,Y,,Y,,C,02,0,1,0,0,0,0,0,0,1,"- ","- ",33.748779296875,-117.84371185302734,ORANGE,"SANTA ANA",-117.84381866455078,33.748733520507812
92100047,2023,2023-06-22,9670,2023-06-15,1835,019029,,4,2,6,3009,0,1,3,,2,025,"SR-22 W/B","HARBOR BOULEVARD",3749.00,E,N,A,-,Y,ORA,,22," ",R,8.546,H,,L,Y,3,0,1,2,A,-,03,22350,,N,C,C,A,A,H,-,A,D,0,,,Y,,Y,,C,02,0,1,0,0,0,0,0,0,1,"- ","- ",33.772441864013672,-117.90889739990234,ORANGE,"GARDEN GROVE",-117.90891265869141,33.772453308105469
92100321,2023,2023-06-23,9675,2023-06-18,1150,020131,,7,1,7,3019,0,1,3,,2,052,"SR-55 SOUTHBOUND","MCFADDEN AVE",1000.00,S,N,B,-,Y,ORA,,55," ",R,9.755,H,,L,N,3,0,1,1,A,-,03,22350,,N,F,A,A,A,H,-,A,D,0,,,Y,,Y,,C,02,0,1,0,0,0,0,0,0,1,"- ","- ",33.730888366699219,-117.83389282226562,ORANGE,"SANTA ANA",-117.83394622802734,33.73089599609375
92100631,2023,2023-06-23,9675,2023-06-16,"510 ",023116,,5,3,7,3019,0,1,1,,2,503,"I-5 NORTHBOUND","FIRST STREET",840.00,S,N,B,-,Y,ORA,,5," "," ",30.733,H,,R,Y,3,0,1,2,A,-,08,22107,,N,B,C,A,A,H,-,C,D,0,,,Y,,Y,,C,02,0,1,0,0,0,0,0,0,1,"- ","- ",33.743560791015625,-117.84055328369141,ORANGE,"SANTA ANA",-117.84053039550781,33.743579864501953
92100702,2023,2023-06-23,9670,2023-06-16,1545,020860,,5,2,5,3024,0,1,1,,2,042,"I-405 N/B","VALLEY VIEW STREET",100.00,S,N,A,-,Y,ORA,,405," "," ",20.523,H,,R,N,2,0,1,3,A,-,03,22350,,N,F,0,A,A,D,E,A,D,0,,,Y,,Y,,C,02,1,0,0,0,0,0,0,0,1,"- ","- ",33.773078918457031,-118.03871154785156,ORANGE,WESTMINSTER,-118.03868865966797,33.773101806640625
92101135,2023,2023-06-23,9675,2023-06-14,"740 ",021397,,3,1,6,3015,0,1,1,,2,520,"I-5 SOUTHBOUND","CHAPMAN AVE.",95.00,N,N,B,-,Y,ORA,,5," "," ",35.035,H,,L,Y,2,0,1,2,A,-,03,22350,,N,C,C,A,A,H,-,A,D,0,,,Y,,Y,,C,02,1,0,0,0,0,0,0,0,1,"- ","- ",33.789878845214844,-117.88815307617188,ORANGE,ORANGE,-117.88823699951172,33.789810180664062
92101711,2023,2023-06-26,9670,2023-06-20,1638,022493,,2,2,4,3020,0,1,1,,2,045,"I-405 S/B (SAN DIEGO FREEWAY)","SEAL BEACH BLVD",2000.00,N,N,A,-,Y,ORA,,405," "," ",23.049,H,,L,N,4,0,1,2,A,-,07,21658,A,F,B,2,A,A,H,-,A,D,0,,,Y,,Y,,-,99,0,0,1,0,0,0,0,0,1,"- ","- ",33.774311065673828,-118.08225250244141,ORANGE,"SEAL BEACH",-118.08225250244141,33.774284362792969
92102111,2023,2023-06-26,9675,2023-06-20,1729,018985,,2,2,6,3026,0,1,1,,2,407,"I-405 S/B","JEFFREY RD.",375.00,S,N,A,-,Y,ORA,,405," "," ",3.868,H,,L,N,3,0,1,2,A,-,03,22350,,N,C,C,A,A,H,-,A,D,0,,,Y,,Y,,C,02,0,1,0,0,0,0,0,0,1,"- ","- ",33.662990570068359,-117.79367828369141,ORANGE,IRVINE,-117.79366302490234,33.663089752197266
92102445,2023,2023-06-26,9690,2023-06-17,1705,020349,,6,2,5,3017,0,1,1,,2,059,"I-5 N/B (SAN DIEGO FRWY)","VISTA HERMOSA",1000.00,N,N,A,-,Y,ORA,,5," "," ",4.392,H,,R,N,3,0,1,3,A,-,03,22350,,N,B,C,A,A,H,-,A,D,0,,,Y,,Y,,C,02,0,1,0,0,0,0,0,0,1,"- ","- ",33.447750091552734,-117.63565826416016,ORANGE,"SAN CLEMENTE",-117.63566589355469,33.447746276855469
92102641,2023,2023-06-26,9675,2023-06-22,1752,021274,,4,2,7,3001,0,1,3,,2,093,"STATE ROUTE 91 W/B","MIRALOMA AVENUE",550.00,E,N,A,-,Y,ORA,,91," "," ",6.010,H,,L,N,4,0,1,2,A,-,03,22350,,N,C,C,A,A,H,-,A,D,0,,,Y,,Y,,C,02,0,0,1,0,0,0,0,0,1,"- ","- ",33.850639343261719,-117.87751007080078,ORANGE,ANAHEIM,-117.87748718261719,33.850669860839844
92102648,2023,2023-06-27,9675,2023-06-23,"708 ",023116,,5,1,7,3001,0,1,3,,2,093,"SR-91 EASTBOUND","RIVERDALE AVENUE",790.00,E,N,A,-,Y,ORA,,91," ",R,8.967,H,,R,Y,4,0,1,2,A,-,07,21658,A,N,B,C,A,A,H,-,A,D,0,,,Y,,Y,,C,02,0,0,1,0,0,0,0,0,1,"- ","- ",33.845798492431641,-117.83042144775391,ORANGE,ANAHEIM,-117.83042907714844,33.845787048339844
92104668,2023,2023-06-29,9675,2023-06-27,"753 ",020018,,2,1,7,3019,0,1,1,,2,502,"I-5 SOUTHBOUND","SR-22 EASTBOUND",100.00,S,N,A,-,Y,ORA,,5," "," ",33.981,H,,L,N,4,0,1,2,A,-,03,22350,,N,B,C,A,A,H,-,A,D,0,,,Y,,Y,,C,02,0,0,1,0,0,0,0,0,1,"- ","- ",33.778541564941406,-117.87632751464844,ORANGE,"SANTA ANA",-117.87632751464844,33.778541564941406
92105544,2023,2023-06-29,9690,2023-04-23,1500,020086,,7,2,5,3028,0,1,1,,2,056,"I-5 N/B (SAN DIEGO FRWY)","LA PAZ ROAD",2500.00,S,N,A,-,Y,ORA,,5," "," ",16.048,H,,R,N,3,0,1,2,A,-,06,21750,A,F,B,C,A,A,D,-,A,D,0,,,Y,,Y,,C,02,0,1,0,0,0,0,0,0,1,"- ","- ",33.592269897460938,-117.67179870605469,ORANGE,"MISSION VIEJO",-117.67173767089844,33.59228515625
92107507,2023,2023-06-30,9675,2023-06-27,1644,021274,,2,2,7,3001,0,1,3,,2,093,"STATE ROUTE 91 E/B","TUSTIN AVE",40.00,W,N,A,-,Y,ORA,,91," "," ",8.379,H,,R,N,4,0,1,2,A,-,03,22350,,N,E,J,A,A,H,-,A,D,0,,,Y,,Y,,C,02,0,0,1,0,0,0,0,0,1,"- ","- ",33.851169586181641,-117.83830261230469,ORANGE,ANAHEIM,-117.83831024169922,33.851150512695312
92109498,2023,2023-07-05,9670,2023-06-08,"635 ",018278,,4,1,7,3001,0,1,1,,2,503,"I-5 S/B","EUCLID ST",3221.00,N,N,A,-,Y,ORA,,5," "," ",40.159,H,,L,Y,4,0,1,6,A,-,03,22350,,N,B,C,A,A,H,-,B,D,0,,,Y,,Y,,C,02,0,0,1,0,0,0,0,0,1,"- ","- ",33.8406982421875,-117.95095062255859,ORANGE,ANAHEIM,-117.95099639892578,33.840641021728516
92110014,2023,2023-07-05,9670,2023-06-20,1848,019171,,2,2,7,3001,0,1,1,,2,502,"I-5 N/B (SANTA ANA FWY)","DISNEYLAND DR",220.00,S,N,A,-,Y,ORA,,5," "," ",38.018,H,,R,N,2,0,1,3,A,-,04,21703,,M,B,C,A,A,H,-,A,D,0,,,Y,,Y,Y,C,02,1,0,0,0,0,0,0,0,1,"- ","- ",33.822170257568359,-117.92205810546875,ORANGE,ANAHEIM,-117.92203521728516,33.822189331054688
92111770,2023,2023-07-07,9675,2023-06-29,"343 ",021042,,4,3,6,3015,0,1,3,,2,222,"SR-22 EASTBOUND TO I-5 NORTHBOUND","I-5 NORTHBOUND",900.00,E,N,A,-,Y,,,,,,,,,,N,3,0,1,1,A,-,03,22350,,N,E,I,A,A,H,-,C,D,0,,,Y,,Y,,C,02,0,1,0,0,0,0,0,0,1,"- ","- ",33.777820587158203,-117.87284851074219,ORANGE,ORANGE,-117.87284851074219,33.777820587158203
92112859,2023,2023-07-10,9670,2023-06-30,1735,022737,,5,2,6,3009,0,1,3,,2,121,"SR-22 (GARDEN GROVE FWY) W/B","VALLEY VIEW ST",450.00,E,N,A,-,Y,ORA,,22," ",R,1.010,H,,L,Y,3,0,1,2,A,-,08,22107,,N,C,C,A,A,H,-,A,D,0,,,Y,,Y,,A,01,0,1,0,0,0,0,0,0,1,"- ","- ",33.774429321289062,-118.03608703613281,ORANGE,"GARDEN GROVE",-118.03607940673828,33.774513244628906
92112943,2023,2023-09-12,9670,2023-04-30,1546,020325,,7,2,4,3020,0,1,1,,2,450,"INTERSTATE 405 SOUTHBOUND","STATE ROUTE 22 WESTBOUND",595.00,S,N,A,-,Y,ORA,,405," "," ",23.183,H,,L,N,1,1,0,5,A,-,01,23152,A,N,B,C,A,A,D,-,A,D,0,,,Y,,Y,Y,C,02,0,0,0,0,0,0,0,1,0,"- ","- ",33.774379730224609,-118.08460235595703,ORANGE,"SEAL BEACH",-118.08460235595703,33.774387359619141
92118830,2023,2023-10-12,9675,2023-07-06,1136,019599,,4,1,5,3022,0,1,3,,2,551,"SR-55 SOUTHBOUND","LA VETA AVE.",300.00,N,N,A,-,Y,ORA,,55," "," ",13.355,H,,L,Y,2,0,1,2,A,-,07,21658,A,N,C,C,A,A,H,-,A,D,0,,,Y,,Y,,A,01,1,0,0,0,0,0,0,0,1,"- ","- ",33.782539367675781,-117.83133697509766,ORANGE,TUSTIN,-117.83124542236328,33.782539367675781
92120097,2023,2023-07-18,9675,2023-07-08,1420,023208,,6,2,5,3022,0,1,1,,2,503,"I-5 NORTHBOUND","NEWPORT AVE",2300.00,N,N,A,-,Y,ORA,,5," "," ",30.051,H,,R,Y,3,0,2,2,A,-,07,21658,A,N,B,C,A,A,H,-,A,D,0,,,Y,,Y,,A,01,0,2,0,0,0,0,0,0,2,"- ","- ",33.73944091796875,-117.83023071289062,ORANGE,TUSTIN,-117.8302001953125,33.739494323730469
92120132,2023,2023-07-18,9675,2023-07-08,1525,021691,,6,2,7,3019,0,1,3,,2,552,"SR-55 NORTHBOUND","DYER RD",1450.00,S,N,A,-,Y,ORA,,55," ",R,7.588,H,,R,N,4,0,1,2,A,-,03,22350,,N,C,C,A,A,D,-,A,D,0,,,Y,,Y,,C,02,0,0,1,0,0,0,0,0,1,"- ","- ",33.705410003662109,-117.8548583984375,ORANGE,"SANTA ANA",-117.85482788085938,33.70538330078125
92120681,2023,2023-07-19,9675,2023-07-10,1635,021834,,1,2,6,3004,0,1,3,,2,553,"SR-55 SOUTHBOUND","PAULARINO AVE",100.00,S,N,A,-,Y,ORA,,55," ",R,5.290,H,,L,N,3,0,1,2,A,-,03,22350,,N,C,C,A,A,A,H,A,D,0,,,Y,,Y,,C,02,0,1,0,0,0,0,0,0,1,"- ","- ",33.679450988769531,-117.87993621826172,ORANGE,"COSTA MESA",-117.87994384765625,33.679450988769531
92122085,2023,2023-07-20,9675,2023-07-12,"628 ",021397,,3,1,5,3016,0,1,3,,2,571,"SR-57 SOUTHBOUND","NUTWOOD AVE",1860.00,N,N,A,-,Y,ORA,,57," "," ",17.906,H,,L,Y,3,0,1,2,A,-,07,21658,A,N,B,C,A,A,H,-,A,D,0,,,Y,,Y,,A,01,0,1,0,0,0,0,0,0,1,"- ","- ",33.882709503173828,-117.88056182861328,ORANGE,PLACENTIA,-117.88060760498047,33.882709503173828
92122282,2023,2023-07-20,9675,2023-07-12,1508,021694,,3,2,9,3000,0,2,4,,2,037,"MODJESKA GRADE RD","CANYON HEIGHTS DRIVE",500.00,E,N,A,-,N,,,,,,,,,,N,3,0,2,2,A,-,03,22350,,N,A,C,A,A,H,-,A,D,0,,,Y,,Y,,A,01,0,2,0,0,0,0,0,0,1,"- ","- ",33.707969665527344,-117.63932037353516,ORANGE,UNINCORPORATED,-117.6395263671875,33.708091735839844
92122344,2023,2023-07-20,9690,2023-07-08,"935 ",020066,,6,1,4,3029,0,1,1,,2,058,"I-5 N/B (SAN DIEGO FREEWAY)","CAMINO DE ESTRELLA",100.00,N,N,A,-,Y,ORA,,5," "," ",5.824,H,,R,Y,3,0,3,3,A,-,03,22350,,N,C,C,A,A,H,-,A,D,0,,,Y,,Y,,C,02,0,3,0,0,0,0,0,0,1,"- ","- ",33.459148406982422,-117.65631103515625,ORANGE,"DANA POINT",-117.65632629394531,33.459129333496094
92124044,2023,2023-07-24,9670,2023-07-18,2137,021910,,2,2,3,3013,0,1,1,,2,061,"I-605 S/B FROM KATELLA AVENUE (SAN GABRIEL FREEWAY","KATELLA AVENUE",528.00,S,N,A,-,Y,ORA,,605," ",R,1.153,H,,L,Y,3,0,2,1,A,-,08,22107,,N,E,I,A,A,H,-,C,D,0,,,Y,,Y,,C,02,0,2,0,0,0,0,0,0,2,"- ","- ",33.799640655517578,-118.08466339111328,ORANGE,"LOS ALAMITOS",-118.08457183837891,33.799583435058594
92124507,2023,2023-07-24,9675,2023-07-13,1605,020851,,4,2,9,3000,0,3,5,,2,002,"NEWPORT AVE","LA LIMONAR RD",0.00,,Y,A,-,N,,,,,,,,,,Y,3,0,1,2,A,-,09,21802,A,N,D,C,A,A,H,-,A,A,0,,,Y,,Y,,A,07,0,1,0,0,0,0,0,0,1,"- ","- ",33.769691467285156,-117.79267883300781,ORANGE,UNINCORPORATED,-117.79270172119141,33.769783020019531
92126319,2023,2023-07-26,9670,2023-07-16,"113 ",021900,,7,3,5,3003,0,1,3,,2,091,"SR-91 W/B","KNOTT AVE",1200.00,E,N,A,-,Y,ORA,,91," ",R,2.167,H,,L,N,4,0,2,2,A,-,01,23152,A,N,B,C,A,A,H,-,C,D,0,,,Y,,Y,Y,A,01,0,0,2,0,0,0,0,0,2,"- ","- ",33.856220245361328,-118.00581359863281,ORANGE,"BUENA PARK",-118.00580596923828,33.856121063232422
92126901,2023,2023-07-26,9690,2023-07-14,1405,016516,,5,2,5,3017,0,1,1,,2,059,"I-5 SOUTHBOUND","AVE PICO",2000.00,S,N,A,-,Y,ORA,,5," "," ",3.064,H,,L,Y,2,0,1,2,A,-,03,22350,,N,C,C,A,A,H,-,A,D,0,,,Y,,Y,,C,02,1,0,0,0,0,0,0,0,1,"- ","- ",33.435600280761719,-117.61808013916016,ORANGE,"SAN CLEMENTE",-117.61805725097656,33.435615539550781
92127818,2023,2023-07-27,9690,2023-07-16,1509,020349,,7,2,9,3000,0,2,4,,2,037,"LIVE OAK CANYON RD","O'NEILL PARK ENTRANCE",2640.00,N,N,A,-,N,,,,,,,,,,N,4,0,1,1,A,-,03,22350,,N,E,I,A,A,H,-,A,D,0,,,Y,,Y,,C,02,0,0,1,0,0,0,0,0,1,"- ","- ",33.662788391113281,-117.60073089599609,ORANGE,UNINCORPORATED,-117.60096740722656,33.660388946533203
9213080,2021,2021-02-09,3011,2021-01-18,1316,31524,71,1,5,4,3011,0,0,0,,0,001,"LAGUNA CANYON RD","CASTLE ROCK",166.00,S,N,A,-,Y,ORA,12,133,-,-,2.230,H,-,N,N,3,0,1,2,A,-,09,21801,A,N,F,A,A,A,H,-,A,D,0,,,Y,,Y,,A,07,0,1,0,0,0,0,0,0,1,"- ","- ",,,ORANGE,"LAGUNA BEACH",-117.76399993896484,33.565837860107422
92131679,2023,2023-07-31,9675,2023-07-20,"142 ",022052,,4,3,7,3019,0,1,3,,2,552,"SR-55 SOUTHBOUND FROM DYER ROAD","DYER RD.",900.00,S,N,A,-,Y,ORA,,55," ",R,7.633,H,,L,N,4,0,1,1,A,-,01,23152,A,N,E,J,A,A,D,-,C,A,0,,,Y,,Y,Y,C,02,0,0,1,0,0,0,0,0,1,"- ","- ",33.706031799316406,-117.85462188720703,ORANGE,"SANTA ANA",-117.85452270507812,33.705963134765625
92132550,2023,2023-08-01,9675,2023-07-20,1840,021076,,4,2,7,3019,0,1,1,,2,503,"I-5 SOUTHBOUND","1ST STREET",419.00,S,N,A,-,Y,ORA,,5," "," ",30.808,H,,L,N,4,0,1,2,A,-,07,21658,A,N,B,C,A,A,H,-,A,D,0,,,Y,,Y,,A,07,0,0,1,0,0,0,0,0,1,"- ","- ",33.744438171386719,-117.84178161621094,ORANGE,"SANTA ANA",-117.84181213378906,33.744419097900391
92133150,2023,2023-08-01,9690,2023-07-24,1430,020236,,1,2,9,3000,0,1,3,,1,074,"SR-74 (ORTEGA HIGHWAY) WESTBOUND","LUCAS CANYON ROAD",690.00,E,N,A,-,N,,,,,,,,,,Y,3,0,1,2,A,-,09,21801,A,N,C,C,A,A,H,-,A,D,0,,,Y,,Y,,A,01,0,1,0,0,0,0,0,0,1,"- ","- ",33.564651489257812,-117.54566192626953,ORANGE,UNINCORPORATED,-117.54572296142578,33.564674377441406
92134263,2023,2023-08-02,9675,2023-07-21,1200,020131,,5,1,6,3004,0,1,3,,2,553,"SR-55 NORTHBOUND","MACARTHUR BLVD.",750.00,S,N,A,-,Y,,,,,,,,,,N,3,0,1,1,A,-,03,22350,,N,F,A,A,A,H,-,A,D,0,,,Y,,Y,,C,02,0,1,0,0,0,0,0,0,1,"- ","- ",33.695960998535156,-117.86356353759766,ORANGE,"COSTA MESA",-117.86281585693359,33.696922302246094
92134671,2023,2023-08-03,9675,2023-07-21,1715,021377,,5,2,7,3001,0,1,3,,2,093,"SR-91 WESTBOUND","WEIR CYN RD",100.00,E,N,A,-,Y,ORA,,91," "," ",5.306,H,,L,N,3,0,1,2,A,-,08,22107,,N,F,A,A,A,H,-,A,D,0,,,Y,,Y,,A,07,0,1,0,0,0,0,0,0,1,"- ","- ",33.854278564453125,-117.88873291015625,ORANGE,ANAHEIM,-117.88873291015625,33.854320526123047
92134698,2023,2023-08-03,9670,2023-07-26,1407,019290,,3,2,3,3013,0,1,1,,2,061,"I-605 S/B","I-405 N/B TO I-605 N/B COLLECTOR ROAD",50.00,S,N,A,-,Y,ORA,,605," ",R,0.073,H,,L,Y,4,0,1,2,A,-,03,22350,,N,C,C,A,A,H,-,A,D,0,,,Y,,Y,,C,02,0,0,1,0,0,0,0,0,1,"- ","- ",33.785270690917969,-118.09134674072266,ORANGE,"LOS ALAMITOS",-118.09136199951172,33.785274505615234
92135579,2023,2023-08-03,9670,2023-07-23,1520,020860,,7,2,6,3010,0,1,1,,2,041,"I-405 S/B","NEWLAND STREET",50.00,S,N,B,-,Y,ORA,,405," "," ",15.881,H,,L,N,4,0,1,2,A,-,03,22350,,N,C,C,A,A,D,E,A,D,0,,,Y,,Y,,C,02,0,0,1,0,0,0,0,0,1,"- ","- ",33.72650146484375,-117.98052978515625,ORANGE,"HUNTINGTON BEACH",-117.98058319091797,33.726448059082031
92135749,2023,2023-08-04,9675,2023-07-24,1820,023341,,1,2,7,3019,0,1,1,,2,503,"INTERSTATE 5 NORTHBOUND","STATE ROUTE 55",840.00,S,N,A,-,Y,ORA,,5," "," ",30.094,H,,R,Y,3,0,1,3,A,-,03,22350,,N,C,C,A,A,H,-,A,D,0,,,Y,,Y,,C,02,0,1,0,0,0,0,0,0,1,"- ","- ",33.739730834960938,-117.8309326171875,ORANGE,"SANTA ANA",-117.83092498779297,33.73974609375
92136557,2023,2023-08-04,9670,2023-07-28,1852,019290,,5,2,4,3020,0,1,1,,2,044,"I-405 N/B","BOLSA CHICA ROAD",0.60,N,N,A,-,Y,ORA,,405," "," ",21.099,H,,R,Y,4,0,1,2,A,-,07,21658,A,N,B,C,A,A,D,-,A,D,0,,,Y,,Y,,A,07,0,0,1,0,0,0,0,0,1,"- ","- ",33.774471282958984,-118.04814147949219,ORANGE,"SEAL BEACH",-118.04815673828125,33.774570465087891
92138581,2023,2024-10-02,9675,2023-07-28,1240,023337,,5,1,6,3004,0,1,3,,2,553,"SR-55 SOUTHBOUND","VICTORIA STREET",25.00,S,N,A,-,Y,ORA,,55," ",R,2.751,H,,L,N,3,0,1,3,A,-,07,21658,A,N,B,C,A,A,H,-,A,D,0,,,Y,,Y,,A,01,0,1,0,0,0,0,0,0,1,"- ","- ",33.651699066162109,-117.90885925292969,ORANGE,"COSTA MESA",-117.90888214111328,33.651718139648438
92140776,2023,2023-08-10,9675,2023-07-31,2225,023136,,1,3,5,3022,0,1,3,,2,551,"SR-55 SOUTHBOUND FROM SR-22 EASTBOUND","FAIRHAVEN AVE",21.00,S,N,A,-,Y,ORA,,55," "," ",12.700,H,,L,Y,3,0,1,1,A,-,01,23152,A,M,F,A,A,A,H,-,C,D,0,,,Y,,Y,Y,C,02,0,1,0,0,0,0,0,0,1,"- ","- ",33.773159027099609,-117.83132934570312,ORANGE,TUSTIN,-117.83114624023438,33.773159027099609
92141265,2023,2023-08-10,9675,2023-07-31,"655 ",023337,,1,1,7,3019,0,1,1,,2,520,"I-5 SOUTHBOUND","FIRST STREET",1320.00,N,N,A,-,Y,ORA,,5," "," ",31.000,H,,L,Y,3,0,1,1,A,-,03,22350,,N,F,A,A,A,H,-,A,D,0,,,Y,,Y,,C,02,0,1,0,0,0,0,0,0,1,"- ","- ",33.746971130371094,-117.84297943115234,ORANGE,"SANTA ANA",-117.843017578125,33.746959686279297
92141268,2023,2023-08-11,9675,2023-07-29,1657,021716,,6,2,6,3004,0,1,3,,2,553,"SR-55 SOUTHBOUND","BAKER ST.",480.00,S,N,A,-,Y,ORA,,55," ",R,5.234,H,,L,N,3,0,1,3,A,-,03,22350,,N,B,C,A,A,H,-,A,D,0,,,Y,,Y,,C,02,0,1,0,0,0,0,0,0,1,"- ","- ",33.678798675537109,-117.8804931640625,ORANGE,"COSTA MESA",-117.88052368164062,33.678821563720703
92145335,2023,2023-08-16,9675,2023-08-04,1710,018102,,5,2,6,3026,0,1,1,,2,503,"I-5 NORTHBOUND","YALE AVENUE",1000.00,N,N,A,-,Y,ORA,,5," ",R,25.982,H,,R,Y,3,0,1,3,A,-,08,22107,,N,B,C,A,A,H,-,A,D,0,,,Y,,Y,,C,02,0,1,0,0,0,0,0,0,1,"- ","- ",33.702579498291016,-117.77655029296875,ORANGE,IRVINE,-117.77648162841797,33.702610015869141
92145726,2023,2023-08-16,9675,2023-08-05,1345,021834,,6,1,7,3001,0,1,3,,2,093,"SR-91 WESTBOUND","LAKEVIEW AVENUE",500.00,W,N,A,-,Y,ORA,,91," ",R,9.814,H,,L,N,4,0,1,2,A,-,03,22350,,N,B,C,A,A,H,-,A,D,0,,,Y,,Y,,C,02,0,0,1,0,0,0,0,0,1,"- ","- ",33.848228454589844,-117.81775665283203,ORANGE,ANAHEIM,-117.81774139404297,33.848209381103516
92146900,2023,2023-08-18,9675,2023-08-07,1755,018102,,1,2,6,3015,0,1,3,,2,222,"SR-22 EASTBOUND","CITY DRIVE",500.00,W,N,A,-,Y,ORA,,22," ",L,9.710,H,,R,N,4,0,1,2,A,-,03,22350,,N,B,C,A,A,H,-,A,D,0,,,Y,,Y,,C,02,0,0,1,0,0,0,0,0,1,"- ","- ",33.77886962890625,-117.89134216308594,ORANGE,ORANGE,-117.89134216308594,33.7789306640625
92148291,2023,2023-08-21,9675,2023-08-09,1830,023341,,3,2,7,3019,0,1,3,,2,552,"SR-55 NORTHBOUND","DYER ROAD",775.00,S,N,B,-,Y,ORA,,55," ",R,7.720,H,,R,N,4,0,1,2,A,-,03,22350,,N,B,C,A,A,H,-,A,D,0,,,Y,,Y,,C,02,0,0,1,0,0,0,0,0,1,"- ","- ",33.706890106201172,-117.85340881347656,ORANGE,"SANTA ANA",-117.85334014892578,33.706840515136719
92148752,2023,2023-08-21,9670,2023-08-14,1540,022493,,1,2,7,3001,0,1,3,,2,094,"SR-91 E/B (RIVERSIDE FREEWAY)","GILBERT ST",300.00,E,N,A,-,Y,ORA,,91," "," ",0.794,H,,R,N,3,0,2,3,A,-,07,21658,A,F,C,C,A,A,H,-,A,D,0,,,Y,,Y,,-,99,0,1,1,0,0,0,0,0,1,"- ","- ",33.854290008544922,-117.96695709228516,ORANGE,ANAHEIM,-117.96697998046875,33.854251861572266
92148815,2023,2023-08-21,9670,2023-08-05,1035,016271,,6,1,4,3020,0,1,1,,2,045,"I-405 S/B","SEAL BEACH BLVD",1700.00,N,N,A,-,Y,ORA,,405," "," ",22.992,H,,L,Y,3,0,1,3,A,-,03,22350,,N,B,C,A,A,D,E,A,D,0,,,Y,,Y,,C,02,0,1,0,0,0,0,0,0,1,"- ","- ",33.774288177490234,-118.08126068115234,ORANGE,"SEAL BEACH",-118.08126068115234,33.774284362792969
92149231,2023,2023-08-21,9675,2023-08-09,"845 ",018039,,3,1,6,3026,0,1,1,,2,503,"I-5 SOUTHBOUND","YALE AVE PEDESTRIAN OVERCROSS",372.00,S,N,A,-,Y,ORA,,5," ",R,25.755,H,,L,N,3,0,1,2,A,-,07,21658,A,N,B,C,A,B,H,-,A,D,0,,,Y,,Y,,A,01,0,1,0,0,0,0,0,0,1,"- ","- ",33.699600219726562,-117.77480316162109,ORANGE,IRVINE,-117.77490234375,33.699554443359375
92149255,2023,2023-08-22,9675,2023-08-11,1800,018887,,5,2,6,3026,0,1,1,,2,407,"I-405 NORTHBOUND","SAND CANYON AVENUE",1584.00,N,N,A,-,Y,ORA,,405," "," ",3.328,H,,R,N,3,0,1,2,A,-,08,22107,,F,B,C,A,A,H,-,A,D,0,,,Y,,Y,,-,99,0,1,0,0,0,0,0,0,1,"- ","- ",33.661388397216797,-117.78443145751953,ORANGE,IRVINE,-117.78441619873047,33.661418914794922
92150014,2023,2023-08-22,9670,2023-08-05,1220,016271,,6,1,4,3020,0,1,1,,2,045,"I-405 S/B","SEAL BEACH BLVD",1600.00,N,N,A,-,Y,ORA,,405," "," ",22.970,H,,L,Y,4,0,1,2,A,-,03,22350,,N,C,C,A,A,D,E,A,A,0,,,Y,,Y,,C,02,0,0,1,0,0,0,0,0,1,"- ","- ",33.774299621582031,-118.08085632324219,ORANGE,"SEAL BEACH",-118.08085632324219,33.774284362792969
92152697,2023,2023-08-24,9690,2023-08-14,1110,016610,,1,1,9,3000,0,3,5,,2,004,"SIENNA PKWY.","WINDMILL AVE.",0.00,,Y,A,-,N,,,,,,,,,,Y,2,0,1,1,A,-,03,22350,,N,E,I,A,A,H,-,A,A,0,,,Y,,Y,,C,02,1,0,0,0,0,0,0,0,1,"- ","- ",33.558399200439453,-117.63590240478516,ORANGE,UNINCORPORATED,-117.63562774658203,33.558200836181641
92154539,2023,2023-11-03,9675,2023-08-16,"924 ",020018,,3,1,5,3022,0,1,1,,2,503,"I-5 SOUTHBOUND","TUSTIN RANCH RD",400.00,N,N,A,-,Y,ORA,,5," ",R,28.579,H,,L,N,4,0,1,4,A,-,07,21658,A,N,C,C,A,A,H,-,A,D,0,,,Y,,Y,,C,02,0,0,1,0,0,0,0,0,1,"- ","- ",33.728580474853516,-117.80840301513672,ORANGE,TUSTIN,-117.80845642089844,33.728519439697266
9215491,2021,2021-03-11,3011,2021-01-09,1318,31407,62,6,5,4,3011,0,0,0,,0,001,"PARK AV","WENDT TER",1800.00,N,N,A,-,N,,,,,,,,,,Y,2,0,1,1,A,-,03,22350,,N,E,I,A,A,H,-,A,D,0,,,Y,,Y,,C,02,1,0,0,0,0,0,0,0,1,"- ","- ",,,ORANGE,"LAGUNA BEACH",-117.76747894287109,33.545810699462891
92155000,2023,2023-08-28,9675,2023-07-10,1740,021305,,1,2,6,3026,0,1,1,,2,503,"I-5 NORTHBOUND","CULVER DRIVE",1056.00,S,N,A,-,Y,ORA,,5," ",R,26.388,H,,R,N,3,0,1,3,A,-,08,22107,,F,B,C,A,A,H,-,A,D,0,,,Y,,Y,,-,99,0,1,0,0,0,0,0,0,1,"- ","- ",33.707698822021484,-117.78005981445312,ORANGE,IRVINE,-117.77998352050781,33.707744598388672
92157096,2023,2023-08-29,9690,2023-08-18,1240,019319,,5,1,9,3000,0,2,4,,2,037,"LIVE OAK CANYON ROAD","HAMILTON TRAIL",1295.00,W,N,A,-,N,,,,,,,,,,Y,2,0,1,2,A,-,09,21801,A,N,D,C,A,A,D,-,A,A,0,,,Y,,Y,,A,01,1,0,0,0,0,0,0,0,1,"- ","- ",33.685749053955078,-117.60662078857422,ORANGE,UNINCORPORATED,-117.60652923583984,33.685680389404297
92157214,2023,2024-02-09,9690,2023-06-17,2235,021894,,6,3,9,3000,0,3,5,,2,004,"CROWN VALLEY PKWY","O'NEILL DR.",833.00,W,N,A,-,N,,,,,,,,,,Y,2,0,2,2,A,-,01,23152,A,N,C,C,A,A,H,-,C,D,0,,,Y,,Y,Y,C,02,2,0,0,0,0,0,0,0,2,"- ","- ",33.564029693603516,-117.64610290527344,ORANGE,UNINCORPORATED,-117.64605712890625,33.564292907714844
92157517,2023,2023-08-29,9675,2023-08-18,"545 ",023293,,5,3,7,3001,0,1,3,,2,093,"SR-91 W/B TO SR-57 S/B","LA PALMA AVE",1162.00,W,N,B,-,Y,,,,,,,,,,Y,3,0,1,1,A,-,08,22107,,N,F,A,A,A,H,-,D,D,0,,,Y,,Y,,C,02,0,1,0,0,0,0,0,0,1,"- ","- ",33.849628448486328,-117.87403106689453,ORANGE,ANAHEIM,-117.87403106689453,33.849628448486328
92157561,2023,2023-08-29,9690,2023-08-18,1810,020182,,5,2,4,3018,0,1,1,,2,057,"I-5 N/B (SAN DIEGO FRWY)","JUNIPERO SERRA RD.",1625.00,S,N,A,-,Y,ORA,,5," "," ",10.599,H,,R,N,3,0,1,2,A,-,03,22350,,N,F,0,A,A,H,-,A,D,0,,,Y,,Y,,C,02,0,1,0,0,0,0,0,0,1,"- ","- ",33.516189575195312,-117.66378784179688,ORANGE,"SAN JUAN CAPISTRANO",-117.66370391845703,33.516216278076172
92157584,2022,2023-08-29,9670,2022-11-10,0442,021210,,4,3,4,3020,0,1,1,,2,440,"INTERSTATE 405 NORTHBOUND","SEAL BEACH BOULEVARD",2640.00,S,N,A,-,Y,ORA,,405,,,22.297,H,,R,Y,1,1,0,2,A,-,03,22350,,N,C,C,A,A,D,E,C,A,0,,,Y,Y,Y,,C,02,0,0,0,0,0,0,0,1,0,"- ","- ",33.774448394775391,-118.06893920898438,ORANGE,"SEAL BEACH",-118.06893920898438,33.774444580078125
92158287,2023,2023-08-30,9670,2023-04-30,"450 ",022519,,7,3,5,3024,0,1,1,,2,043,"INTERSTATE 405 SOUTHBOUND","GOLDENWEST STREET",2015.00,N,N,B,-,Y,ORA,,405," "," ",18.058,H,,L,Y,1,1,0,1,A,-,08,22107,,N,E,I,A,A,D,-,C,D,0,,,Y,,Y,,C,02,0,0,0,0,0,0,0,1,0,"- ","- ",33.747470855712891,-118.00862884521484,ORANGE,WESTMINSTER,-118.00849914550781,33.747581481933594
92158486,2023,2023-08-30,9670,2023-08-19,1953,022493,,6,2,5,3003,0,1,3,,2,093,"SR-91 W/B (RIDERSIDE FREEWAY)","BEACH BLVD",700.00,W,N,A,-,Y,ORA,,91," ",R,2.465,H,,L,N,3,0,1,2,A,-,03,22350,,F,C,C,A,A,H,-,C,D,0,,,Y,,Y,,A,01,0,1,0,0,0,0,0,0,1,"- ","- ",33.856098175048828,-118.00063323974609,ORANGE,"BUENA PARK",-118.00063323974609,33.856136322021484
92159642,2023,2023-08-31,9675,2023-08-21,1905,018102,,1,2,9,3000,0,2,4,,2,034,"SANTIAGO CANYON ROAD","LOMA RIDGE ROAD",3000.00,S,N,B,-,N,,,,,,,,,,Y,3,0,1,1,A,-,08,22107,,N,F,A,A,A,H,-,A,D,0,,,Y,,Y,,C,02,0,1,0,0,0,0,0,0,1,"- ","- ",33.767749786376953,-117.72873687744141,ORANGE,UNINCORPORATED,-117.73248291015625,33.768375396728516
92160843,2023,2023-09-01,9675,2023-08-23,1505,018102,,3,2,6,3026,0,1,1,,2,503,"I-5 NORTHBOUND","JAMBOREE ROAD",50.00,S,N,A,-,Y,ORA,,5," "," ",27.567,H,,R,Y,3,0,1,2,A,-,07,21658,A,N,B,C,A,A,H,-,A,D,0,,,Y,,Y,,A,01,0,1,0,0,0,0,0,0,1,"- ","- ",33.719409942626953,-117.79470825195312,ORANGE,IRVINE,-117.79465484619141,33.719463348388672
92161064,2023,2023-09-01,9675,2023-08-24,1732,023116,,4,2,6,3015,0,1,3,,2,550,"SR-55 NORTHBOUND","MEATS AVENUE",75.00,N,N,A,-,Y,ORA,,55," "," ",16.160,H,,L,Y,4,0,1,2,A,-,03,22350,,N,C,C,A,A,H,-,A,D,0,,,Y,,Y,,-,"- ",0,0,1,0,0,0,0,0,1,"- ","- ",33.823360443115234,-117.83220672607422,ORANGE,ORANGE,-117.83217620849609,33.823360443115234
92162055,2023,2023-09-05,9675,2023-08-23,1255,019320,,3,1,7,3019,0,1,1,,2,520,"I-5 NORTHBOUND","MAIN ST",90.00,S,N,A,-,Y,ORA,,5," "," ",33.043,H,,R,N,2,0,1,2,A,-,03,22350,,N,C,C,A,A,H,-,A,D,0,,,Y,,Y,,C,02,1,0,0,0,0,0,0,0,1,"- ","- ",33.767139434814453,-117.86707305908203,ORANGE,"SANTA ANA",-117.86687469482422,33.767219543457031
92162494,2023,2023-09-05,9675,2023-08-25,1335,023208,,5,1,6,3015,0,1,3,,2,222,"SR-22 E/B TO I-5 N/B","LA VETA AVE",3200.00,E,N,A,-,Y,,,,,,,,,,N,3,0,1,1,A,-,08,22107,,N,E,J,A,A,H,-,A,D,0,,,Y,,Y,,C,02,0,1,0,0,0,0,0,0,1,"- ","- ",33.777881622314453,-117.87230682373047,ORANGE,ORANGE,-117.87230682373047,33.777881622314453
92164377,2023,2023-09-07,9675,2023-08-29,"716 ",021397,,2,1,6,3008,0,1,3,,2,571,"SR-57 SOUTHBOUND","YORBA LINDA BLVD.",1524.00,S,N,A,-,Y,ORA,,57," "," ",18.095,H,,L,Y,2,0,1,1,A,-,03,22350,,N,F,A,A,A,H,-,A,D,0,,,Y,,Y,,C,02,1,0,0,0,0,0,0,0,1,"- ","- ",33.885429382324219,-117.88082122802734,ORANGE,FULLERTON,-117.88066864013672,33.885433197021484
92164662,2023,2023-09-07,9675,2023-08-29,1816,020699,,2,2,5,3022,0,1,1,,2,503,"I-5 SOUTHBOUND","JAMBOREE RD.",2200.00,N,N,A,-,Y,ORA,,5," "," ",28.053,H,,L,N,3,0,2,2,A,-,07,21658,A,N,B,C,A,A,H,-,A,D,0,,,Y,,Y,,A,01,0,1,1,0,0,0,0,0,1,"- ","- ",33.723628997802734,-117.80140686035156,ORANGE,TUSTIN,-117.80133056640625,33.723709106445312
92164677,2023,2023-09-07,9670,2023-08-30,1054,019171,,3,1,3,3006,0,1,3,,2,091,"SR-91 W/B (RIVERSIDE FWY)","COYOTE CREEK",100.00,W,N,A,-,Y,ORA,,91," ",R,0.108,H,,L,Y,2,0,1,2,A,-,08,22107,,N,C,C,A,A,H,-,A,D,0,,,Y,,Y,,C,02,1,0,0,0,0,0,0,0,1,"- ","- ",33.861438751220703,-118.04022216796875,ORANGE,"LA PALMA",-118.04019927978516,33.861480712890625
92165119,2023,2023-09-08,9670,2023-08-28,"740 ",014558,,1,1,5,3024,0,1,3,,2,021,"SR-22 W/B (GARDEN GROVE FREEWAY)","KNOTT STREET",200.00,W,N,A,-,Y,ORA,,22," ",R,2.639,H,,L,Y,3,0,1,3,A,-,03,22350,,N,B,C,A,A,H,-,A,D,0,,,Y,,Y,,C,02,0,1,0,0,0,0,0,0,1,"- ","- ",33.774559020996094,-118.00803375244141,ORANGE,WESTMINSTER,-118.00802612304688,33.774562835693359
92165966,2023,2023-09-08,9675,2023-08-31,"918 ",016748,,4,1,4,3002,0,1,3,,2,570,"SR-57 NORTHBOUND","TONNER CANYON RD",2000.00,S,N,A,-,Y,ORA,,57," "," ",21.566,H,,R,Y,4,0,1,2,A,-,03,22350,,N,C,C,A,A,H,-,A,D,0,,,Y,,Y,,C,02,0,0,1,0,0,0,0,0,1,"- ","- ",33.934738159179688,-117.87844848632812,ORANGE,BREA,-117.87835693359375,33.934719085693359
92166752,2023,2023-09-11,9670,2023-08-29,1113,014558,,2,1,6,3009,0,1,3,,2,125,"SR-22 W/B (GARDEN GROVE FREEWAY)","NEWHOPE STREET",500.00,E,N,A,-,Y,ORA,,22," ",R,7.446,H,,L,N,2,0,1,1,A,-,08,22107,,N,E,I,A,A,H,-,A,D,0,,,Y,,Y,,C,02,1,0,0,0,0,0,0,0,1,"- ","- ",33.766139984130859,-117.92714691162109,ORANGE,"GARDEN GROVE",-117.92715454101562,33.766208648681641
92167419,2023,2023-09-11,9675,2023-09-01,1055,018714,,5,1,6,3004,0,1,1,,2,405,"I-405 SOUTHBOUND","HARBOR BLVD",600.00,S,N,A,-,Y,ORA,,405," "," ",11.228,H,,L,N,4,0,1,2,A,-,07,21658,A,N,B,C,A,A,H,-,A,D,0,,,Y,,Y,,C,02,0,0,1,0,0,0,0,0,1,"- ","- ",33.688041687011719,-117.91542053222656,ORANGE,"COSTA MESA",-117.91542053222656,33.688018798828125
92167851,2023,2024-02-05,9670,2023-09-09,1055,021459,,6,1,6,3009,0,1,3,,2,021,"SR-22 W/B FROM VALLEY VIEW STREET","VALLEY VIEW STREET",528.00,W,N,A,-,Y,ORA,,22," ",R,0.871,H,,L,N,1,1,0,1,A,-,03,22350,,N,F,A,A,A,H,-,A,D,0,,,Y,,Y,,C,02,0,0,0,0,0,0,0,1,0,"- ","- ",33.774898529052734,-118.03838348388672,ORANGE,"GARDEN GROVE",-118.03840637207031,33.774745941162109
92168083,2023,2023-09-12,9675,2023-09-01,1440,023128,,5,2,7,3001,0,1,3,,2,093,"SR-91 EASTBOUND","EAST RIVERDALE AVE",200.00,E,N,A,-,Y,ORA,,91," ",R,8.851,H,,R,N,3,0,1,2,A,-,08,22107,,N,B,C,A,A,H,-,A,D,0,,,Y,,Y,,C,02,0,1,0,0,0,0,0,0,1,"- ","- ",33.847019195556641,-117.83193969726562,ORANGE,ANAHEIM,-117.83200073242188,33.846965789794922
92168615,2023,2023-09-13,9675,2023-09-02,1535,021834,,6,2,9,3000,0,2,4,,2,034,"SANTIAGO CANYON ROAD","SILVERADO CANYON ROAD",2600.00,S,N,B,-,N,,,,,,,,,,N,4,0,1,1,A,-,03,22350,,N,E,A,A,A,H,-,A,D,0,,,Y,,Y,,C,02,0,0,1,0,0,0,0,0,1,"- ","- ",33.746509552001953,-117.66899108886719,ORANGE,UNINCORPORATED,-117.68042755126953,33.750068664550781
92168884,2023,2023-09-13,9675,2023-09-02,1740,021305,,6,2,6,3026,0,1,1,,2,406,"I-405 NORTHBOUND","JAMBOREE ROAD",2746.00,S,N,A,-,Y,ORA,,405," "," ",6.376,H,,R,N,2,0,1,1,A,-,03,22350,,N,F,A,A,A,H,-,A,D,0,,,Y,,Y,,C,02,1,0,0,0,0,0,0,0,1,"- ","- ",33.673679351806641,-117.83502197265625,ORANGE,IRVINE,-117.83499908447266,33.673728942871094
92168908,2023,2023-09-13,9670,2023-09-09,2254,021900,,6,3,5,3024,0,1,1,,2,042,"I-405 N/B","GOLDENWEST ST. O/C",300.00,N,N,A,-,Y,ORA,,405," "," ",18.164,H,,R,N,4,0,1,1,A,-,08,22107,,N,E,9,A,A,D,E,C,D,0,,,Y,,Y,,C,02,0,0,1,0,0,0,0,0,1,"- ","- ",33.748828887939453,-118.00965881347656,ORANGE,WESTMINSTER,-118.00965881347656,33.748828887939453
92169254,2023,2023-09-13,9675,2023-09-04,1135,023293,,1,1,6,3015,0,1,3,,2,551,"SR-55 NORTHBOUND","CHAPMAN AVE",450.00,S,N,B,-,Y,ORA,,55," "," ",13.609,H,,R,N,3,0,1,1,A,-,03,22350,,N,F,A,A,A,H,-,A,D,0,,,Y,,Y,,C,02,0,1,0,0,0,0,0,0,1,"- ","- ",33.786411285400391,-117.83077239990234,ORANGE,ORANGE,-117.83089447021484,33.786411285400391
92170334,2023,2023-09-14,9670,2023-09-07,1446,020809,,4,2,5,3003,0,1,3,,2,091,"STATE ROUTE 91 WESTBOUND","KNOTT AVENUE",1584.00,E,N,A,-,Y,ORA,,91," ",R,2.205,H,,L,N,2,0,1,3,A,-,03,22350,,N,C,C,A,A,H,-,A,D,0,,,Y,Y,Y,,C,02,1,0,0,0,0,0,0,0,1,"- ","- ",33.856159210205078,-118.00514221191406,ORANGE,"BUENA PARK",-118.00514221191406,33.856124877929688
92170445,2023,2023-09-14,9675,2023-09-02,1220,023136,,6,1,7,3019,0,1,1,,2,502,"I-5 SOUTHBOUND","17TH ST",534.00,S,N,A,-,Y,ORA,,5," "," ",32.478,H,,L,Y,4,0,1,4,A,-,03,22350,,M,C,C,A,A,H,-,A,D,0,,,Y,,Y,,C,02,0,0,1,0,0,0,0,0,1,"- ","- ",33.760089874267578,-117.86255645751953,ORANGE,"SANTA ANA",-117.86260986328125,33.760047912597656
92170510,2023,2023-09-14,9675,2023-09-04,1015,017993,,1,1,6,3026,0,1,3,,2,074,"SR-73 N/B FROM MACARTHUR BLVD","MACARTHUR BLVD",700.00,S,N,A,-,Y,,,,,,,,,,Y,3,0,1,1,A,-,03,22350,,N,E,I,A,A,H,-,A,D,0,,,Y,,Y,,C,02,0,1,0,0,0,0,0,0,1,"- ","- ",33.641620635986328,-117.85870361328125,ORANGE,IRVINE,-117.85870361328125,33.641620635986328
92171295,2023,2023-09-15,9675,2023-09-06,"750 ",017993,,3,1,7,3001,0,1,3,,2,095,"SR-91 WESTBOUND","GYPSUM CANYON RD.",3200.00,E,N,A,-,Y,ORA,,91," ",R,17.043,H,,L,Y,4,0,1,2,A,-,07,21658,A,N,C,C,A,A,H,-,D,D,0,,,Y,,Y,,A,01,0,0,1,0,0,0,0,0,1,"- ","- ",33.871509552001953,-117.70208740234375,ORANGE,ANAHEIM,-117.7020263671875,33.871406555175781
92171447,2023,2023-09-15,9675,2023-09-07,1635,023208,,4,2,7,3001,0,1,3,,2,093,"SR-91 EASTBOUND","TUSTIN AVE",500.00,W,N,A,-,Y,ORA,,91," "," ",7.993,H,,R,N,4,0,1,3,A,-,07,21658,A,N,B,C,A,A,H,-,A,D,0,,,Y,,Y,,D,22,0,0,1,0,0,0,0,0,1,"- ","- ",33.850509643554688,-117.8448486328125,ORANGE,ANAHEIM,-117.8448486328125,33.850502014160156
92174132,2023,2023-09-20,9675,2023-09-10,"245 ",022046,,7,3,6,3026,0,1,1,,2,504,"I-5 NORTHBOUND","BAKE PARKWAY",1056.00,N,N,A,-,Y,ORA,,5," "," ",20.934,H,,R,N,3,0,1,1,A,-,08,22107,,N,F,A,A,A,H,-,C,D,0,,,Y,,Y,,C,02,0,1,0,0,0,0,0,0,1,"- ","- ",33.640251159667969,-117.73123931884766,ORANGE,IRVINE,-117.73130035400391,33.640220642089844
92175031,2023,2023-09-20,9675,2023-09-09,2045,023310,,6,2,7,3019,0,1,1,,2,503,"I-5 SOUTHBOUND",SR-55,1500.00,N,N,A,-,Y,ORA,,5," "," ",30.564,H,,L,N,3,0,1,2,A,-,07,21658,A,F,F,A,A,A,H,-,D,D,0,,,Y,,Y,,-,99,0,1,0,0,0,0,0,0,1,"- ","- ",33.742279052734375,-117.83875274658203,ORANGE,"SANTA ANA",-117.83873748779297,33.742298126220703
92175044,2023,2023-09-20,9675,2023-09-10,1105,022159,,7,1,7,3001,0,1,3,,2,093,"SR-91 E/B  TO SR-57 N/B","SR-91 (RIVERSIDE FREEWAY)",686.00,N,N,B,-,Y,,,,,,,,,,N,3,0,1,1,A,-,03,22350,,N,F,A,A,A,H,-,A,D,0,,,Y,,Y,,C,02,0,1,0,0,0,0,0,0,1,"- ","- ",33.851421356201172,-117.87496185302734,ORANGE,ANAHEIM,-117.87496185302734,33.851421356201172
92175412,2023,2023-09-20,9690,2023-09-09,1233,019394,,6,1,5,3028,0,1,1,,2,056,"I-5 N/B (SAN DIEGO FRWY)","OSO PKWY.",2340.00,N,N,A,-,Y,ORA,,5," "," ",15.665,H,,R,N,3,0,1,2,A,-,07,21658,A,N,B,C,A,A,D,-,A,D,0,,,Y,,Y,,A,01,0,1,0,0,0,0,0,0,1,"- ","- ",33.586700439453125,-117.67160034179688,ORANGE,"MISSION VIEJO",-117.67149353027344,33.586696624755859
92175420,2023,2023-09-20,9675,2023-09-08,1730,023208,,5,2,6,3004,0,1,1,,2,405,"I-405 SOUTHBOUND TO SR-73 SOUTHBOUND","FAIRVIEW RD",2500.00,S,N,A,-,Y,ORA,,73," ",R,27.784,H,,L,Y,4,0,1,1,A,-,03,22350,,N,E,I,A,A,H,-,A,D,0,,,Y,,Y,,C,02,0,0,1,0,0,0,0,0,1,"- ","- ",33.687099456787109,-117.89898681640625,ORANGE,"COSTA MESA",-117.89900207519531,33.687084197998047
92176409,2023,2023-09-21,9675,2023-09-10,1630,023128,,7,2,4,3002,0,1,3,,2,570,"SR-57 NORTHBOUND","TONNER CANYON RD",1550.00,N,N,A,-,Y,ORA,,57," "," ",22.144,H,,R,N,3,0,1,2,A,-,08,22107,,N,C,C,A,A,H,-,A,D,0,,,Y,,Y,,C,02,0,1,0,0,0,0,0,0,1,"- ","- ",33.942008972167969,-117.87368011474609,ORANGE,BREA,-117.87364959716797,33.941978454589844
9217729,2021,2021-03-23,3004,2021-01-13,1742,P633,11,3,5,6,3004,0,0,0,,0,007,"WEST 19TH ST","HARBOR BL",46.00,E,N,A,-,N,,,,,,,,,,Y,4,0,1,2,A,-,01,23152,A,N,C,C,A,A,H,-,C,A,0,,,Y,,Y,Y,C,02,0,0,1,0,0,0,0,0,1,"- ","- ",33.643299102783203,-117.91860198974609,ORANGE,"COSTA MESA",-117.91881561279297,33.643341064453125
92178048,2023,2023-09-25,9670,2023-09-19,2130,022226,,2,2,7,3001,0,1,3,,2,093,"SR-91 W/B (RIVERSIDE FREEWAY)","HARBOR BLVD",1800.00,W,N,A,-,Y,ORA,,91," "," ",2.894,H,,L,N,3,0,1,1,A,-,08,22107,,N,F,A,A,A,H,-,C,D,0,,,Y,,Y,,C,02,0,1,0,0,0,0,0,0,1,"- ","- ",33.854148864746094,-117.93051910400391,ORANGE,ANAHEIM,-117.93051147460938,33.854209899902344
92178069,2023,2023-09-25,9670,2023-09-20,1500,021355,,3,2,6,3008,0,1,1,,2,501,"I-5 S/B","BEACH BLVD",1056.00,S,N,A,-,Y,ORA,,5," "," ",42.887,H,,L,N,3,0,1,2,A,-,07,21658,A,N,B,C,A,A,H,-,A,D,0,,,Y,,Y,,A,01,0,1,0,0,0,0,0,0,1,"- ","- ",33.862018585205078,-117.99085998535156,ORANGE,FULLERTON,-117.99086761474609,33.862007141113281
92178497,2023,2023-09-25,9675,2023-09-18,1605,018834,,1,2,7,3001,0,1,3,,2,194,"SR-91 EASTBOUND","WEIR CANYON RD.",25.00,W,N,A,-,Y,ORA,,91," ",R,14.428,H,,R,N,4,0,1,2,A,-,08,22107,,N,B,C,A,A,H,-,A,D,0,,,Y,,Y,,C,02,0,0,1,0,0,0,0,0,1,"- ","- ",33.870361328125,-117.74488067626953,ORANGE,ANAHEIM,-117.74485015869141,33.870227813720703
92179035,2023,2023-09-25,9675,2023-09-19,1140,017998,,2,1,7,3019,0,1,3,,2,552,"SR-55 SOUTHBOUND","DYER RD",1000.00,S,N,A,-,Y,ORA,,55," ",R,7.668,H,,L,Y,3,0,1,2,A,-,03,22350,,N,C,C,A,A,D,-,A,D,0,,,Y,,Y,,A,07,0,1,0,0,0,0,0,0,1,"- ","- ",33.706390380859375,-117.85417175292969,ORANGE,"SANTA ANA",-117.8541259765625,33.70635986328125
92181533,2023,2023-09-27,9675,2023-09-20,1725,019779,,3,2,7,3019,0,1,1,,2,520,"I-5 NORTHBOUND","SR-22 EASTBOUND",580.00,S,N,A,-,Y,ORA,,5," "," ",33.872,H,,R,N,2,0,1,2,A,-,07,21658,A,N,F,0,A,A,H,-,A,D,0,,,Y,,Y,,A,08,1,0,0,0,0,0,0,0,1,"- ","- ",33.777198791503906,-117.87470245361328,ORANGE,"SANTA ANA",-117.87459564208984,33.777256011962891
92183070,2023,2023-10-02,9675,2023-09-22,1530,018102,,5,2,6,3026,0,1,1,,2,503,"I-5 NORTHBOUND","YALE AVENUE",2000.00,N,N,A,-,Y,ORA,,5," ",R,26.198,H,,R,N,4,0,1,3,A,-,07,21658,A,N,B,C,A,A,H,-,A,D,0,,,Y,,Y,,A,01,0,0,1,0,0,0,0,0,1,"- ","- ",33.705341339111328,-117.77835083007812,ORANGE,IRVINE,-117.77828216552734,33.705371856689453
9218366,2021,2021-03-16,3009,2021-01-21,1651,3739,104,4,5,6,3009,0,0,0,,0,012,"BROOKHURST ST","STANFORD AV",697.00,S,N,A,-,N,,,,,,,,,,Y,3,0,1,2,A,-,07,21658,A,N,B,C,A,A,H,-,A,A,0,,,Y,,Y,,A,08,0,1,0,0,0,0,0,0,1,"- ","- ",,,ORANGE,"GARDEN GROVE",-117.95641326904297,33.776081085205078
92183766,2023,2023-10-02,9690,2023-09-23,"939 ",019394,,6,1,4,3045,0,1,1,,2,055,"I-5 S/B (SAN DIEGO FRWY)","LOS ALISOS BLVD.",15.00,N,N,A,-,Y,ORA,,5," "," ",17.966,H,,L,Y,2,0,1,2,A,-,07,21658,A,N,B,C,A,A,D,-,A,D,0,,,Y,,Y,,A,01,1,0,0,0,0,0,0,0,1,"- ","- ",33.608131408691406,-117.69786834716797,ORANGE,"LAGUNA HILLS",-117.6978759765625,33.608119964599609
92188716,2023,2023-10-03,9675,2023-09-19,1604,018887,,2,2,9,3000,0,3,5,,2,001,"BREA BLVD","TONNER CANYON RD",0.00,,Y,A,-,N,,,,,,,,,,Y,2,0,1,2,A,-,05,21752,D,N,A,C,A,A,H,-,A,D,0,,,Y,,Y,,C,02,1,0,0,0,0,0,0,0,1,"- ","- ",33.940769195556641,-117.87818908691406,ORANGE,UNINCORPORATED,,
92189368,2023,2023-10-03,9670,2023-09-21,1720,019304,,4,2,5,3007,0,1,1,,2,040,"I-405 N/B","TALBERT AVE",500.00,N,N,A,-,Y,,,,,,,,,,Y,3,0,1,2,A,-,07,21658,A,N,B,C,A,A,H,-,A,D,0,,,Y,,Y,,A,08,0,1,0,0,0,0,0,0,1,"- ","- ",33.421028137207031,-117.57057189941406,ORANGE,"FOUNTAIN VALLEY",-117.95057678222656,33.7025146484375
92192373,2023,2023-10-05,9675,2023-08-31,"900 ",019599,,4,1,7,3019,0,1,3,,2,222,"SR-22 EASTBOUND TO SR-57 NORTHBOUND","I-5 NORTHBOUND",1000.00,E,N,A,-,Y,,,,,,,,,,N,2,0,1,2,A,-,03,22350,,N,F,A,A,A,H,-,A,D,0,,,Y,,Y,,C,02,1,0,0,0,0,0,0,0,1,"- ","- ",33.777950286865234,-117.87236022949219,ORANGE,"SANTA ANA",-117.87236022949219,33.777950286865234
92193100,2023,2023-10-06,9675,2023-09-28,1533,018102,,4,2,7,3019,0,1,1,,2,520,"I-5 NORTHBOUND",SR-22,300.00,S,N,A,-,Y,ORA,,5," "," ",33.904,H,,R,Y,2,0,1,3,A,-,03,22350,,N,B,C,A,A,H,-,A,D,0,,,Y,,Y,,C,02,1,0,0,0,0,0,0,0,1,"- ","- ",33.777599334716797,-117.87500762939453,ORANGE,"SANTA ANA",-117.87490844726562,33.777656555175781
92195003,2023,2023-10-10,9675,2023-09-30,1825,022283,,6,2,7,3019,0,1,1,,2,502,"I-5 NORTHBOUND",BROADWAY,340.00,N,N,B,-,Y,ORA,,5," "," ",33.416,H,,R,Y,3,0,1,2,A,-,03,22350,,N,C,C,A,A,H,-,C,D,0,,,Y,,Y,,C,02,0,1,0,0,0,0,0,0,1,"- ","- ",33.771800994873047,-117.87021636962891,ORANGE,"SANTA ANA",-117.8701171875,33.771862030029297
92195317,2023,2023-10-10,9675,2023-10-01,1420,021960,,7,2,6,3004,0,1,3,,2,553,"SR-55 SOUTHBOUND",SR-73,1584.00,N,N,A,-,Y,ORA,,55," ",R,5.050,H,,L,N,3,0,1,1,C,-,18,,,N,F,A,A,A,H,-,A,D,0,,,Y,,Y,,-,"- ",0,1,0,0,0,0,0,0,1,"- ","- ",33.676788330078125,-117.88247680664062,ORANGE,"COSTA MESA",-117.88242340087891,33.676750183105469
92195768,2023,2023-10-10,9675,2023-10-02,1900,023337,,1,2,6,3026,0,1,1,,2,504,"I-5 NB FROM SAND CANYON AVE","I-5 NORTHBOUND",792.00,S,N,A,-,Y,,,,,,,,,,Y,3,0,1,1,A,-,03,22350,,F,E,J,A,A,H,-,A,D,0,,,Y,,Y,,C,02,0,1,0,0,0,0,0,0,1,"- ","- ",33.679538726806641,-117.75840759277344,ORANGE,IRVINE,-117.75840759277344,33.679538726806641
92196032,2023,2023-10-11,9670,2023-10-03,"730 ",016271,,2,1,6,3009,0,1,3,,2,021,"SR-22 W/B","VALLEY VIEW ST",2500.00,E,N,A,-,Y,ORA,,22," ",R,1.406,H,,L,Y,4,0,1,2,A,-,07,21658,A,N,C,C,A,A,H,-,A,A,0,,,Y,,Y,,A,01,0,0,1,0,0,0,0,0,1,"- ","- ",33.774379730224609,-118.02926635742188,ORANGE,"GARDEN GROVE",-118.02926635742188,33.774417877197266
92196364,2023,2023-10-11,9675,2023-10-03,"708 ",019599,,2,1,5,3022,0,1,3,,2,051,"SR-55 SOUTHBOUND","17TH ST.",850.00,S,N,A,-,Y,ORA,,55," "," ",11.615,H,,L,Y,2,0,1,4,A,-,07,21658,A,N,B,C,A,A,H,-,A,D,0,,,Y,,Y,,A,07,1,0,0,0,0,0,0,0,1,"- ","- ",33.757350921630859,-117.8314208984375,ORANGE,TUSTIN,-117.83139801025391,33.757347106933594
92196599,2023,2023-10-11,9675,2023-10-04,1858,020131,,3,2,7,3001,0,1,3,,2,094,"SR-91 EASTBOUND","IMPERIAL HIGHWAY",5280.00,E,N,A,-,Y,ORA,,91," ",R,13.066,H,,R,N,3,0,1,2,A,-,07,21658,A,N,B,C,A,A,H,-,C,D,0,,,Y,,Y,,A,07,0,1,0,0,0,0,0,0,1,"- ","- ",33.865169525146484,-117.76712036132812,ORANGE,ANAHEIM,-117.76710510253906,33.865154266357422
92196751,2023,2023-10-12,9675,2023-10-04,1830,020851,,3,2,6,3015,0,1,1,,2,502,"I-5 S/B TO SR-22 E/B","MAIN SREET",2220.00,W,N,A,-,Y,ORA,,5," "," ",33.843,H,,L,N,2,0,1,1,A,-,03,22350,,N,E,8,A,A,H,-,B,D,0,,,Y,,Y,,C,02,1,0,0,0,0,0,0,0,1,"- ","- ",33.776920318603516,-117.87477874755859,ORANGE,ORANGE,-117.87478637695312,33.77691650390625
92197391,2023,2023-10-12,9690,2023-10-01,2025,020038,,7,2,9,3000,0,3,5,,2,004,"ONEILL DRIVE","NARROW CANYON",0.00,,Y,A,-,N,,,,,,,,,,N,4,0,1,2,A,-,09,21803,A,F,F,A,A,A,H,-,C,A,0,,,Y,,Y,,-,99,0,0,1,0,0,0,0,0,1,"- ","- ",33.549209594726562,-117.64579010009766,ORANGE,UNINCORPORATED,-117.64601898193359,33.549186706542969
92197485,2023,2024-07-25,9670,2023-08-13,"214 ",021821,,7,3,7,3001,0,1,3,,2,094,"STATE ROUTE 91 EASTBOUND","GILBERT STREET",500.00,E,N,A,-,Y,ORA,,91," "," ",0.835,H,,R,Y,1,1,0,2,A,-,01,23152,A,F,C,C,A,A,H,-,D,D,0,,,Y,,Y,,C,02,0,0,0,0,0,0,0,1,0,"- ","- ",33.854061126708984,-117.96630096435547,ORANGE,ANAHEIM,-117.96630096435547,33.85406494140625
92199896,2023,2023-10-16,9670,2023-10-10,1850,019304,,2,2,5,3007,0,1,1,,2,040,"I-405 N/B","WARD ST",100.00,N,N,A,-,Y,ORA,,405," "," ",13.184,H,,R,N,3,0,1,2,A,-,07,21658,A,M,F,A,A,A,D,-,B,D,0,,,Y,,Y,,-,99,0,1,0,0,0,0,0,0,1,"- ","- ",33.700359344482422,-117.94602966308594,ORANGE,"FOUNTAIN VALLEY",-117.94602966308594,33.700359344482422
92201349,2023,2023-10-17,9675,2023-10-08,1455,021633,,7,2,5,3022,0,1,1,,2,503,"I-5 SOUTHBOUND","MAIN STREET",396.00,S,N,A,-,Y,ORA,,5," "," ",30.450,H,,L,N,3,0,1,2,A,-,07,21658,A,N,F,C,A,A,H,-,A,D,0,,,Y,,Y,,A,07,0,1,0,0,0,0,0,0,1,"- ","- ",33.741508483886719,-117.83685302734375,ORANGE,TUSTIN,-117.83680725097656,33.741588592529297
92202911,2023,2023-10-18,9675,2023-10-10,1355,020851,,2,1,4,3002,0,1,3,,2,570,"STATE ROUTE 57 NB TO IMPERIAL HIGHWAY","IMPERIAL HIGHWAY",330.00,S,N,A,-,Y,,,,,,,,,,N,4,0,1,2,A,-,07,21658,A,M,B,C,A,A,H,-,A,D,0,,,Y,,Y,,-,99,0,0,1,0,0,0,0,0,1,"- ","- ",33.909721374511719,-117.88204956054688,ORANGE,BREA,-117.88204956054688,33.909721374511719
92203983,2023,2023-10-19,9675,2023-10-12,1750,023318,,4,2,7,3001,0,1,3,,2,095,"SR-91 EASTBOUND","WEIR CANYON",3960.00,W,N,A,-,Y,ORA,,91," ",R,13.549,H,,R,N,3,0,1,2,A,-,07,21658,A,N,C,C,A,A,H,-,A,D,0,,,Y,,Y,,A,01,0,1,0,0,0,0,0,0,1,"- ","- ",33.868450164794922,-117.75968170166016,ORANGE,ANAHEIM,-117.75966644287109,33.868415832519531
92204231,2023,2023-10-20,9675,2023-10-13,1705,018102,,5,2,6,3026,0,1,1,,2,503,"I-5 NORTHBOUND","CULVER DRIVE",200.00,S,N,A,-,Y,ORA,,5," ",R,26.470,H,,R,N,4,0,1,2,A,-,03,22350,,N,C,C,A,A,H,-,A,D,0,,,Y,,Y,,C,02,0,0,1,0,0,0,0,0,1,"- ","- ",33.708671569824219,-117.78089904785156,ORANGE,IRVINE,-117.78081512451172,33.708724975585938
92205618,2023,2023-10-23,9670,2023-10-18,1740,021272,,3,2,9,3000,0,3,5,,2,005,"BOLSA AVE","VAN BUREN",40.00,E,N,A,-,N,,,,,,,,,,N,2,0,1,1,A,-,03,22350,,N,F,A,A,A,H,-,A,D,0,,,Y,,Y,,C,02,1,0,0,0,0,0,0,0,1,"- ","- ",33.744621276855469,-117.98616027832031,ORANGE,UNINCORPORATED,-117.98623657226562,33.744693756103516
92205857,2023,2023-10-23,9690,2023-10-11,1515,020442,,3,2,4,3018,0,1,1,,2,057,"I-5 N/B (SAN DIEGO FRWY)","JUNIPERO SERRA RD.",250.00,S,N,A,-,Y,ORA,,5," "," ",10.908,H,,R,Y,2,0,1,2,A,-,03,22350,,N,C,C,A,A,H,-,A,D,0,,,Y,,Y,,C,02,1,0,0,0,0,0,0,0,1,"- ","- ",33.520370483398438,-117.66558074951172,ORANGE,"SAN JUAN CAPISTRANO",-117.66548919677734,33.520397186279297
92205992,2023,2023-10-23,9670,2023-10-16,"545 ",016454,,1,3,4,3020,0,1,1,,2,045,"I-405 S/B","BOLSA CHICA RD",800.00,N,N,A,-,Y,ORA,,405," "," ",21.052,H,,L,N,4,0,1,2,A,-,08,22107,,N,B,C,A,A,D,-,C,D,0,,,Y,,Y,,C,02,0,0,1,0,0,0,0,0,1,"- ","- ",33.774280548095703,-118.04753875732422,ORANGE,"SEAL BEACH",-118.04756164550781,33.7744140625
92205996,2023,2023-10-23,9675,2023-10-16,"708 ",018087,,1,1,6,3008,0,1,3,,2,570,"SR-57 SOUTHBOUND","ROLLING HILLS DR.",50.00,S,N,A,-,Y,ORA,,57," "," ",19.330,H,,L,N,4,0,1,2,A,-,07,21658,A,F,B,C,A,A,H,-,A,D,0,,,Y,,Y,,A,01,0,0,1,0,0,0,0,0,1,"- ","- ",33.90325927734375,-117.88107299804688,ORANGE,FULLERTON,-117.88113403320312,33.903263092041016
92206960,2023,2023-10-24,9675,2023-10-16,1440,021305,,1,2,6,3026,0,1,1,,2,530,"I-5 NORTHBOUND","JAMBOREE ROAD",101.00,S,N,A,-,Y,ORA,,5," "," ",27.543,H,,R,N,4,0,1,2,A,-,07,21658,A,N,B,C,A,A,H,-,A,D,0,,,Y,,Y,,A,01,0,0,1,0,0,0,0,0,1,"- ","- ",33.719169616699219,-117.79438781738281,ORANGE,IRVINE,-117.79432678222656,33.719230651855469
92208333,2023,2023-10-25,9675,2023-10-17,1739,018985,,2,2,7,3019,0,1,3,,2,552,"SR-55 S/B TO DYER E/B","DYER RD.",650.00,S,N,A,-,Y,,,,,,,,,,Y,3,0,1,1,A,-,01,23152,A,N,E,I,A,A,D,-,B,D,0,,,Y,,Y,Y,C,02,0,1,0,0,0,0,0,0,1,"- ","- ",33.707180023193359,-117.85381317138672,ORANGE,"SANTA ANA",-117.85381317138672,33.707180023193359
92209306,2023,2023-10-26,9670,2023-10-24,1841,021272,,2,2,6,3008,0,1,3,,2,094,"SR-91 E/B","LEMON AVE",200.00,W,N,A,-,Y,ORA,,91," "," ",3.356,H,,R,Y,3,0,1,1,A,-,03,22350,,N,F,I,A,A,H,-,C,D,0,,,Y,,Y,,-,"- ",0,1,0,0,0,0,0,0,1,"- ","- ",33.853988647460938,-117.92256164550781,ORANGE,FULLERTON,-117.92255401611328,33.853927612304688
92221761,2023,2023-10-27,9675,2023-10-17,1050,018039,,2,1,7,3001,0,1,3,,2,093,"SR-91 WESTBOUND","RIVERDALE AVE",1800.00,E,N,A,-,Y,ORA,,91," ",R,9.193,H,,L,N,4,0,1,1,A,-,03,22350,,N,E,I,A,A,H,-,A,D,0,,,Y,,Y,,C,02,0,0,1,0,0,0,0,0,1,"- ","- ",33.844520568847656,-117.82711791992188,ORANGE,ANAHEIM,-117.82711791992188,33.844558715820312
9222215,2021,2021-03-22,3000,2021-01-18,1531,9431,797J2,1,5,4,3021,0,0,0,,0,021,"BEACH BL","KATELLA AV",0.00,,Y,A,-,Y,ORA,12,39,-,-,10.660,I,5,S,Y,3,0,1,2,A,-,03,22350,,N,D,C,A,A,H,-,A,A,0,,,Y,,Y,Y,C,02,0,1,0,0,0,0,0,0,1,"- ","- ",,,ORANGE,STANTON,-117.99327087402344,33.802661895751953
92222550,2023,2023-10-30,9675,2023-10-20,"804 ",022222,,5,1,7,3019,0,1,3,,2,551,"SR-55 SOUTHBOUND","17TH ST",350.00,N,N,A,-,Y,ORA,,55," "," ",11.863,H,,L,N,2,0,1,2,A,-,00,22017,,N,B,C,A,A,H,-,A,D,0,,,Y,,Y,,A,01,1,0,0,0,0,0,0,0,1,"- ","- ",33.760929107666016,-117.83107757568359,ORANGE,"SANTA ANA",-117.83119201660156,33.760929107666016
92222558,2023,2023-10-30,9675,2023-10-20,1425,021960,,5,2,6,3004,0,1,3,,2,073,"SR-73 NORTHBOUND","BEAR ST.",260.00,N,N,A,-,Y,ORA,,73," ",R,27.357,H,,R,Y,3,0,1,1,A,-,08,22107,,M,F,A,A,A,H,-,A,D,0,,,Y,,Y,,C,02,0,1,0,0,0,0,0,0,1,"- ","- ",33.682521820068359,-117.89411926269531,ORANGE,"COSTA MESA",-117.89409637451172,33.682537078857422
92224197,2023,2023-10-31,9675,2023-10-21,1709,021377,,6,2,6,3015,0,1,3,,2,550,"SR-55 NORTHBOUND","WALNUT AVE",150.00,S,N,A,-,Y,ORA,,55," "," ",14.129,H,,R,N,3,0,1,2,A,-,08,22107,,N,F,A,A,A,H,-,A,D,0,,,Y,,Y,,-,"- ",0,1,0,0,0,0,0,0,1,"- ","- ",33.793849945068359,-117.83071899414062,ORANGE,ORANGE,-117.83079528808594,33.793849945068359
92227536,2023,2023-11-03,9675,2023-10-17,2000,018887,,2,2,6,3004,0,1,3,,2,073,"SR-73 N/B TO SR-55 N/B","SR-55 N/B TO BAKER STREET OFF-RAMP UNDERCROSSING",566.00,S,N,A,-,Y,,,,,,,,,,N,4,0,1,1,A,-,03,22350,,M,F,I,A,A,H,-,C,D,0,,,Y,,Y,,C,02,0,0,1,0,0,0,0,0,1,"- ","- ",33.672630310058594,-117.88469696044922,ORANGE,"COSTA MESA",-117.88469696044922,33.672630310058594
92227560,2023,2023-11-03,9670,2023-03-03,2353,021910,,5,3,6,3009,0,1,3,,2,025,"STATE ROUTE-22 WESTBOUND (GARDEN GROVE FREEWAY)","HARBOR BOULEVARD",1650.00,W,N,A,-,Y,ORA,,22," ",R,7.553,H,,L,Y,1,1,0,3,A,-,01,23152,G,M,E,8,A,A,H,-,D,D,0,,,Y,,Y,,C,02,0,0,0,0,0,0,0,1,0,"- ","- ",33.766269683837891,-117.92529296875,ORANGE,"GARDEN GROVE",-117.92530822753906,33.766338348388672
92227629,2023,2023-11-03,9675,2023-10-24,"555 ",017993,,2,3,7,3001,0,1,3,,2,195,"SR-91 WESTBOUND","YORBA LINDA BLVD",2600.00,E,N,A,-,Y,ORA,,91," ",R,14.960,H,,L,N,4,0,1,2,A,-,08,22107,,N,B,C,A,A,H,-,D,D,0,,,Y,,Y,,-,"- ",0,0,1,0,0,0,0,0,1,"- ","- ",33.8709716796875,-117.73603057861328,ORANGE,ANAHEIM,-117.73599243164062,33.871120452880859
92227879,2023,2023-11-03,9675,2023-10-27,2310,023310,,5,3,6,3026,0,1,1,,2,406,"I-405 NORTHBOUND","JAMBOREE ROAD",2000.00,S,N,A,-,Y,ORA,,405," "," ",6.521,H,,R,Y,4,0,1,1,A,-,08,22107,,N,F,I,A,A,H,-,C,D,0,,,Y,,Y,,C,02,0,0,1,0,0,0,0,0,1,"- ","- ",33.674430847167969,-117.83734893798828,ORANGE,IRVINE,-117.83730316162109,33.674526214599609
9222818,2021,2021-03-18,3004,2021-01-03,2111,P683,25,7,5,6,3004,0,0,0,,0,005,"BRISTOL ST","NEWPORT BL",84.00,N,N,A,-,N,,,,,,,,,,N,2,0,1,1,A,-,08,22107,,N,E,I,A,A,H,-,C,D,0,,,Y,,Y,,C,02,1,0,0,0,0,0,0,0,1,"- ","- ",33.670921325683594,-117.88683319091797,ORANGE,"COSTA MESA",-117.88889312744141,33.672954559326172
92228590,2023,2023-11-06,9675,2023-10-16,2335,022398,,1,3,6,3015,0,1,3,,2,550,"SR-55 NORTHBOUND","LINCOLN AVE",2640.00,N,N,A,-,Y,ORA,,55," ",R,17.618,H,,R,Y,2,0,1,2,A,-,03,22350,,F,C,C,A,A,D,-,C,A,0,,,Y,,Y,,C,02,1,0,0,0,0,0,0,0,1,"- ","- ",33.842411041259766,-117.83029174804688,ORANGE,ORANGE,-117.83024597167969,33.842376708984375
92228593,2023,2023-11-06,9675,2023-10-18,1821,018887,,3,2,6,3026,0,1,1,,2,046,"I-405 NORTHBOUND","HARVARD AVENUE",1320.00,N,N,A,-,Y,ORA,,405," "," ",6.346,H,,R,Y,3,0,1,2,A,-,08,22107,,N,B,C,A,A,H,-,B,D,0,,,Y,,Y,,A,01,0,1,0,0,0,0,0,0,1,"- ","- ",33.673511505126953,-117.83453369140625,ORANGE,IRVINE,-117.83450317382812,33.673561096191406
92229235,2023,2023-11-06,9675,2023-10-28,1200,023116,,6,1,7,3019,0,1,1,,2,502,"I-5 NORTHBOUND TO FOURTH STREET","FOURTH STREET",85.00,S,N,A,-,Y,,,,,,,,,,N,2,0,1,1,A,-,03,22350,,N,F,A,A,A,H,-,A,D,0,,,Y,,Y,,C,02,1,0,0,0,0,0,0,0,1,"- ","- ",33.747749328613281,-117.84255218505859,ORANGE,"SANTA ANA",-117.84255218505859,33.747749328613281
92229498,2023,2023-11-07,9675,2023-10-28,2250,023160,,6,3,5,3022,0,1,3,,2,551,"SR-55 NORTHBOUND","LINCOLN AVE",450.00,S,N,A,-,Y,,,,,,,,,,Y,4,0,1,1,A,-,03,22350,,N,F,A,A,A,H,-,C,D,0,,,Y,,Y,,-,"- ",0,0,1,0,0,0,0,0,1,"- ","- ",33.833648681640625,-117.83496856689453,ORANGE,TUSTIN,-117.83534240722656,33.833721160888672
92230854,2023,2024-05-14,9670,2023-11-05,1210,019694,,7,1,9,3000,0,3,5,,2,005,"BOLSA AVENUE","PACIFIC STREET",0.00,,Y,A,-,N,,,,,,,,,,Y,4,0,2,2,A,-,09,21801,A,N,D,C,A,A,H,-,A,A,0,,,Y,,Y,,A,01,0,0,2,0,0,0,0,0,1,"- ","- ",33.74468994140625,-117.99150848388672,ORANGE,UNINCORPORATED,-117.99149322509766,33.74468994140625
92230890,2023,2023-11-08,9675,2023-10-30,1510,021305,,1,2,6,3015,0,1,3,,2,051,"SR-55 SOUTHBOUND","CHAPMAN AVE",488.00,S,N,A,-,Y,ORA,,55," "," ",13.607,H,,L,N,4,0,1,2,A,-,07,21658,A,F,B,2,A,A,H,-,A,D,0,,,Y,,Y,,-,99,0,0,1,0,0,0,0,0,1,"- ","- ",33.786361694335938,-117.83109283447266,ORANGE,ORANGE,-117.83120727539062,33.786361694335938
92231161,2023,2023-11-08,9675,2023-09-19,1634,023105,,2,2,7,3001,0,1,3,,2,195,"SR-91 EASTBOUND","WEIR CANYON ROAD",2640.00,E,N,A,-,Y,ORA,,91," ",R,14.942,H,,R,N,3,0,1,2,A,-,07,21658,A,F,B,C,A,A,H,-,A,D,0,,,Y,,Y,,A,01,0,1,0,0,0,0,0,0,1,"- ","- ",33.870689392089844,-117.73593902587891,ORANGE,ANAHEIM,-117.73596954345703,33.870563507080078
92231366,2023,2024-08-14,9675,2023-10-26,1526,018887,,4,2,6,3015,0,1,3,,2,072,"SR-57 SOUTHBOUND","CHAPMAN AVENUE",920.00,N,N,A,-,Y,ORA,,57," "," ",11.427,H,,L,N,2,0,1,2,A,-,03,22350,,F,B,C,A,A,H,-,A,D,0,,,Y,,Y,,C,02,1,0,0,0,0,0,0,0,1,"- ","- ",33.790500640869141,-117.88002014160156,ORANGE,ORANGE,-117.88008880615234,33.790504455566406
92231442,2023,2023-11-08,9675,2023-11-01,"916 ",023116,,3,1,7,3001,0,1,3,,2,572,"SR-57 SOUTHBOUND","BALL ROAD",2300.00,S,N,A,-,Y,ORA,,57," "," ",13.193,H,,L,N,4,0,1,3,A,-,07,21658,A,N,B,C,A,A,H,-,A,D,0,,,Y,,Y,,A,01,0,0,1,0,0,0,0,0,1,"- ","- ",33.814918518066406,-117.87716674804688,ORANGE,ANAHEIM,-117.87722778320312,33.814937591552734
92231840,2023,2023-11-09,9675,2023-11-02,"631 ",023116,,4,1,7,3019,0,1,1,,2,502,"I-5 SOUTHBOUND","FOURTH STREET",350.00,N,N,A,-,Y,ORA,,5," "," ",31.131,H,,L,N,4,0,1,2,A,-,08,22107,,N,C,C,A,A,H,-,B,D,0,,,Y,,Y,,A,01,0,0,1,0,0,0,0,0,1,"- ","- ",33.748710632324219,-117.84368896484375,ORANGE,"SANTA ANA",-117.84378051757812,33.748672485351562
92231903,2023,2023-11-09,9670,2023-10-26,1500,019290,,4,2,4,3020,0,1,1,,2,440,"I-405 N/B","SR-22 WB / 7TH STREET O/C",950.00,S,N,A,-,Y,ORA,,405," "," ",23.077,H,,R,N,2,0,1,2,A,-,07,21658,A,N,B,C,A,A,H,-,A,A,0,,,Y,,Y,,D,22,1,0,0,0,0,0,0,0,1,"- ","- ",33.774520874023438,-118.08229827880859,ORANGE,"SEAL BEACH",-118.08229827880859,33.7745361328125
92231904,2023,2023-11-09,9670,2023-10-30,1749,020505,,1,2,6,3009,0,1,3,,2,024,"SR-22 E/B","GARDEN GROVE BLVD",1584.00,W,N,A,-,Y,ORA,,22," ",R,8.502,H,,R,Y,3,0,1,2,A,-,07,21658,A,N,B,C,A,A,H,-,B,D,0,,,Y,,Y,,D,22,0,1,0,0,0,0,0,0,1,"- ","- ",33.772079467773438,-117.90923309326172,ORANGE,"GARDEN GROVE",-117.90923309326172,33.772083282470703
92232223,2023,2023-11-09,9670,2023-11-02,"807 ",018278,,4,1,6,3009,0,1,3,,2,122,"SR-22 E/B","BROOKHURST ST",1214.00,E,N,A,-,Y,ORA,,22," ",R,6.060,H,,R,N,4,0,1,3,A,-,07,21658,A,N,B,C,A,A,H,-,B,D,0,,,Y,,Y,,A,01,0,0,1,0,0,0,0,0,1,"- ","- ",33.765869140625,-117.95088958740234,ORANGE,"GARDEN GROVE",-117.95088958740234,33.765842437744141
92232425,2023,2023-11-09,9675,2023-11-07,1536,018985,,2,2,9,3000,0,1,1,,2,405,"I-405 NORTHBOUND","MACARTHUR BLVD.",650.00,N,N,A,-,Y,ORA,,405," "," ",7.942,H,,R,Y,3,0,1,2,A,-,07,21658,A,N,C,C,A,A,H,-,A,D,0,,,Y,,Y,,A,01,0,1,0,0,0,0,0,0,1,"- ","- ",33.683910369873047,-117.85907745361328,ORANGE,UNINCORPORATED,-117.85914611816406,33.683795928955078
92233914,2023,2023-11-13,9670,2023-08-13,"216 ",021821,,7,3,6,3008,0,1,3,,2,094,"SR-91 E/B","BROOKHURST ST",1650.00,W,N,A,-,Y,ORA,,91," "," ",0.982,H,,R,Y,4,0,1,2,C,-,18,,,N,C,C,A,A,H,-,D,D,0,,,Y,,Y,,-,"- ",0,0,1,0,0,0,0,0,0,"- ","- ",33.853721618652344,-117.96379089355469,ORANGE,FULLERTON,-117.96379089355469,33.853767395019531
92233917,2023,2023-11-13,9670,2023-08-13,"215 ",021821,,7,3,6,3008,0,1,3,,2,094,"SR-91 E/B","BROOKHURST ST",1600.00,W,N,A,-,Y,ORA,,91," "," ",0.982,H,,R,Y,4,0,1,2,C,-,18,,,N,C,C,A,A,H,-,D,D,0,,,Y,,Y,,-,"- ",0,0,1,0,0,0,0,0,0,"- ","- ",33.853721618652344,-117.96379089355469,ORANGE,FULLERTON,-117.96379089355469,33.853767395019531
92234140,2023,2023-11-13,9675,2023-10-31,"915 ",021225,,2,1,6,3026,0,1,1,,2,503,"I-5 SOUTHBOUND","YALE AVE",350.00,S,N,A,-,Y,ORA,,5," ",R,25.734,H,,L,N,4,0,1,2,A,-,03,22350,,N,C,C,A,A,H,-,A,D,0,,,Y,,Y,,C,02,0,0,1,0,0,0,0,0,1,"- ","- ",33.699310302734375,-117.774658203125,ORANGE,IRVINE,-117.77472686767578,33.69927978515625
92235626,2023,2023-11-14,9675,2023-11-07,1653,022283,,2,2,7,3001,0,1,3,,2,093,"SR-91 EASTBOUND","GLASSEL STREET",2755.00,E,N,A,-,Y,ORA,,91," "," ",7.888,H,,R,N,4,0,1,2,A,-,07,21658,A,N,B,C,A,A,H,-,B,D,0,,,Y,,Y,,A,01,0,0,1,0,0,0,0,0,1,"- ","- ",33.850101470947266,-117.84661102294922,ORANGE,ANAHEIM,-117.84659576416016,33.850063323974609
92235728,2023,2023-11-14,9675,2023-11-08,1740,022283,,3,2,5,3022,0,1,1,,2,530,"I-5 NORTHBOUND","TUSTIN RANCH ROAD",1960.00,S,N,A,-,Y,ORA,,5," "," ",27.866,H,,R,Y,3,0,1,2,A,-,07,21658,A,N,B,C,A,A,H,-,C,D,0,,,Y,,Y,,A,01,0,1,0,0,0,0,0,0,1,"- ","- ",33.722198486328125,-117.79873657226562,ORANGE,TUSTIN,-117.79867553710938,33.722263336181641
92238018,2023,2024-03-26,9675,2023-11-06,2222,023105,,1,3,5,3022,0,1,1,,2,503,"I-5 SOUTHBOUND","TUSTIN RANCH ROAD",2640.00,N,N,B,-,Y,ORA,,5," ",R,28.792,H,,L,N,4,0,1,2,A,-,07,21658,A,N,B,C,A,A,H,-,C,D,0,,,Y,,Y,,A,01,0,0,1,0,0,0,0,0,1,"- ","- ",33.730560302734375,-117.81124877929688,ORANGE,TUSTIN,-117.81130981445312,33.730499267578125
92238168,2023,2024-01-08,9690,2023-10-31,1800,020086,,2,2,9,3000,0,3,5,,2,004,"SNAPDRAGON STREET","SKLAR ST",25.00,N,N,A,-,N,,,,,,,,,,Y,2,0,1,2,A,-,08,22103,,N,D,C,A,A,H,-,C,D,0,,,Y,,Y,,D,22,1,0,0,0,0,0,0,0,1,"- ","- ",33.555049896240234,-117.63440704345703,ORANGE,UNINCORPORATED,-117.63433837890625,33.555099487304688
92238175,2023,2023-11-16,9690,2023-10-26,2120,016493,,4,2,5,3028,0,1,1,,2,055,"I-5 N/B (SAN DIEGO FRWY)","ALICIA PARKWAY",2000.00,S,N,B,-,Y,ORA,,5," "," ",17.057,H,,R,Y,3,0,1,2,A,-,03,22350,,N,C,C,A,A,D,-,D,A,0,,,Y,,Y,,C,02,0,1,0,0,0,0,0,0,1,"- ","- ",33.601509094238281,-117.68434143066406,ORANGE,"MISSION VIEJO",-117.68436431884766,33.601470947265625
92238453,2023,2023-11-17,9675,2023-11-09,1650,023337,,4,2,7,3019,0,1,1,,2,520,"I-5 NORTHBOUND","MAIN STREET",792.00,S,N,A,-,Y,ORA,,5," "," ",32.835,H,,R,N,3,0,1,2,A,-,07,21658,A,N,B,C,A,A,H,-,A,D,0,,,Y,,Y,,A,01,0,1,0,0,0,0,0,0,1,"- ","- ",33.764198303222656,-117.86530303955078,ORANGE,"SANTA ANA",-117.86518096923828,33.764247894287109
92240726,2023,2023-11-20,9690,2023-11-08,"705 ",019319,,3,1,5,3028,0,1,1,,2,055,"I-5 N/B FROM ALICIA PARKWAY W/B","I-5 (SAN DIEGO FREEWAY)",380.00,E,N,A,-,Y,,,,,,,,,,Y,4,0,1,2,A,-,03,22350,,N,C,C,A,A,H,-,A,D,0,,,Y,,Y,,C,02,0,0,1,0,0,0,0,0,1,"- ","- ",33.606010437011719,-117.69026947021484,ORANGE,"MISSION VIEJO",-117.69026947021484,33.606010437011719
92240842,2023,2023-11-20,9675,2023-11-13,"245 ",022074,,1,3,6,3008,0,1,3,,2,071,"SR-57 NORTHBOUND","YORBA LINDA BLVD",1800.00,S,N,B,-,Y,ORA,,57," "," ",18.048,H,,R,Y,2,0,1,1,A,-,01,23152,A,N,F,A,A,A,H,-,C,D,0,,,Y,,Y,Y,C,02,1,0,0,0,0,0,0,0,1,"- ","- ",33.884769439697266,-117.88047027587891,ORANGE,FULLERTON,-117.88033294677734,33.884773254394531
92240908,2023,2023-11-20,9675,2023-11-13,1934,021274,,1,2,4,3002,0,1,3,,2,570,"STATE ROUTE 57 N/B","TONNER CANYON ROAD",1000.00,N,N,A,-,Y,ORA,,57," "," ",22.049,H,,R,N,3,0,1,3,A,-,06,21755,A,M,B,C,A,A,H,-,C,D,0,,,Y,,Y,,C,02,0,1,0,0,0,0,0,0,1,"- ","- ",33.941089630126953,-117.87496948242188,ORANGE,BREA,-117.87494659423828,33.941070556640625
92240925,2023,2024-06-20,9675,2023-11-13,1810,020851,,1,2,6,3004,0,1,3,,2,073,"SR-73 NORTHBOUND","RED HILL AVE.",280.00,S,N,A,-,Y,ORA,,73," ",R,26.037,H,,R,N,3,0,1,3,A,-,07,21658,A,N,B,C,A,A,H,-,C,D,0,,,Y,,Y,,A,01,0,1,0,0,0,0,0,0,1,"- ","- ",33.667018890380859,-117.88047790527344,ORANGE,"COSTA MESA",-117.88047790527344,33.667022705078125
92242027,2023,2023-11-21,9675,2023-11-13,1902,021377,,1,2,7,3001,0,1,3,,2,072,"SR-57 SOUTHBOUND","LINCOLN AVE",20.00,S,N,B,-,Y,ORA,,57," "," ",14.759,H,,L,N,3,0,1,2,A,-,07,21658,,F,F,A,A,A,H,-,C,D,0,,,Y,,Y,,-,99,0,1,0,0,0,0,0,0,1,"- ","- ",33.837600708007812,-117.87610626220703,ORANGE,ANAHEIM,-117.87623596191406,33.837600708007812
92242723,2023,2023-11-22,9675,2023-11-16,"814 ",023116,,4,1,7,3019,0,1,1,,2,520,"I-5 SOUTHBOUND","GRAND AVENUE",1400.00,S,N,A,-,Y,ORA,,5," "," ",31.495,H,,L,N,3,0,1,2,A,-,08,22107,,N,F,A,A,A,H,-,A,D,0,,,Y,,Y,,A,07,0,1,0,0,0,0,0,0,1,"- ","- ",33.752628326416016,-117.84770202636719,ORANGE,"SANTA ANA",-117.84776306152344,33.752559661865234
92245566,2023,2023-11-27,9675,2023-11-12,"918 ",019320,,7,1,6,3026,0,1,1,,2,504,"I-5 SOUTHBOUND","LAKE FOREST DR",2250.00,N,N,A,-,Y,ORA,,5," "," ",20.351,H,,L,N,2,0,2,3,A,-,01,23152,A,N,B,C,A,A,H,-,A,D,0,,,Y,,Y,Y,A,01,1,0,1,0,0,0,0,0,1,"- ","- ",33.633251190185547,-117.72592163085938,ORANGE,IRVINE,-117.72606658935547,33.633144378662109
92246729,2023,2023-11-28,9675,2023-11-19,1020,022951,,7,1,7,3001,0,1,3,,2,095,"SR-91 EASTBOUND","GYPSUM CANYON RD.",4000.00,E,N,A,-,Y,ORA,,91," ",R,17.177,H,,R,N,4,0,1,2,A,-,03,22350,,N,C,C,A,A,H,-,A,D,0,,,Y,,Y,,C,02,0,0,1,0,0,0,0,0,1,"- ","- ",33.87213134765625,-117.6998291015625,ORANGE,ANAHEIM,-117.69978332519531,33.872062683105469
92248129,2023,2023-11-29,9670,2023-11-19,1045,018278,,7,1,9,3000,0,3,5,,2,005,"BEACH BLVD. (15300 BLOCK)","ROCKWELL AVE",192.00,N,N,A,-,N,,,,,,,,,,Y,4,0,1,2,A,-,08,22107,,N,F,A,A,A,H,-,A,D,0,,,Y,,Y,,C,02,0,0,1,0,0,0,0,0,1,"- ","- ",33.739540100097656,-117.98944091796875,ORANGE,UNINCORPORATED,-117.98972320556641,33.739486694335938
92251996,2023,2023-12-04,9690,2023-11-23,1950,020236,,4,2,5,3017,0,1,1,,2,059,"I-5 N/B (SAN DIEGO FRWY)","CAMINO DE ESTRELLA",1650.00,S,N,A,-,Y,ORA,,5," "," ",5.477,H,,R,Y,2,0,1,3,A,-,07,21658,A,N,B,C,A,A,H,-,C,D,0,,,Y,,Y,,A,01,1,0,0,0,0,0,0,0,1,"- ","- ",33.456279754638672,-117.65135955810547,ORANGE,"SAN CLEMENTE",-117.65135192871094,33.456298828125
92252219,2023,2023-12-04,9675,2023-11-25,"110 ",022993,,6,3,6,3004,0,1,3,,2,553,"SR-55 NORTHBOUND","VICTORIA STREET",1000.00,S,N,A,-,Y,ORA,,55," ",R,2.567,H,,R,N,3,0,2,2,A,-,08,22107,,N,E,I,A,A,H,-,D,D,0,,,Y,,Y,,-,"- ",0,2,0,0,0,0,0,0,2,"- ","- ",33.649501800537109,-117.91065216064453,ORANGE,"COSTA MESA",-117.91077423095703,33.649585723876953
92252777,2023,2023-12-05,9690,2023-12-03,1415,020086,,7,2,9,3000,0,1,3,,1,074,"SR 74 (ORTEGA HWY)","74 ORA 8.00",1320.00,W,N,A,-,Y,ORA,,74," "," ",8.262,H,,R,Y,2,0,3,2,A,-,01,23153,A,F,B,C,A,A,H,-,A,D,0,,,Y,,Y,Y,D,22,2,0,1,0,0,0,0,0,2,"- ","- ",33.543380737304688,-117.54929351806641,ORANGE,UNINCORPORATED,-117.54930114746094,33.543376922607422
92253196,2023,2023-12-05,9675,2023-11-29,"854 ",016748,,3,1,5,3022,0,1,1,,2,530,"I-5 SOUTHBOUND","RED HILL AVENUE",900.00,N,N,A,-,Y,ORA,,5," ",R,29.365,H,,L,Y,4,0,1,2,A,-,03,22350,,N,C,C,A,A,H,-,A,D,0,,,Y,,Y,,C,02,0,0,1,0,0,0,0,0,1,"- ","- ",33.735691070556641,-117.81909942626953,ORANGE,TUSTIN,-117.81916046142578,33.735588073730469
92253467,2023,2023-12-06,9675,2023-11-30,1730,020851,,4,2,6,3026,0,1,3,,2,074,"STATE ROUTE 73 NORTHBOUND","THE SOUTH ROAD EDGE OF MACARTHUR BOULEVARD",30.00,N,N,B,-,Y,ORA,,73," "," ",23.781,H,,R,N,2,0,1,2,A,-,03,22350,,N,C,C,A,A,H,-,C,D,0,,,Y,,Y,,C,02,1,0,0,0,0,0,0,0,1,"- ","- ",33.642219543457031,-117.85942840576172,ORANGE,IRVINE,-117.85942077636719,33.642223358154297
92254130,2023,2023-12-06,9670,2023-11-28,1710,022493,,2,2,5,3003,0,1,3,,2,091,"SR-91 W/B (RIVERSIDE FREEWAY)","VALLEY VIEW ST",2600.00,E,N,A,-,Y,ORA,,91," ",R,1.433,H,,L,Y,3,0,1,2,A,-,07,21658,A,N,C,2,A,A,H,-,C,D,0,,,Y,,Y,,A,07,0,1,0,0,0,0,0,0,1,"- ","- ",33.856010437011719,-118.01853179931641,ORANGE,"BUENA PARK",-118.01853179931641,33.856029510498047
92254225,2023,2023-12-06,9670,2023-11-30,1737,021459,,4,2,5,3003,0,1,3,,2,093,"SR-91 E/B","I-5 S/B",500.00,W,N,A,-,Y,ORA,,91," ",R,3.515,H,,R,Y,3,0,1,3,A,-,03,22350,,N,C,C,A,A,H,-,C,D,0,,,Y,,Y,,C,02,0,1,0,0,0,0,0,0,1,"- ","- ",33.856449127197266,-117.98236846923828,ORANGE,"BUENA PARK",-117.98236846923828,33.856449127197266
92256365,2023,2023-12-07,9675,2023-12-02,1348,021377,,6,1,7,3001,0,1,3,,2,093,"SR-91 E/B TO LAKEVIEW AVENUE","LAKEVIEW AVE",500.00,W,N,A,-,Y,,,,,,,,,,N,3,0,1,1,A,-,03,22350,,N,E,I,A,A,H,-,A,D,0,,,Y,,Y,,C,02,0,1,0,0,0,0,0,0,1,"- ","- ",33.849311828613281,-117.81511688232422,ORANGE,ANAHEIM,-117.81511688232422,33.849311828613281
92256692,2023,2023-12-08,9675,2023-12-03,1558,021716,,7,2,6,3026,0,1,3,,2,074,"SR-73 NORTHBOUND FROM MACARTHUR BLVD.","UNIVERSITY DR.",2851.00,S,N,A,-,Y,,,,,,,,,,N,3,0,1,1,A,-,08,22107,,N,E,I,A,A,H,-,A,D,0,,,Y,,Y,,C,02,0,1,0,0,0,0,0,0,1,"- ","- ",33.642208099365234,-117.85861206054688,ORANGE,IRVINE,-117.85861206054688,33.642208099365234
92257003,2023,2023-12-08,9670,2023-12-07,"650 ",019694,,4,1,7,3001,0,1,3,,2,093,"STATE ROUTE 91 W/B TO MAGNOLIA AVENUE","MAGNOLIA AVENUE",50.00,E,N,B,-,Y,ORA,,91," ",R,3.904,H,,L,Y,4,0,1,3,A,-,03,22350,,N,C,C,A,A,H,-,A,A,0,,,Y,,Y,,D,22,0,0,1,0,0,0,0,0,0,"- ","- ",33.857681274414062,-117.97599029541016,ORANGE,ANAHEIM,-117.97609710693359,33.857467651367188
92257168,2023,2023-12-08,9675,2023-12-02,"240 ",021984,,6,3,6,3004,0,1,3,,2,073,"SR-73 NORTHBOUND TO I-405 NORTHBOUND","BEAR STREET",2803.00,N,N,A,-,Y,ORA,,73," ",R,27.839,H,,R,N,2,0,1,1,A,-,08,22107,,N,E,J,A,A,D,-,C,D,0,,,Y,,Y,,C,02,1,0,0,0,0,0,0,0,1,"- ","- ",33.687900543212891,-117.89930725097656,ORANGE,"COSTA MESA",-117.89935302734375,33.687831878662109
9226354,2021,2021-04-07,3000,2021-02-15,1940,9704,922B2,1,5,5,3028,0,0,0,,0,754,"PERICIA DR","TERRENO DR",143.00,S,N,A,-,N,,,,,,,,,,N,3,0,1,1,A,-,03,22350,,N,F,A,A,A,H,-,C,D,0,,,Y,,Y,,C,02,0,1,0,0,0,0,0,0,1,"- ","- ",,,ORANGE,"MISSION VIEJO",-117.66622161865234,33.596530914306641
9226356,2021,2021-04-07,3000,2021-02-12,1035,9573,862D7,5,5,5,3050,0,0,0,,0,760,"EL TORO RD","NORMANDALE DR",0.00,,Y,A,-,N,,,,,,,,,,N,4,0,1,1,A,-,03,22350,,N,F,A,A,B,H,-,A,A,0,,,Y,,Y,,C,02,0,0,1,0,0,0,0,0,1,"- ","- ",,,ORANGE,"LAKE FOREST",-117.65895843505859,33.654445648193359
9226361,2021,2021-04-05,3000,2021-02-04,2250,5207,921E6,4,5,4,3049,0,0,0,,0,483,"ALISO CREEK RD","PARK PLAZA",364.00,S,N,A,-,N,,,,,,,,,,Y,4,0,1,2,A,-,08,22107,,N,-,C,A,A,H,-,C,D,0,,,Y,,Y,,A,01,0,0,1,0,0,0,0,0,1,"- ","- ",,,ORANGE,"ALISO VIEJO",-117.72353363037109,33.572803497314453
9226363,2021,2021-04-05,3000,2021-02-19,0710,2731,797J3,5,5,4,3021,0,0,0,,0,022,"KATELLA AV","BEACH BL",104.00,E,N,A,-,N,,,,,,,,,,Y,3,0,1,1,A,-,08,22107,,N,E,I,A,A,H,-,A,A,0,,,Y,,Y,,C,02,0,1,0,0,0,0,0,0,1,"- ","- ",,,ORANGE,STANTON,-117.99267578125,33.802921295166016
92265341,2023,2023-12-19,9675,2023-12-10,1700,022639,,7,2,7,3001,0,1,3,,2,094,"SR 91 WB","IMPERIAL HWY",1000.00,W,N,A,-,Y,ORA,,91," ",R,10.746,H,,L,N,3,0,1,2,A,-,03,22350,,N,C,C,A,A,H,-,C,D,0,,,Y,,Y,,C,02,0,1,0,0,0,0,0,0,1,"- ","- ",33.854629516601562,-117.80486297607422,ORANGE,ANAHEIM,-117.80486297607422,33.854633331298828
9226675,2021,2021-04-13,3000,2021-02-12,0705,9573,891H5,5,5,5,3050,0,0,0,,0,760,"MUIRLANDS BL","EL TORO RD",0.00,,Y,C,-,N,,,,,,,,,,N,4,0,1,2,A,-,12,21453,A,N,D,C,A,B,H,-,A,A,0,,,Y,,Y,,D,22,0,0,1,0,0,0,0,0,1,"- ","- ",,,ORANGE,"LAKE FOREST",-117.69715118408203,33.623134613037109
9226735,2021,2021-03-30,3008,2021-02-06,1126,1567,ZONE2,6,5,6,3008,0,0,0,,0,,"LEMON ST","ORANGEFAIR AV",0.00,,Y,A,-,N,,,,,,,,,,,4,0,1,2,A,-,09,21801,A,N,D,C,A,A,H,-,A,A,0,,,Y,,Y,,A,01,0,0,1,0,0,0,0,0,1,"- ","- ",,,ORANGE,FULLERTON,-117.91986083984375,33.856315612792969
92267674,2023,2023-12-20,9670,2023-12-14,"715 ",018278,,4,1,6,3009,0,1,3,,2,122,"SR-22 E/B","LEWIS ST",608.00,W,N,A,-,Y,ORA,,22," ",R,9.288,H,,R,N,4,0,1,2,A,-,07,21658,A,N,C,C,A,A,H,-,A,D,0,,,Y,,Y,,-,"- ",0,0,1,0,0,0,0,0,1,"- ","- ",33.777698516845703,-117.89833068847656,ORANGE,"GARDEN GROVE",-117.8983154296875,33.777683258056641
92267792,2023,2024-02-23,9675,2023-12-14,1750,021691,,4,2,7,3019,0,1,1,,2,530,"I-5 NORTHBOUND","SR-55 SOUTHBOUND",200.00,N,N,A,-,Y,ORA,,5," "," ",30.342,H,,R,Y,3,0,1,2,A,-,03,22350,,N,B,C,A,A,H,-,C,D,0,,,Y,,Y,,C,02,0,1,0,0,0,0,0,0,1,"- ","- ",33.741050720214844,-117.83476257324219,ORANGE,"SANTA ANA",-117.83473205566406,33.741111755371094
92268084,2023,2023-12-21,9690,2023-12-13,1715,020038,,3,2,9,3000,0,3,5,,2,004,"CROWN VALLEY PARKWAY","O'NEILL DRIVE",528.00,W,N,A,-,N,,,,,,,,,,N,3,0,2,3,A,-,03,22350,,N,B,C,A,A,H,-,B,A,0,,,Y,,Y,,C,02,0,1,1,0,0,0,0,0,1,"- ","- ",33.564178466796875,-117.64595031738281,ORANGE,UNINCORPORATED,-117.64523315429688,33.564762115478516
92273423,2023,2023-12-28,9675,2023-12-18,2348,023160,,1,3,9,3000,0,3,5,,2,002,"CRAWWORD CANYON RD","BARRETT LN",30.00,E,N,C,-,N,,,,,,,,,,Y,4,0,1,1,A,-,03,22350,,N,F,A,A,B,H,-,C,D,0,,,Y,,Y,,C,02,0,0,1,0,0,0,0,0,1,"- ","- ",33.780460357666016,-117.79416656494141,ORANGE,UNINCORPORATED,-117.79415893554688,33.780479431152344
92274379,2023,2023-12-29,9675,2023-12-17,1702,023523,,7,2,7,3019,0,1,1,,2,520,"I-5 SOUTHBOUND","4TH ST",351.00,N,N,A,-,Y,ORA,,5," "," ",31.166,H,,L,Y,4,0,1,3,A,-,06,21750,A,N,B,C,A,A,H,-,C,D,0,,,Y,,Y,,C,02,0,0,1,0,0,0,0,0,1,"- ","- ",33.749168395996094,-117.84391784667969,ORANGE,"SANTA ANA",-117.84404754638672,33.749114990234375
92275237,2023,2023-12-29,9675,2023-12-21,1710,018985,,4,2,6,3026,0,1,1,,2,406,"I-405 N/B","YALE AVE.",450.00,N,N,B,-,Y,ORA,,405," "," ",4.751,H,,R,N,4,0,1,2,A,-,07,21658,A,N,B,C,A,A,H,-,C,D,0,,,Y,,Y,,A,01,0,0,1,0,0,0,0,0,1,"- ","- ",33.665531158447266,-117.80856323242188,ORANGE,IRVINE,-117.80856323242188,33.665515899658203
92276389,2023,2024-01-02,9670,2023-12-24,1020,018278,,7,1,6,3009,0,1,3,,2,024,"SR-22 E/B","HASTER ST",1003.00,E,N,A,-,Y,ORA,,22," ",R,8.967,H,,R,N,4,0,1,1,A,-,03,22350,,N,F,A,A,A,H,-,A,D,0,,,Y,,Y,,C,02,0,0,1,0,0,0,0,0,1,"- ","- ",33.775230407714844,-117.90287780761719,ORANGE,"GARDEN GROVE",-117.90293884277344,33.775314331054688
92279814,2023,2024-01-05,9675,2023-12-27,"622 ",014424,,3,1,5,3025,0,1,3,,2,095,"SR-91 WESTBOUND","SR-241 SOUTHBOUND",4224.00,E,N,A,-,Y,ORA,,91," ",R,17.555,H,,L,N,3,0,1,2,A,-,08,22107,,N,B,C,A,A,H,-,A,D,0,,,Y,,Y,,C,02,0,1,0,0,0,0,0,0,1,"- ","- ",33.874069213867188,-117.69383239746094,ORANGE,"YORBA LINDA",-117.69383239746094,33.874149322509766
92282059,2023,2024-01-08,9690,2023-12-28,1324,016610,,4,1,4,3018,0,1,1,,2,057,"I-5 S/B (SAN DIEGO FRWY)",SR-74,1400.00,S,N,A,-,Y,ORA,,5," "," ",9.340,H,,L,Y,3,0,1,2,A,-,03,22350,,N,C,C,A,A,H,-,A,D,0,,,Y,,Y,,C,02,0,1,0,0,0,0,0,0,1,"- ","- ",33.498600006103516,-117.65876770019531,ORANGE,"SAN JUAN CAPISTRANO",-117.65869903564453,33.498592376708984
9228959,2021,2021-03-29,3004,2021-02-07,1234,P462,01,7,5,6,3004,0,0,0,,0,009,"PLACENTIA AV","16TH ST",324.00,N,N,A,-,N,,,,,,,,,,N,2,0,2,2,A,-,21,22106,,N,C,C,A,A,H,-,A,D,0,,,Y,Y,Y,,F,55,1,1,0,0,0,0,0,0,2,"- ","- ",33.633899688720703,-117.93196105957031,ORANGE,"COSTA MESA",-117.93187713623047,33.633369445800781
9229230,2021,2021-04-05,3009,2021-02-13,1833,4662,095,6,5,6,3009,0,0,0,,0,013,"BROOKHURST ST","TRASK AV",724.00,S,N,A,-,N,,,,,,,,,,Y,3,0,1,3,A,-,03,22350,,N,B,C,A,A,H,-,C,A,0,,,Y,,Y,,C,02,0,1,0,0,0,0,0,0,1,"- ","- ",,,ORANGE,"GARDEN GROVE",-117.95510101318359,33.764804840087891
9230096,2021,2021-03-23,3026,2021-02-02,1450,7094,,2,5,6,3026,0,0,0,,0,00U,"SIERRA LISA RD","SIERRA BRAVO RD",0.00,,Y,B,-,N,,,,,,,,,,N,2,0,1,1,A,-,03,22350,,N,F,A,A,A,H,-,A,D,0,,,Y,,Y,,C,02,1,0,0,0,0,0,0,0,1,"- ","- ",,,ORANGE,IRVINE,-117.81009674072266,33.631893157958984
92304586,2023,2024-02-05,9690,2023-04-10,2120,016516,,1,2,4,3018,0,1,1,,2,057,"I-5 N/B (SAN DIEGO FREEWAY)","JUNIPERO SERRA ROAD",118.00,S,N,B,-,Y,ORA,,5," "," ",10.895,H,,R,Y,2,0,1,2,A,-,03,22350,,N,C,C,A,A,H,-,C,D,0,,,Y,,Y,,A,01,1,0,0,0,0,0,0,0,1,"- ","- ",33.520210266113281,-117.66545867919922,ORANGE,"SAN JUAN CAPISTRANO",-117.66541290283203,33.520225524902344
92315273,2023,2024-02-15,9675,2023-12-23,1430,022048,,6,2,7,3001,0,1,3,,2,095,"SR-91 EASTBOUND","WEIR CANYON RD",2640.00,E,N,A,-,Y,ORA,,91," ",R,15.080,H,,R,N,4,0,1,2,A,-,07,21658,A,F,B,G,A,A,H,-,A,D,0,,,Y,,Y,,-,99,0,0,1,0,0,0,0,0,1,"- ","- ",33.870040893554688,-117.73365020751953,ORANGE,ANAHEIM,-117.73365783691406,33.870025634765625
92329477,2023,2024-03-04,9675,2023-06-30,2349,021984,,5,3,6,3004,0,1,3,,2,073,"SR-73 NORTHBOUND","BEAR STREET",94.20,N,N,A,-,Y,ORA,,73," ",R,27.325,H,,R,Y,2,0,1,2,A,-,01,23152,A,N,C,C,A,A,H,-,D,D,0,,,Y,,Y,Y,C,02,1,0,0,0,0,0,0,0,1,"- ","- ",33.682178497314453,-117.89375305175781,ORANGE,"COSTA MESA",-117.89376068115234,33.682174682617188
9233019,2021,2021-03-08,3004,2021-01-16,1200,P462,03,6,5,6,3004,0,0,0,,0,006,"EAST 17TH ST","ORANGE AV",98.00,E,N,A,-,N,,,,,,,,,,N,2,0,1,2,A,-,09,21804,A,N,D,C,A,A,H,-,A,D,0,,,Y,,Y,,A,01,1,0,0,0,0,0,0,0,1,"- ","- ",33.635181427001953,-117.91835784912109,ORANGE,"COSTA MESA",-117.91846466064453,33.635219573974609
9233114,2021,2021-03-12,3009,2021-01-07,1425,4762,071,4,5,6,3009,0,0,0,,0,1-2,"MAGNOLIA ST","POINSETTIA LN",64.00,N,N,A,-,N,,,,,,,,,,Y,2,0,1,2,A,-,05,21651,A,N,D,C,A,A,H,-,A,D,0,,,Y,,Y,,A,01,1,0,0,0,0,0,0,0,1,"- ","- ",,,ORANGE,"GARDEN GROVE",-117.97563934326172,33.802116394042969
9233196,2021,2021-04-06,3026,2021-02-06,1639,574,5,6,5,6,3026,0,0,0,,0,00C,LEMONGRASS,HERON,0.00,,Y,A,-,N,,,,,,,,,,Y,4,0,1,2,A,-,09,21800,A,N,D,C,A,A,H,-,B,D,0,,,Y,,Y,,A,01,0,0,1,0,0,0,0,0,1,"- ","- ",,,ORANGE,IRVINE,-117.79515838623047,33.685768127441406
9233215,2021,2021-03-23,3004,2021-02-04,1946,P633,34,4,5,6,3004,0,0,0,,0,015,"BEAR ST","SUNFLOWER AV",0.00,,Y,A,-,N,,,,,,,,,,Y,3,0,1,1,A,-,12,21453,A,N,F,A,A,A,H,-,C,A,0,,,Y,,Y,,C,03,0,1,0,0,0,0,0,0,1,"- ","- ",33.694198608398438,-117.89199829101562,ORANGE,"COSTA MESA",-117.89224243164062,33.694110870361328
9233219,2021,2021-03-23,3004,2021-02-05,1455,P510,02,5,5,6,3004,0,0,0,,0,015,"SUPERIOR AV","INDUSTRIAL WY",0.00,,Y,A,-,N,,,,,,,,,,Y,2,0,1,2,A,-,09,21801,A,N,A,C,A,A,A,H,A,A,0,,,Y,,Y,,A,01,1,0,0,0,0,0,0,0,1,"- ","- ",33.632518768310547,-117.92723083496094,ORANGE,"COSTA MESA",-117.92725372314453,33.632469177246094
92333685,2023,2024-03-08,9675,2023-12-19,1733,021274,,2,2,5,3016,0,1,3,,2,571,"STATE ROUTE 57 SOUTHBOUND","LA JOLLA ST",209.00,N,N,A,-,Y,ORA,,57," "," ",16.176,H,,L,Y,1,1,0,2,A,-,03,22350,,N,C,C,A,A,H,-,D,D,0,,,Y,Y,Y,,C,02,0,0,0,0,0,0,0,1,0,"- ","- ",33.858051300048828,-117.87650299072266,ORANGE,PLACENTIA,-117.87637329101562,33.858074188232422
92335390,2023,2024-03-11,9675,2023-06-04,1733,023160,,7,2,7,3019,0,1,1,,2,503,"INTERSTATE 5 NORTHBOUND TO FIRST STREET","4TH STREET",46.00,S,N,A,-,Y,ORA,,5," "," ",31.059,H,,R,Y,1,1,0,1,A,-,01,23152,A,N,E,8,A,A,H,-,A,D,0,,,Y,,Y,Y,C,02,0,0,0,0,0,0,0,1,0,"- ","- ",33.747829437255859,-117.8427734375,ORANGE,"SANTA ANA",-117.84296417236328,33.747783660888672
9236921,2021,2021-04-01,3009,2021-02-27,1845,4111,071,6,5,6,3009,0,0,0,,0,1-2,"MAGNOLIA ST","TRACY AV",14.00,S,N,A,-,N,,,,,,,,,,Y,2,0,2,2,A,-,08,22107,,N,D,G,A,A,H,-,C,A,0,,Y,Y,,Y,,L,04,2,0,0,0,0,0,1,0,1,"- ","- ",,,ORANGE,"GARDEN GROVE",-117.97557067871094,33.797092437744141
9236965,2021,2021-04-19,3008,2021-03-17,2025,1337,ZONE1,3,5,6,3008,0,0,0,,0,,"COMMONWEALTH AV","BROOKHURST RD",800.00,W,N,A,-,N,,,,,,,,,,,4,0,1,2,A,-,03,22350,,N,C,C,A,A,H,-,C,D,0,,,Y,,Y,,C,02,0,0,1,0,0,0,0,0,1,"- ","- ",,,ORANGE,FULLERTON,-117.9620361328125,33.870109558105469
92375838,2023,2024-04-26,9675,2023-10-04,2150,022993,,3,2,7,3019,0,1,3,,2,222,"SR-22 EASTBOUND TO I-5 SOUTHBOUND","BRISTOL ST",1584.00,E,N,A,-,Y,ORA,,22," ",R,10.384,H,,R,Y,3,0,1,1,A,-,08,22107,,F,E,I,A,A,H,-,C,D,0,,,Y,,Y,,C,02,0,1,0,0,0,0,0,0,1,"- ","- ",33.778678894042969,-117.87779235839844,ORANGE,"SANTA ANA",-117.87779235839844,33.778881072998047
92377843,2023,2024-04-29,9675,2023-08-12,1418,023208,,6,2,6,3004,0,1,3,,2,553,"SR-55 NORTHBOUND","MAIN STREET",470.00,S,N,A,-,Y,ORA,,55," ",R,6.286,H,,R,Y,1,1,0,3,A,-,01,23152,G,N,B,C,A,A,H,-,A,D,0,,,Y,,Y,Y,C,02,0,0,0,0,0,0,0,1,0,"- ","- ",33.690658569335938,-117.86894989013672,ORANGE,"COSTA MESA",-117.86895751953125,33.690666198730469
92379995,2023,2024-05-02,9670,2023-12-15,2340,022226,,5,3,3,3013,0,1,1,,2,061,"INTERSTATE 605 SOUTHBOUND FROM KATELLA AVENUE","KATELLA AVENUE",1267.00,S,N,A,-,Y,ORA,,605," ",R,1.155,H,,L,Y,1,1,0,1,A,-,01,23152,G,N,E,I,A,A,D,E,C,D,0,,,Y,,Y,Y,C,02,0,0,0,0,0,0,0,1,0,"- ","- ",33.799648284912109,-118.08464050292969,ORANGE,"LOS ALAMITOS",-118.08456420898438,33.799598693847656
92382229,2023,2024-05-06,9690,2023-10-22,"950 ",020182,,7,1,9,3000,0,1,3,,1,074,"SR-74 (ORTEGA HIGHWAY)","MILE POST MARKER 74 ORA 16.00",319.00,W,N,A,-,N,,,,,,,,,,N,1,1,1,2,A,-,08,22107,,N,F,A,A,A,H,-,A,D,0,,,Y,,Y,,C,02,0,1,0,0,0,0,0,1,0,"- ","- ",33.596931457519531,-117.46414184570312,ORANGE,UNINCORPORATED,-117.46412658691406,33.596908569335938
92383129,2023,2024-05-07,9675,2023-08-17,2007,020699,,4,2,7,3019,0,1,1,,2,502,"I-5 NORTHBOUND TO SR-22 WESTBOUND","SR-22 EASTBOUND",58.00,S,N,A,-,Y,,,,,,,,,,N,1,2,0,2,A,-,11,21954,A,N,G,B,E,A,H,-,C,D,0,Y,,Y,,Y,,N,60,0,0,0,1,0,0,0,1,0,"- ","- ",33.776969909667969,-117.87313079833984,ORANGE,"SANTA ANA",-117.87313079833984,33.776969909667969
92402620,2023,2024-05-30,9675,2023-06-17,1520,021716,,6,2,7,3019,0,1,1,,2,520,"I-5 SOUTHBOUND","4TH ST.",792.00,N,N,A,-,Y,ORA,,5," "," ",31.249,H,,L,N,3,0,1,2,A,-,07,21658,A,F,C,C,A,A,H,-,A,D,0,,,Y,,Y,,D,22,0,1,0,0,0,0,0,0,1,"- ","- ",33.750160217285156,-117.84471893310547,ORANGE,"SANTA ANA",-117.84481048583984,33.750110626220703
9240314,2021,2021-04-16,3003,2021-02-19,1630,1264,3003,5,5,5,3003,0,0,0,,0,001,"BEACH BL","CASSCADE WY",50.00,N,N,A,-,Y,ORA,12,39,-,-,16.150,H,-,N,Y,3,0,1,2,A,-,03,22350,,N,B,I,A,A,H,-,A,A,0,,,Y,,Y,,C,02,0,1,0,0,0,0,0,0,1,"- ","- ",33.882198333740234,-117.99800109863281,ORANGE,"BUENA PARK",-117.99777984619141,33.881847381591797
9240772,2021,2021-04-01,3009,2021-02-24,1745,3739,055,3,5,6,3009,0,0,0,,0,011,"GARDEN GROVE BL","BEACH BL",291.00,W,N,A,-,N,,,,,,,,,,Y,3,0,1,2,A,-,09,21804,A,N,H,A,A,A,H,-,C,A,0,,,Y,,Y,,A,07,0,1,0,0,0,0,0,0,1,"- ","- ",,,ORANGE,"GARDEN GROVE",-117.99363708496094,33.773719787597656
9241161,2021,2021-04-01,3000,2021-02-23,0744,5489,921E3,2,5,4,3049,0,0,0,,0,782,"ALISO VIEJO PKWY","ALISO CREEK RD",297.00,W,N,A,-,N,,,,,,,,,,Y,2,0,2,2,A,-,09,21801,A,N,D,C,A,A,H,-,A,D,0,,,Y,,Y,,A,08,1,0,1,0,0,0,0,0,1,"- ","- ",,,ORANGE,"ALISO VIEJO",-117.72602081298828,33.564613342285156
92424086,2023,2024-06-26,9690,2023-11-06,2338,021894,,1,3,9,3000,0,3,5,,2,003,"COW CAMP ROAD","ANTONIO PARKWAY",0.00,,Y,A,-,N,,,,,,,,,,Y,1,1,0,1,A,-,01,23152,A,N,E,I,A,A,H,-,C,A,0,,,Y,,Y,Y,C,02,0,0,0,0,0,0,0,1,0,"- ","- ",33.526458740234375,-117.61892700195312,ORANGE,UNINCORPORATED,-117.61885833740234,33.526359558105469
9242670,2021,2021-04-19,3005,2021-03-17,2016,8294,C40,3,5,4,3005,0,0,0,,0,003,"VALLEY VIEEW ST","ORANGEWOOD AVE",0.00,,Y,A,-,N,,,,,,,,,,Y,2,0,1,2,A,-,12,21453,A,N,A,C,A,A,H,-,C,A,0,,,Y,,Y,,D,22,1,0,0,0,0,0,0,0,1,"- ","- ",,,ORANGE,CYPRESS,-118.02857971191406,33.795692443847656
9243041,2021,2021-04-20,3011,2021-04-02,1317,31241,32,5,5,4,3011,0,0,0,,0,001,"N COAST HWY","JASMINE ST",10.00,S,N,A,-,Y,ORA,12,1,-,-,9.720,H,-,N,Y,4,0,1,2,A,-,03,22350,,N,C,C,A,A,H,-,A,A,0,,,Y,,Y,,D,22,0,0,1,0,0,0,0,0,1,"- ","- ",,,ORANGE,"LAGUNA BEACH",-117.79018402099609,33.544574737548828
9244601,2021,2021-04-12,3008,2021-03-03,0307,1571,ZONE2,3,5,6,3008,0,0,0,,0,,"EUCLID ST","VALENCIA MESA DR",30.00,N,N,A,-,,,,,,,,,,,Y,4,0,1,1,A,-,01,23152,A,N,E,I,A,A,H,-,C,A,0,,,Y,,Y,Y,C,02,0,0,1,0,0,0,0,0,1,"- ","- ",,,ORANGE,FULLERTON,-117.94132232666016,33.886402130126953
9244952,2021,2021-04-01,3008,2021-01-03,2345,1609,ZONE3,7,5,6,3008,0,0,0,,0,,"STATE COLLEGE BL","ORANGETHORPE AV",0.00,,Y,A,-,N,,,,,,,,,,Y,3,0,1,2,A,-,12,21453,A,N,D,C,A,A,H,-,C,A,0,,,Y,,Y,,A,01,0,1,0,0,0,0,0,0,1,"- ","- ",,,ORANGE,FULLERTON,-117.88941192626953,33.859638214111328
9245442,2021,2021-04-02,3011,2021-03-06,2102,31481,43,6,5,4,3011,0,0,0,,0,003,"RT 1","CALLIOPE ST",35.00,N,N,A,-,Y,ORA,12,1,-,-,8.380,H,-,S,Y,4,0,1,2,A,-,03,22350,,N,C,C,A,A,H,-,C,A,0,,,Y,,Y,,A,07,0,0,1,0,0,0,0,0,1,"- ","- ",,,ORANGE,"LAGUNA BEACH",-117.77407073974609,33.531009674072266
9245638,2021,2021-04-07,3011,2021-03-06,1525,31241,84,6,5,4,3011,0,0,0,,0,003,"COAST HWY","EAGLE ROCK WY",20.00,N,N,A,-,Y,ORA,12,1,-,-,5.860,H,-,S,N,4,0,1,2,A,-,03,22350,,N,C,C,A,A,H,-,A,A,0,,,Y,,Y,,C,02,0,0,1,0,0,0,0,0,1,"- ","- ",,,ORANGE,"LAGUNA BEACH",-117.74530029296875,33.503620147705078
9246455,2021,2021-04-06,3000,2021-02-05,1253,1916,891F7,5,5,4,3045,0,0,0,,0,745,"AVENIDA DE LA CARLOTA","OAKBROOK VILLAGE",305.00,N,N,A,-,N,,,,,,,,,,Y,3,0,1,2,A,-,09,21804,A,N,D,C,A,A,H,-,A,D,0,,,Y,,Y,,A,01,0,1,0,0,0,0,0,0,1,"- ","- ",,,ORANGE,"LAGUNA HILLS",,
9246458,2021,2021-04-06,3000,2021-02-13,1214,10309,797J5,6,5,4,3021,0,0,0,,0,223,"LAMPSON AV","BEACH BL",164.00,W,N,A,-,N,,,,,,,,,,N,3,0,1,2,D,-,00,,,N,B,J,A,A,H,-,A,D,0,,,Y,,Y,,-,"- ",0,1,0,0,0,0,0,0,1,"- ","- ",,,ORANGE,STANTON,-117.9932861328125,33.781108856201172
9247870,2021,2021-04-21,3000,2021-03-28,1733,10576,922C7,7,5,5,3028,0,0,0,,0,752,"MARGUERITE PKWY","CORDOVA CANYON",4.00,N,N,A,-,N,,,,,,,,,,Y,4,0,1,1,A,-,01,23152,A,N,F,A,A,A,H,-,A,D,0,,,Y,,Y,Y,C,02,0,0,1,0,0,0,0,0,1,"- ","- ",,,ORANGE,"MISSION VIEJO",-117.65848541259766,33.568119049072266
9247910,2021,2021-04-21,3009,2021-03-16,1818,4747,064,2,5,6,3009,0,0,0,,0,011,"GARDEN GROVE BL","MONROE ST",300.00,W,N,A,-,N,,,,,,,,,,Y,3,0,1,2,A,-,09,21804,A,N,C,C,A,A,H,-,B,D,0,,,Y,,Y,,A,01,0,1,0,0,0,0,0,0,1,"- ","- ",,,ORANGE,"GARDEN GROVE",-117.98654174804688,33.773769378662109
9248603,2021,2021-04-09,3026,2021-03-20,1138,8929,PORTO,6,5,6,3026,0,0,0,,0,,"JEFFREY RD","PORTOLA PKWY",19.00,S,N,A,-,,,,,,,,,,,,3,0,2,2,A,-,09,21453,B,N,H,G,A,A,H,-,A,A,0,,Y,Y,,Y,,C,02,0,1,1,0,0,0,1,0,1,"- ","- ",33.716960906982422,-117.74868011474609,ORANGE,IRVINE,-117.73996734619141,33.717182159423828
9249847,2021,2021-04-22,3003,2021-02-26,1613,1243,,5,5,5,3003,0,0,0,,0,005,"LINCOLN AV","HOFFMAN ST",35.00,E,N,A,-,N,,,,,,,,,,N,3,0,1,2,A,-,08,22107,,N,C,C,A,A,H,-,A,D,0,,,Y,,Y,,A,01,0,1,0,0,0,0,0,0,1,"- ","- ",33.831699371337891,-118.02490234375,ORANGE,"BUENA PARK",-118.02498626708984,33.831840515136719
9249920,2021,2021-04-23,3009,2021-03-09,1829,4352,107,2,5,6,3009,0,0,0,,0,1-3,"WESTMINSTER AV","HOPE ST",46.00,E,N,A,-,N,,,,,,,,,,Y,4,0,1,2,A,-,07,21658,A,N,C,C,A,A,H,-,C,A,0,,,Y,,Y,,A,01,0,0,1,0,0,0,0,0,1,"- ","- ",,,ORANGE,"GARDEN GROVE",-117.95050048828125,33.759521484375
9249949,2021,2021-05-11,3003,2021-03-19,1258,1164,,5,5,5,3003,0,0,0,,0,003,"LA PALMA AV","BUENA PARK DOWNTOWN",0.00,,Y,A,-,N,,,,,,,,,,Y,3,0,1,2,A,-,09,21800,A,N,D,C,A,A,H,-,A,D,0,,,Y,,Y,,C,02,0,1,0,0,0,0,0,0,1,"- ","- ",33.846599578857422,-117.98750305175781,ORANGE,"BUENA PARK",-117.987503,33.846600000000002
9249951,2021,2021-05-03,3000,2021-03-05,1837,6717,891G6,5,5,5,3050,0,0,0,,0,18762,"EL TORO RD","BRIDGER RD",51.00,E,N,A,-,N,,,,,,,,,,Y,4,0,1,2,A,-,07,21658,A,N,B,C,A,A,H,-,C,A,0,,,Y,,Y,,A,01,0,0,1,0,0,0,0,0,1,"- ","- ",33.365589141845703,-117.42237854003906,ORANGE,"LAKE FOREST",-117.70676422119141,33.615512847900391
9253413,2021,2021-04-23,3008,2021-03-27,1801,1573,ZONE1,6,5,6,3008,0,0,0,,0,,"BROOKHURST RD","ORANGETHORPE AV",200.00,N,N,A,-,N,,,,,,,,,,Y,3,0,1,2,A,-,03,22350,,N,C,C,A,A,H,-,A,D,0,,,Y,,Y,,C,02,0,1,0,0,0,0,0,0,1,"- ","- ",,,ORANGE,FULLERTON,-117.95932006835938,33.859748840332031
9253414,2021,2021-04-23,3008,2021-03-27,1410,1605,ZONE2,6,5,6,3008,0,0,0,,0,,"HARBOR BL","VALLEY VIEW DR N",52.00,S,N,A,-,N,,,,,,,,,,Y,3,0,1,1,A,-,03,22350,,N,H,A,A,A,H,-,A,A,0,,,Y,,Y,,C,02,0,1,0,0,0,0,0,0,1,"- ","- ",,,ORANGE,FULLERTON,-117.92481231689453,33.882892608642578
9255580,2021,2021-05-13,3004,2021-04-28,2054,P665,15,3,5,6,3004,0,0,0,,0,004,"HARBOR BL","PETERSON PL",269.00,N,N,A,-,N,,,,,,,,,,N,2,0,1,2,A,-,09,21801,A,N,D,C,A,A,H,-,C,D,0,,,Y,,Y,,A,01,1,0,0,0,0,0,0,0,1,"- ","- ",33.671298980712891,-117.91909790039062,ORANGE,"COSTA MESA",-117.91913604736328,33.671188354492188
9255831,2021,2021-05-10,3004,2021-03-27,1511,P696,20,6,5,6,3004,0,0,0,,0,011,"FAIRVIEW RD","ADAMS AV",0.00,,Y,A,-,N,,,,,,,,,,N,3,0,2,2,A,-,03,22350,,N,C,C,A,A,H,-,A,A,0,,,Y,,Y,Y,C,02,0,1,1,0,0,0,0,0,2,"- ","- ",33.675910949707031,-117.90785217285156,ORANGE,"COSTA MESA",-117.90786743164062,33.6759033203125
9256401,2021,2023-06-17,3000,2021-01-16,1540,9573,861J6,6,5,5,3050,0,0,0,,0,760,"BAKE PKWY","COMMERCENTRE DR",0.00,,Y,A,-,N,,,,,,,,,,Y,1,1,0,2,A,-,12,21453,A,N,D,C,A,A,H,-,A,A,0,,,Y,,Y,,C,02,0,0,0,0,0,0,0,1,0,"- ","- ",,,ORANGE,"LAKE FOREST",-117.68623352050781,33.665481567382812
9256481,2021,2023-06-17,3026,2021-01-15,0813,4991,,5,5,6,3026,0,0,0,,0,,"WALNUT AV","KAZAN ST",294.00,E,N,A,-,N,,,,,,,,,,Y,1,1,1,2,A,-,08,22107,,N,E,I,A,A,H,-,A,D,0,,,Y,,Y,,C,02,0,0,1,0,0,0,0,1,0,"- ","- ",33.694900512695312,-117.78231048583984,ORANGE,IRVINE,-117.77255249023438,33.694110870361328
9256491,2021,2021-08-12,3004,2021-03-27,1830,P634,14,6,5,6,3004,0,0,0,,0,009,"PLACENTIA AV","SWAN DR",2066.00,S,N,A,-,N,,,,,,,,,,Y,1,1,0,2,A,-,01,23152,A,N,C,C,A,A,H,-,B,A,0,,,Y,,Y,Y,C,02,0,0,0,0,0,0,0,1,0,"- ","- ",33.663230895996094,-117.93794250488281,ORANGE,"COSTA MESA",-117.93794250488281,33.663398742675781
9256636,2021,2021-06-04,3003,2021-04-09,0816,652,,5,5,5,3003,0,0,0,,0,004,"BEACH BL","CRESCENT AV",70.00,N,N,A,-,N,,,,,,,,,,Y,2,0,2,2,A,-,03,22350,,N,C,C,A,A,H,-,A,A,0,,,Y,,Y,,C,02,1,1,0,0,0,0,0,0,1,"- ","- ",33.829700469970703,-117.99569702148438,ORANGE,"BUENA PARK",-117.99545288085938,33.839569091796875
9257130,2021,2021-04-29,3005,2021-04-08,2500,8272,C08,4,5,4,3005,0,0,0,,0,001,"BELMONT AV","GRACE AVE",100.00,S,N,A,-,N,,,,,,,,,,N,2,0,1,2,A,-,07,21658,A,N,A,E,A,A,H,-,A,B,0,,,Y,,Y,Y,C,06,1,0,0,0,0,0,0,0,1,"- ","- ",,,ORANGE,CYPRESS,-118.04881286621094,33.836936950683594
9257321,2021,2021-04-29,3000,2021-03-18,1804,1916,921H3,4,5,4,3045,0,0,0,,0,745,"ALICIA PKWY","PASEO DE VALENCIA",0.00,,Y,A,-,N,,,,,,,,,,Y,3,0,1,2,D,-,00,,,N,D,C,A,A,H,-,A,A,0,,,Y,,Y,,-,"- ",0,1,0,0,0,0,0,0,1,"- ","- ",,,ORANGE,"LAGUNA HILLS",-117.69908905029297,33.592014312744141
9257342,2021,2021-04-28,3000,2021-02-23,1801,4246,992J4,2,5,5,3017,0,0,0,,0,776,"NORTH EL CAMINO REAL","AVENIDA DEL MAR",0.00,,Y,A,-,N,,,,,,,,,,N,4,0,1,2,A,-,09,21801,A,N,D,C,A,A,H,-,C,A,0,,,Y,,Y,,A,01,0,0,1,0,0,0,0,0,1,"- ","- ",,,ORANGE,"SAN CLEMENTE",-117.61264038085938,33.427558898925781
9258184,2021,2021-05-03,3004,2021-04-03,1244,P676,22,6,5,6,3004,0,0,0,,0,015,"W PAULARINO AV","BRISTOL ST",192.00,E,N,A,-,N,,,,,,,,,,N,3,0,2,1,A,-,03,22350,A,N,F,A,A,A,H,-,A,D,0,,,Y,,Y,,C,02,0,2,0,0,0,0,0,0,2,"- ","- ",33.404998779296875,-117.34999847412109,ORANGE,"COSTA MESA",-117.88512420654297,33.682350158691406
9258213,2021,2021-05-18,3004,2021-04-07,0851,P459,16,3,5,6,3004,0,0,0,,0,011,"ADAMS AV","PINECREEK DR",313.00,E,N,A,-,N,,,,,,,,,,Y,3,0,1,2,A,-,08,22107,,N,B,C,A,A,H,-,A,D,0,,,Y,,Y,,-,"- ",0,1,0,0,0,0,0,0,1,"- ","- ",33.675460815429688,-117.91275787353516,ORANGE,"COSTA MESA",-117.91303253173828,33.675498962402344
9260023,2021,2021-05-20,3009,2021-05-04,2347,4787,111,2,5,6,3009,0,0,0,,0,021,"EUCLID ST","ORANGEWOOD AV",624.00,N,N,B,-,N,,,,,,,,,,Y,3,0,1,2,A,-,09,21804,A,N,D,C,A,A,H,-,C,A,0,,,Y,,Y,,A,01,0,1,0,0,0,0,0,0,1,"- ","- ",,,ORANGE,"GARDEN GROVE",-117.94139099121094,33.797649383544922
9260707,2021,2021-06-21,3009,2021-05-22,1848,4662,086,6,5,6,3009,0,0,0,,0,1-3,"WESTMINSTER AV","ATLANTIS WY",20.00,N,N,A,-,N,,,,,,,,,,Y,3,0,1,2,A,-,09,21804,A,N,D,C,A,A,H,-,B,D,0,,,Y,,Y,,A,01,0,1,0,0,0,0,0,0,1,"- ","- ",,,ORANGE,"GARDEN GROVE",-117.96835327148438,33.759449005126953
9260712,2021,2021-06-18,3009,2021-05-12,1511,4626,135,3,5,6,3009,0,0,0,,0,2-3,"GARDEN GROVE BL","WEST ST",40.00,W,N,A,-,N,,,,,,,,,,N,4,0,1,2,A,-,08,22107,,N,B,C,A,A,H,-,A,A,0,,,Y,,Y,,A,01,0,0,1,0,0,0,0,0,1,"- ","- ",,,ORANGE,"GARDEN GROVE",-117.92364501953125,33.774429321289062
9262208,2021,2021-05-13,3026,2021-04-16,1727,352,,5,5,6,3026,0,0,0,,0,005,"YALE LOOP",OSBORN,0.00,,Y,A,-,N,,,,,,,,,,Y,3,0,1,2,A,-,08,22107,,N,D,G,A,A,H,-,A,D,0,,,Y,,Y,Y,A,01,0,1,0,0,0,0,0,0,1,"- ","- ",33.674148559570312,-117.788330078125,ORANGE,IRVINE,-117.78849029541016,33.6741943359375
9262507,2021,2021-05-12,3009,2021-04-15,1242,3965,144,4,5,6,3009,0,0,0,,0,2-2,"GARDEN GROVE BL","DUNGAN LN",166.00,W,N,A,-,N,,,,,,,,,,Y,3,0,1,2,A,-,09,21804,A,N,D,C,A,A,H,-,A,A,0,,,Y,,Y,,D,22,0,1,0,0,0,0,0,0,1,"- ","- ",,,ORANGE,"GARDEN GROVE",-117.92186737060547,33.774299621582031
9262675,2021,2021-05-14,3009,2021-04-19,1424,4352,118,1,5,6,3009,0,0,0,,0,2-3,"BOLSA AV","STARBOARD ST",0.00,,Y,A,-,N,,,,,,,,,,Y,3,0,1,1,A,-,03,22350,,N,H,A,A,A,H,-,A,A,0,,,Y,,Y,,C,02,0,1,0,0,0,0,0,0,1,"- ","- ",,,ORANGE,"GARDEN GROVE",-117.94229125976562,33.745040893554688
9263140,2021,2021-05-24,3011,2021-05-01,1403,31258,33,6,5,4,3011,0,0,0,,0,001,"LAGUNA CANYON RD","LAGUNA CANYON RD 650",223.00,N,N,B,-,Y,ORA,12,133,-,-,0.470,H,-,S,Y,4,0,1,2,A,-,09,21804,A,N,A,C,A,A,H,-,A,D,0,,,Y,,Y,Y,C,02,0,0,1,0,0,0,0,0,1,"- ","- ",,,ORANGE,"LAGUNA BEACH",-117.78158569335938,33.548603057861328
9263151,2021,2021-05-24,3004,2021-04-30,2047,P680,03,5,5,6,3004,0,0,0,,0,015,"NEWPORT BL","INDUSTRIAL WY",10.00,S,N,A,-,Y,ORA,12,55,-,-,1.000,H,-,N,Y,4,0,1,2,A,-,03,22350,,N,C,C,A,A,H,-,C,A,0,,,Y,,Y,,C,02,0,0,1,0,0,0,0,0,1,"- ","- ",33.630889892578125,-117.92516326904297,ORANGE,"COSTA MESA",-117.92507171630859,33.630954742431641
9265770,2021,2021-06-01,3000,2021-04-24,1830,6717,891G2,6,5,5,3050,0,0,0,,0,18762,"BAKE PKWY","VIA DEL RIO",20.00,W,N,B,-,N,,,,,,,,,,Y,4,0,1,2,A,-,09,21802,A,N,D,C,A,A,H,-,A,A,0,,,Y,,Y,,A,01,0,0,1,0,0,0,0,0,1,"- ","- ",33.390460968017578,-117.42221069335938,ORANGE,"LAKE FOREST",-117.70629119873047,33.651256561279297
9269772,2021,2021-06-08,3008,2021-03-17,1741,1515,ZONE3,3,5,6,3008,0,0,0,,0,,"YORBA LINDA BL","RT 57",21.00,W,N,A,-,Y,ORA,12,57,-,-,18.517,R,4,S,Y,3,0,1,1,A,-,08,22107,,N,E,I,A,A,H,-,A,A,0,,,Y,,Y,,C,02,0,1,0,0,0,0,0,0,1,"- ","- ",,,ORANGE,FULLERTON,-117.88080596923828,33.891582489013672
9269773,2021,2021-06-01,3008,2021-03-11,1335,1387,ZONE2,4,5,6,3008,0,0,0,,0,,"HERMOSA DR","HAMELL RD",336.00,E,N,A,-,N,,,,,,,,,,,3,0,1,2,A,-,06,21751,,N,E,J,A,A,H,-,A,A,0,,,Y,,Y,,C,03,0,1,0,0,0,0,0,0,1,"- ","- ",,,ORANGE,FULLERTON,-117.92652893066406,33.909912109375
9271073,2021,2021-06-14,3000,2021-05-07,1535,2742,992H4,5,5,5,3017,0,0,0,,0,778,"NORTH EL CAMINO REAL","E CANADA",0.00,,Y,A,-,N,,,,,,,,,,Y,2,0,1,2,A,-,09,21802,A,N,D,D,A,A,H,-,A,A,0,,,Y,,Y,,A,01,1,0,0,0,0,0,0,0,1,"- ","- ",,,ORANGE,"SAN CLEMENTE",-117.61978912353516,33.430507659912109
9271076,2021,2021-06-14,3000,2021-05-07,1910,2742,972J5,5,5,5,3017,0,0,0,,0,778,"AVENIDA LA PATA","CAMINO DEL RIO",39.00,S,N,A,-,N,,,,,,,,,,Y,2,0,1,2,A,-,03,22350,,N,B,C,A,A,H,-,A,A,0,,,Y,,Y,,C,02,1,0,0,0,0,0,0,0,1,"- ","- ",,,ORANGE,"SAN CLEMENTE",-117.609855,33.471533000000001
9271234,2021,2021-06-08,3000,2021-04-28,1708,10077,862C6,3,5,5,3050,0,0,0,,0,765,"RANCHO PKWY","WINDOW DR",11.00,N,N,A,-,N,,,,,,,,,,N,3,0,1,1,A,-,17,21229,A,N,F,A,A,A,H,-,A,A,0,,,Y,,Y,,C,03,0,1,0,0,0,0,0,0,1,"- ","- ",,,ORANGE,"LAKE FOREST",-117.65911102294922,33.668411254882812
9272549,2021,2021-06-14,3026,2021-05-23,1325,417,P,7,5,6,3026,0,0,0,,0,00P,"ALTON PKWY","TECHNOLOGY DR E",41.00,W,N,A,-,N,,,,,,,,,,Y,3,0,1,3,A,-,08,22107,,N,B,C,A,A,H,-,A,A,0,,,Y,,Y,,A,01,0,1,0,0,0,0,0,0,1,"- ","- ",,,ORANGE,IRVINE,-117.73968505859375,33.655406951904297
9274216,2021,2021-06-23,3000,2021-05-10,2130,4246,992J4,1,5,5,3017,0,0,0,,0,776,"NORTH EL CAMINO REAL","AVENIDA CABRILLO",0.00,,Y,A,-,N,,,,,,,,,,N,3,0,1,2,A,-,09,21801,A,N,D,D,A,A,H,-,C,A,0,,,Y,,Y,,A,01,0,1,0,0,0,0,0,0,1,"- ","- ",,,ORANGE,"SAN CLEMENTE",-117.61318969726562,33.428142547607422
9274603,2021,2021-06-29,3000,2021-05-21,1020,9573,891F2,5,5,5,3050,0,0,0,,0,760,"BAKE PKWY","JERONIMO RD",0.00,,Y,A,-,N,,,,,,,,,,Y,3,0,1,2,A,-,12,21453,A,N,D,C,A,A,H,-,A,A,0,,,Y,,Y,,A,07,0,1,0,0,0,0,0,0,1,"- ","- ",,,ORANGE,"LAKE FOREST",-117.711181640625,33.645042419433594
9274622,2021,2021-06-30,3008,2021-04-23,0902,1601,,5,5,6,3008,0,0,0,,0,,"HUGHES DR","BASTANCHURY RD",340.00,W,N,B,-,N,,,,,,,,,,N,4,0,1,2,A,-,08,22107,,M,D,C,A,A,H,-,A,D,0,,,Y,,Y,,-,,0,0,1,0,0,0,0,0,1,"- ","- ",,,ORANGE,FULLERTON,-117.95514678955078,33.879772186279297
9275343,2021,2021-07-15,3009,2021-06-11,1619,4576,076,5,5,6,3009,0,0,0,,0,013,"MAGNOLIA ST","MAYS AV",120.00,N,N,A,-,N,,,,,,,,,,N,4,0,1,3,A,-,07,21658,A,M,B,C,A,A,H,-,A,D,0,,,Y,,Y,,-,99,0,0,1,0,0,0,0,0,1,"- ","- ",,,ORANGE,"GARDEN GROVE",-117.97251892089844,33.763988494873047
9275344,2021,2021-07-15,3009,2021-06-12,2322,4788,135,6,5,6,3009,0,0,0,,0,021,"GARDEN GROVE BL","WEST ST",0.00,,Y,A,-,N,,,,,,,,,,N,3,0,1,2,A,-,09,21801,A,N,A,C,A,A,H,-,C,A,0,,,Y,,Y,,A,01,0,1,0,0,0,0,0,0,1,"- ","- ",,,ORANGE,"GARDEN GROVE",-117.92350769042969,33.774425506591797
9276841,2021,2022-02-10,3003,2021-06-03,1408,652,,4,5,5,3003,0,0,0,,0,,"KNOTT AV","THELMA AV",45.00,S,N,A,-,N,,,,,,,,,,Y,3,0,1,2,A,-,03,22350,,N,C,C,A,A,H,-,A,A,0,,,Y,,Y,,C,02,0,1,0,0,0,0,0,0,1,"- ","- ",33.850700378417969,-118.01119995117188,ORANGE,"BUENA PARK",-118.01126098632812,33.850666046142578
9277700,2021,2021-06-18,3010,2021-05-15,0944,2084,171,6,5,6,3010,0,0,0,,0,008,"RT 1","5TH ST",0.00,,Y,B,-,Y,ORA,12,1,-,-,30.141,I,5,S,Y,4,0,1,2,A,-,12,21453,A,N,D,C,A,A,H,-,A,A,0,,,Y,,Y,,C,02,0,0,1,0,0,0,0,0,1,"- ","- ",,,ORANGE,"HUNTINGTON BEACH",-118.06607055664062,33.714187622070312
9277704,2021,2023-06-17,3010,2021-05-31,1758,3858,6,1,5,6,3010,0,0,0,,0,282,"RT 39","LIBERTY DR",60.00,N,N,A,-,Y,ORA,12,39,-,-,3.950,H,-,S,Y,1,1,0,6,A,-,01,23153,F,N,C,C,A,A,H,-,A,D,0,,,Y,,Y,,A,07,0,0,0,0,0,0,0,1,0,"- ","- ",,,ORANGE,"HUNTINGTON BEACH",-117.98932647705078,33.705879211425781
9278099,2021,2021-07-01,3012,2021-05-07,2211,689,14,5,5,5,3012,0,0,0,,0,001,IDAHO,"LA HABRA",0.00,,Y,A,-,N,,,,,,,,,,Y,4,0,1,2,A,-,03,22350,,N,D,C,A,A,H,-,C,A,0,,,Y,,Y,,-,"- ",0,0,1,0,0,0,0,0,1,"- ","- ",,,ORANGE,"LA HABRA",-117.95920562744141,33.931854248046875
9278758,2021,2021-06-18,3000,2021-04-20,1340,1010,892J6,2,5,4,3048,0,0,0,,0,766,"GALISTEO DR","VELARDE CT",16.00,S,N,A,-,N,,,,,,,,,,Y,4,0,1,2,A,-,06,21750,,N,B,C,A,A,H,-,A,D,0,,,Y,,Y,,C,02,0,0,1,0,0,0,0,0,1,"- ","- ",,,ORANGE,"RANCHO SANTA MARGARITA",-117.60862731933594,33.620307922363281
9280218,2021,2021-06-21,3003,2021-05-30,1714,1276,,7,5,5,3003,0,0,0,,0,003,"BEACH BL","EL CAPITAN WY",101.00,N,N,A,-,N,,,,,,,,,,Y,3,0,1,2,A,-,09,21804,A,N,D,C,A,A,H,-,A,D,0,,,Y,,Y,,A,01,0,1,0,0,0,0,0,0,1,"- ","- ",33.853199005126953,-117.99800109863281,ORANGE,"BUENA PARK",-117.99786376953125,33.853145599365234
9280408,2021,2021-07-02,3011,2021-06-12,1306,31241,85,6,5,4,3011,0,0,0,,0,003,"RT 1","9TH AV",24.00,S,N,A,-,Y,ORA,12,1,-,-,5.360,H,-,N,N,3,0,1,2,A,-,03,22350,,N,B,C,A,A,H,-,A,A,0,,,Y,,Y,,C,02,0,1,0,0,0,0,0,0,1,"- ","- ",,,ORANGE,"LAGUNA BEACH",-117.73992156982422,33.498226165771484
9280442,2021,2021-07-02,3000,2021-04-18,2105,8693,797J3,7,5,4,3021,0,0,0,,0,022,"BEACH BL","PLAZA WY",0.00,,Y,A,-,Y,ORA,12,39,-,-,10.290,I,5,N,Y,4,0,1,2,A,-,09,21801,A,N,A,C,A,A,H,-,B,A,0,,,Y,,Y,,C,02,0,0,1,0,0,0,0,0,1,"- ","- ",,,ORANGE,STANTON,-117.99295806884766,33.79730224609375
9280947,2021,2021-07-01,3000,2021-05-09,1722,10077,892C2,7,5,5,3050,0,0,0,,0,765,"EL TORO RD","DESTRY LN",527.00,E,N,A,-,N,,,,,,,,,,Y,3,0,1,2,A,-,03,22350,,N,C,C,A,A,H,-,A,D,0,,,Y,,Y,,C,02,0,1,0,0,0,0,0,0,1,"- ","- ",,,ORANGE,"LAKE FOREST",-117.66136169433594,33.648532867431641
9281114,2021,2021-07-27,3000,2021-05-20,1525,1916,921J2,4,5,4,3045,0,0,0,,0,745,"LAS BOLSAS","TASMAN RD",56.00,S,N,A,-,N,,,,,,,,,,N,3,0,1,2,A,-,05,21650,,N,A,C,A,A,H,-,A,D,0,,,Y,,Y,,C,03,0,1,0,0,0,0,0,0,1,"- ","- ",,,ORANGE,"LAGUNA HILLS",-117.68902587890625,33.598617553710938
9284271,2021,2021-07-16,3009,2021-06-15,1255,3486,093,2,5,6,3009,0,0,0,,0,012,"BROOKHURST ST","PAVILLION WAY",0.00,,Y,A,-,N,,,,,,,,,,N,3,0,1,2,A,-,09,21801,A,N,D,C,A,A,H,-,A,A,0,,,Y,,Y,,A,01,0,1,0,0,0,0,0,0,1,"- ","- ",,,ORANGE,"GARDEN GROVE",-117.95877838134766,33.786899566650391
9286266,2021,2021-07-15,3011,2021-06-23,1456,31544,34,3,5,4,3011,0,0,0,,0,002,"RT 1","ASTER ST",209.00,S,N,A,-,Y,ORA,12,1,-,-,9.560,H,-,S,Y,3,0,1,2,A,-,03,22350,,N,C,C,A,A,H,-,A,D,0,,,Y,,Y,,C,02,0,1,0,0,0,0,0,0,1,"- ","- ",,,ORANGE,"LAGUNA BEACH",-117.78770446777344,33.543563842773438
9286313,2021,2021-07-13,3010,2021-06-13,1429,1066,173,7,5,6,3010,0,0,0,,0,008,"RT 1",WARNER,5915.00,E,N,A,-,Y,ORA,12,1,-,-,28.810,H,-,S,N,4,0,1,2,A,-,07,21658,A,N,B,C,A,A,H,-,A,D,0,,,Y,,Y,,A,01,0,0,1,0,0,0,0,0,1,"- ","- ",,,ORANGE,"HUNTINGTON BEACH",-118.05107879638672,33.699695587158203
9286317,2021,2021-07-13,3010,2021-06-06,1213,1221,422,7,5,6,3010,0,0,0,,0,005,GARFIELD,"BEACH BL",169.00,E,N,A,-,Y,ORA,12,39,-,-,2.651,I,6,N,N,4,0,1,2,A,-,05,21650,,N,B,C,A,A,H,-,A,D,0,,,Y,,Y,,C,03,0,0,1,0,0,0,0,0,1,"- ","- ",,,ORANGE,"HUNTINGTON BEACH",-117.98867797851562,33.686882019042969
9287533,2021,2021-07-30,3000,2021-05-27,2310,1916,891F7,4,5,4,3045,0,0,0,,0,745,"PASEO DE VALENCIA","AVENIDA DE LA CARLOTA",0.00,,Y,A,-,Y,ORA,12,5,-,-,18.913,R,4,S,N,3,0,1,2,A,-,06,21750,,N,B,C,A,A,H,-,C,A,0,,,Y,,Y,,C,02,0,1,0,0,0,0,0,0,1,"- ","- ",,,ORANGE,"LAGUNA HILLS",-117.7103271484375,33.616939544677734
9289944,2021,2021-07-26,3026,2021-06-18,1559,8929,PORTO,5,5,6,3026,0,0,0,,0,009,"MUIRLANDS BL","BAKE PKWY",42.00,W,N,A,-,N,,,,,,,,,,N,3,0,1,2,A,-,03,22350,,N,C,C,A,A,H,-,A,A,0,,,Y,,Y,,C,02,0,1,0,0,0,0,0,0,1,"- ","- ",33.638229370117188,-117.71640777587891,ORANGE,IRVINE,-117.71624755859375,33.639938354492188
9290287,2021,2021-09-13,3026,2021-07-06,1500,49901,,2,5,6,3026,0,0,0,,0,,"MCGAW AV","RED HILL AV",58.00,E,N,A,-,N,,,,,,,,,,Y,3,0,1,2,A,-,08,22107,,N,B,C,A,A,H,-,A,A,0,,,Y,,Y,,C,02,0,1,0,0,0,0,0,0,1,"- ","- ",,,ORANGE,IRVINE,-117.85142517089844,33.6971435546875
9291488,2021,2021-07-21,3000,2021-06-14,1649,5489,922A3,1,5,4,3045,0,0,0,,0,745,"NELLIE GAIL RD","BUCKLESTONE DR",362.00,W,N,A,-,N,,,,,,,,,,N,4,0,1,2,A,-,09,21801,A,N,D,C,A,A,H,-,A,D,0,,,Y,,Y,,A,01,0,0,1,0,0,0,0,0,1,"- ","- ",,,ORANGE,"LAGUNA HILLS",-117.67761993408203,33.588272094726562
9291714,2021,2021-09-11,3000,2021-07-06,1006,5489,921D5,2,5,4,3049,0,0,0,,0,782,"ALISO VIEJO PKWY",GRAND,510.00,S,N,A,-,N,,,,,,,,,,N,3,0,1,1,A,-,03,22350,,N,E,I,A,A,H,-,A,D,0,,,Y,,Y,,C,02,0,1,0,0,0,0,0,0,1,"- ","- ",,,ORANGE,"ALISO VIEJO",-117.73075866699219,33.5755615234375
9292218,2021,2021-08-30,3003,2021-07-04,1045,1275,3003,7,5,5,3003,0,0,0,,0,005,"FLORENCE AV","CERRITOS AV",3.00,N,N,A,-,N,,,,,,,,,,N,3,0,1,2,A,-,03,22350,,N,C,C,A,A,H,-,A,A,0,,,Y,,Y,,C,02,0,1,0,0,0,0,0,0,1,"- ","- ",33.810001373291016,-118.02420043945312,ORANGE,"BUENA PARK",-118.02410888671875,33.809886932373047
9292451,2021,2021-07-23,3026,2021-06-23,1923,488,,3,5,6,3026,0,0,0,,0,,"BELL CHIME","WHITE SAGE",184.00,W,N,A,-,N,,,,,,,,,,N,4,0,1,2,A,-,08,22107,,N,B,J,A,A,H,-,A,D,0,,,Y,,Y,,C,03,0,0,1,0,0,0,0,0,1,"- ","- ",,,ORANGE,IRVINE,-117.71890258789062,33.697879791259766
9294032,2021,2021-09-10,3012,2021-07-03,0843,687,21,6,5,5,3012,0,0,0,,0,002,"WHITTIER BL","HILLSIDE ST",42.00,E,N,A,-,N,,,,,,,,,,N,3,0,1,2,A,-,08,22107,,N,H,A,A,A,H,-,A,D,0,,,Y,,Y,,A,07,0,1,0,0,0,0,0,0,1,"- ","- ",,,ORANGE,"LA HABRA",-117.94818878173828,33.939121246337891
9295801,2021,2021-08-25,3004,2021-07-08,1815,P700,02,4,5,6,3004,0,0,0,,0,001,"NEWPORT BL","EAST 17TH ST",50.00,N,N,A,-,N,,,55,,,,,,,N,3,0,1,2,A,-,09,21453,B,N,B,C,A,A,H,-,A,A,0,,,Y,,Y,,A,01,0,1,0,0,0,0,0,0,1,"- ","- ",33.637699127197266,-117.92157745361328,ORANGE,"COSTA MESA",-117.92163848876953,33.637722015380859
9295979,2021,2021-08-05,3000,2021-07-16,0952,10576,892B5,5,5,5,3028,0,0,0,,0,751,"LOS ALISOS BL","VIA DAMASCO",63.00,W,N,A,-,N,,,,,,,,,,Y,2,0,1,1,A,-,08,22107,,N,E,I,A,A,H,-,A,D,0,,,Y,,Y,,C,02,1,0,0,0,0,0,0,0,1,"- ","- ",,,ORANGE,"MISSION VIEJO",-117.66885375976562,33.627086639404297
9298077,2021,2021-08-18,3000,2021-07-15,1907,1916,921J2,4,5,4,3045,0,0,0,,0,745,"MACKENZIE ST","PADUA DR",126.00,N,N,A,-,N,,,,,,,,,,N,4,0,1,1,A,-,03,22350,,N,F,A,A,A,H,-,A,A,0,,,Y,,Y,,C,02,0,0,1,0,0,0,0,0,1,"- ","- ",,,ORANGE,"LAGUNA HILLS",-117.68328857421875,33.597682952880859
9298164,2021,2021-08-18,3000,2021-06-17,1450,7414,972B6,4,5,4,3029,0,0,0,,0,3A35,"VICTORIA BL","DOHENY PARK RD",151.00,W,N,A,-,N,,,,,,,,,,N,2,0,1,2,A,-,09,21802,A,N,D,D,A,A,H,-,A,D,0,,,Y,,Y,,A,07,1,0,0,0,0,0,0,0,1,"- ","- ",,,ORANGE,"DANA POINT",-117.67784118652344,33.466606140136719
9300689,2021,2021-08-18,3012,2021-07-07,1434,611,12,3,5,5,3012,0,0,0,,0,001,"WHITTIER BL","KIRBY DR",0.00,,Y,A,-,N,,,,,,,,,,N,4,0,1,2,A,-,09,21802,A,N,B,C,A,A,H,-,A,D,0,,,Y,,Y,,A,01,0,0,1,0,0,0,0,0,0,"- ","- ",,,ORANGE,"LA HABRA",-117.95232391357422,33.939109802246094
9301172,2021,2021-08-25,3012,2021-07-21,1754,624,21,3,5,5,3012,0,0,0,,0,002,"WHITTIER BL","HILLSIDE ST",0.00,,Y,A,-,Y,ORA,12,39,-,-,21.860,H,-,S,N,3,0,1,2,A,-,08,22107,,N,B,C,A,A,H,-,A,D,0,,,Y,,Y,,C,02,0,1,0,0,0,0,0,0,1,"- ","- ",,,ORANGE,"LA HABRA",-117.94811248779297,33.939167022705078
9301353,2021,2021-08-19,3000,2021-07-10,1603,9722,972A6,6,5,4,3029,0,0,0,,0,136,"PACIFIC COAST HWY","DOHENY PARK PLZ",20.00,N,N,A,-,N,,,,,,,,,,N,3,0,1,2,A,-,03,22350,,N,C,C,A,A,H,-,A,A,0,,,Y,,Y,,C,02,0,1,0,0,0,0,0,0,1,"- ","- ",,,ORANGE,"DANA POINT",-117.68545532226562,33.464508056640625
9301376,2021,2021-08-24,3011,2021-08-03,1359,31407,36,2,5,4,3011,0,0,0,,0,002,"RT 1","FOREST AV",0.00,,Y,A,-,Y,ORA,12,1,-,-,9.291,I,5,S,Y,3,0,1,2,A,-,03,22350,,N,C,C,A,A,H,-,A,A,0,,,Y,,Y,,C,02,0,1,0,0,0,0,0,0,1,"- ","- ",,,ORANGE,"LAGUNA BEACH",-117.78341674804688,33.54205322265625
9301784,2021,2021-11-30,3012,2021-08-02,1642,629,34,1,5,5,3012,0,0,0,,0,003,"RT 39",SHEFFIELD,0.00,,Y,A,-,Y,ORA,12,39,-,-,19.511,I,5,S,N,1,1,1,3,A,-,09,21801,A,N,A,C,F,A,H,-,A,D,0,Y,,Y,,Y,,D,22,0,0,1,0,1,0,0,1,0,"- ","- ",,,ORANGE,"LA HABRA",-117.96788787841797,33.922103881835938
9309296,2021,2021-09-23,3009,2021-04-17,1253,4352,132,6,5,6,3009,0,0,0,,0,021,"CHAPMAN AV","WEST ST",176.00,E,N,A,-,N,,,,,,,,,,N,2,0,1,2,A,-,09,21804,A,N,B,C,A,A,H,-,A,A,0,,,Y,,Y,,A,01,1,0,0,0,0,0,0,0,1,"- ","- ",,,ORANGE,"GARDEN GROVE",-117.92317199707031,33.788738250732422
9309708,2021,2021-08-24,3003,2021-06-24,1724,1262,3003,4,5,5,3003,0,0,0,,0,002,"BURNHAM AV","FRANKLIN ST",175.00,S,N,A,-,N,,,,,,,,,,Y,3,0,1,2,D,-,00,,,N,D,C,A,A,H,-,A,D,0,,,Y,,Y,Y,-,"- ",0,1,0,0,0,0,0,0,1,"- ","- ",33.875900268554688,-118.00389862060547,ORANGE,"BUENA PARK",-118.00395202636719,33.876331329345703
9312233,2021,2021-09-07,3010,2021-07-31,1140,1221,359,6,5,6,3010,0,0,0,,0,004,"RT 1",17TH,126.00,S,N,A,-,Y,ORA,12,1,-,-,25.500,H,-,S,Y,4,0,1,3,A,-,08,22107,,N,B,E,A,A,H,-,A,A,0,,,Y,,Y,,C,02,0,0,1,0,0,0,0,0,1,"- ","- ",,,ORANGE,"HUNTINGTON BEACH",-118.01226806640625,33.664524078369141
9312318,2021,2021-09-07,3003,2021-08-13,2016,1260,3003,5,5,5,3003,0,0,0,,0,004,"BEACH BL","AZALEA DR",9.00,S,N,A,-,N,,,,,,,,,,Y,2,0,3,2,A,-,09,21801,A,N,D,D,A,A,H,-,C,D,0,,,Y,,Y,Y,A,01,1,0,2,0,0,0,0,0,1,"- ","- ",33.511329650878906,-117.59529113769531,ORANGE,"BUENA PARK",-117.99788665771484,33.853805541992188
9312336,2021,2021-09-14,3026,2021-08-24,1636,7094,,2,5,6,3026,0,0,0,,0,00P,"SAN CANYON AV","MARINE WY",58.00,N,N,A,-,Y,ORA,12,5,-,R,23.960,R,4,N,Y,2,0,1,2,A,-,08,22100,A,N,C,C,A,A,H,-,A,A,0,,,Y,,Y,,A,07,1,0,0,0,0,0,0,0,1,"- ","- ",,,ORANGE,IRVINE,-117.75803375244141,33.677825927734375
9312472,2021,2021-09-09,3009,2021-07-18,1700,4659,075,7,5,6,3009,0,0,0,,0,013,"GARDEN GROVE BL","JOSEPHINE ST",287.00,E,N,A,-,N,,,,,,,,,,Y,3,0,1,1,A,-,03,22350,,N,H,A,A,A,H,-,A,D,0,,,Y,,Y,,C,02,0,1,0,0,0,0,0,0,1,"- ","- ",,,ORANGE,"GARDEN GROVE",-117.97867584228516,33.773960113525391
9314182,2021,2021-10-16,3000,2021-08-10,0800,5489,921E7,2,5,4,3049,0,0,0,,0,782,"ALISO CREEK RD",LIBERTY,17.00,N,N,A,-,N,,,,,,,,,,N,4,0,1,1,A,-,08,22107,,N,H,J,A,A,H,-,A,A,0,,,Y,,Y,,C,02,0,0,1,0,0,0,0,0,1,"- ","- ",,,ORANGE,"ALISO VIEJO",-117.72549438476562,33.559555053710938
9316716,2021,2021-09-16,3000,2021-07-04,1920,10118,HJC,7,5,4,3029,0,0,0,,0,4A34,"CAMINO CAPISTRANO","VIA CATALINA",6.00,S,N,A,-,N,,,,,,,,,,N,2,0,1,2,A,-,03,22350,,N,E,E,A,A,H,-,A,D,0,,,Y,,Y,,C,02,1,0,0,0,0,0,0,0,1,"- ","- ",,,ORANGE,"DANA POINT",-117.66976165771484,33.459407806396484
9316720,2021,2021-09-16,3002,2021-07-25,0350,3893,741B4,7,5,5,3025,0,0,0,,0,004,"MISSION HILLS LN","CRESCENT DR",65.00,W,N,A,-,N,,,,,,,,,,Y,3,0,1,1,A,-,03,22350,,N,E,I,A,A,H,-,C,D,0,,,Y,,Y,,C,02,0,1,0,0,0,0,0,0,1,"- ","- ",,,ORANGE,"YORBA LINDA",-117.74333953857422,33.885673522949219
9317058,2021,2021-08-30,3004,2021-05-29,2031,P689,08,6,5,6,3004,0,0,0,,0,012,"VICTORIA ST",BROOKHURST,920.00,E,N,A,-,N,,,,,,,,,,N,4,0,1,2,A,-,03,22350,A,N,C,C,A,A,H,-,C,D,0,,,Y,,Y,,C,02,0,0,1,0,0,0,0,0,1,"- ","- ",33.650638580322266,-117.95040130615234,ORANGE,"COSTA MESA",-117.95877075195312,33.829631805419922
9318119,2021,2021-10-01,3000,2021-08-08,1255,2849,862D7,7,5,5,3050,0,0,0,,0,764,"EL TORO RD","PORTOLA PKWY",400.00,W,N,A,-,N,,,,,,,,,,Y,3,0,1,1,A,-,03,22350,,N,F,A,A,A,H,-,A,D,0,,,Y,,Y,,C,02,0,1,0,0,0,0,0,0,1,"- ","- ",,,ORANGE,"LAKE FOREST",-117.65387725830078,33.659496307373047
9318171,2021,2021-10-02,3009,2021-08-27,2040,4587,112,5,5,6,3009,0,0,0,,0,021,"EUCLID ST","CHAPMAN AV",0.00,,Y,A,-,N,,,,,,,,,,Y,2,0,1,2,A,-,12,21453,A,N,D,C,A,A,H,-,C,A,0,,,Y,,Y,,A,01,1,0,0,0,0,0,0,0,1,"- ","- ",,,ORANGE,"GARDEN GROVE",-117.94126129150391,33.788673400878906
9318462,2021,2021-10-01,3000,2021-08-12,1946,6717,"891 G",4,5,5,3050,0,0,0,,0,18762,"RIDGE ROUTE DR","MUIRLANDS BL",140.00,E,N,A,-,N,,,,,,,,,,N,4,0,1,2,A,-,17,21235,G,N,D,C,A,A,H,-,B,D,0,,,Y,,Y,,C,03,0,0,1,0,0,0,0,0,1,"- ","- ",33.374000549316406,-117.42160034179688,ORANGE,"LAKE FOREST",-117.70471954345703,33.628868103027344
9318591,2021,2021-09-24,3000,2021-08-10,1225,2849,892B1,2,5,5,3050,0,0,0,,0,764,MONTERRA,"OSTERMAN RD",300.00,S,N,A,-,N,,,,,,,,,,Y,2,0,1,2,A,-,03,22350,,N,F,A,A,A,H,-,A,D,0,,,Y,,Y,,C,02,1,0,0,0,0,0,0,0,1,"- ","- ",,,ORANGE,"LAKE FOREST",-117.66838073730469,33.653343200683594
9320166,2021,2021-12-09,3000,2021-03-29,1749,9170,797G2,1,5,4,3021,0,0,0,,0,021,"KNOTT AV","KERMORE LN",59.00,S,N,A,-,N,,,,,,,,,,Y,1,1,1,3,A,-,03,22350,,F,D,C,A,A,H,-,A,D,0,,,Y,,Y,,C,02,0,0,1,0,0,0,0,1,0,"- ","- ",,,ORANGE,STANTON,-118.01068878173828,33.805278778076172
9320203,2021,2021-12-21,3013,2021-08-18,1420,228,L04,3,5,3,3013,0,0,0,,0,002,"CERRITOS AV","CLAREMORE AV",470.00,E,N,A,-,N,,,,,,,,,,Y,1,1,1,2,A,-,03,22350,,N,C,C,A,A,H,-,A,D,0,,,Y,,Y,,C,02,0,1,0,0,0,0,0,1,0,"- ","- ",,,ORANGE,"LOS ALAMITOS",,
9320220,2021,2021-12-27,3011,2021-08-07,2215,31407,37,6,5,4,3011,0,0,0,,0,001,"RT 133","CANYON ACRES DR",3120.00,N,N,A,-,Y,ORA,12,133,-,-,1.550,H,-,N,Y,1,1,1,2,A,-,08,21460,5,N,D,C,A,A,H,-,C,D,0,,,Y,,Y,Y,C,02,0,1,0,0,0,0,0,1,0,"- ","- ",,,ORANGE,"LAGUNA BEACH",-117.77175903320312,33.561779022216797
9320361,2021,2023-06-17,3009,2021-10-16,0059,3927,144,6,5,6,3009,0,0,0,,0,2-2,"HARBOR BL","PALM ST",0.00,,Y,A,-,N,,,,,,,,,,Y,1,1,0,1,A,-,03,22350,,N,H,J,A,A,H,-,C,A,0,,,Y,,Y,Y,C,02,0,0,0,0,0,0,0,1,0,"- ","- ",,,ORANGE,"GARDEN GROVE",-117.91519927978516,33.777271270751953
9320420,2021,2023-06-17,3009,2021-07-24,1832,4626,153,6,5,6,3009,0,0,0,,0,"2 2","HASTER ST","LAMPSON AV",64.00,S,N,A,-,N,,,,,,,,,,Y,1,1,0,2,A,-,01,23153,A,N,D,C,A,A,H,-,A,D,0,,,Y,,Y,Y,D,22,0,0,0,0,0,0,0,1,0,"- ","- ",,,ORANGE,"GARDEN GROVE",-117.90618896484375,33.781505584716797
9320583,2021,2022-04-12,3000,2021-04-14,2149,2647,992G3,3,5,5,3017,0,0,0,,0,017,"EL CAMINO REAL","BOCA DE LA PLAYA",93.00,N,N,A,-,N,,,,,,,,,,Y,1,1,0,2,A,-,10,21950,A,F,G,B,B,A,H,-,C,D,0,Y,,Y,,Y,,C,02,0,0,0,1,0,0,0,0,0,"- ","- ",33.432781219482422,-117.63021850585938,ORANGE,"SAN CLEMENTE",-117.62996673583984,33.432758331298828
9320939,2022,2022-11-09,3000,2022-06-21,2131,8737,797J1,2,5,4,3021,0,0,0,,0,022,"RT 39","STARR ST",0.00,,Y,B,-,Y,ORA,12,39,-,-,11.485,I,5,N,Y,1,1,1,2,A,-,01,23152,A,N,D,C,A,A,H,-,C,A,0,,,Y,,Y,Y,D,22,0,1,0,0,0,0,0,1,0,"- ","- ",33.814689636230469,-117.99317169189453,ORANGE,STANTON,-117.99314880371094,33.814704895019531
9321096,2021,2022-08-29,3010,2021-09-11,2017,3858,173,6,5,6,3010,0,0,0,,0,008,"RT 1","WARNER AV",4455.00,S,N,A,-,Y,ORA,12,1,-,-,29.040,H,-,S,Y,1,1,2,4,A,-,03,22349,A,N,D,C,A,A,H,-,D,D,0,,,Y,,Y,,C,02,1,0,1,0,0,0,0,1,1,"- ","- ",,,ORANGE,"HUNTINGTON BEACH",-118.05352020263672,33.702293395996094
9321307,2022,2022-07-26,3004,2022-06-04,1900,P542,21,6,5,6,3004,0,0,0,,0,015,"BEAR ST","RT 73",10.00,S,N,A,-,Y,ORA,12,73,-,R,27.416,R,4,S,Y,4,0,1,1,A,-,08,22107,,N,F,A,A,A,H,-,A,A,0,,,Y,,Y,,C,02,0,0,1,0,0,0,0,0,1,"- ",SF,33.690498352050781,-117.89209747314453,ORANGE,"COSTA MESA",-117.89492797851562,33.683036804199219
9321570,2021,2021-10-05,3012,2021-08-12,0825,611,41,4,5,5,3012,0,0,0,,0,004,"LAMBERT RD","EUCLID ST",0.00,,Y,A,-,N,,,,,,,,,,N,2,0,2,2,A,-,09,21802,A,N,A,C,A,A,H,-,A,A,0,,,Y,,Y,,A,01,1,1,0,0,0,0,0,0,1,"- ","- ",,,ORANGE,"LA HABRA",-117.94611358642578,33.924610137939453
9322747,2021,2021-10-05,3000,2021-07-03,1616,9431,797J4,6,5,4,3021,0,0,0,,0,024,"BEACH BL","BEVER PL",93.00,N,N,A,-,Y,ORA,12,39,-,-,9.880,H,-,N,N,4,0,1,2,A,-,03,22350,,N,C,C,A,A,H,-,A,D,0,,,Y,,Y,,C,02,0,0,1,0,0,0,0,0,1,"- ","- ",,,ORANGE,STANTON,-117.99288940429688,33.791336059570312
9323369,2021,2021-10-04,3009,2021-08-23,1535,4748,105,1,5,6,3009,0,0,0,,0,1-3,"GARDEN GROVE BL","CYPRESS ST",7.00,W,N,A,-,N,,,,,,,,,,Y,3,0,1,2,A,-,03,22350,,N,D,C,A,A,H,-,A,A,0,,,Y,,Y,,C,02,0,1,0,0,0,0,0,0,1,"- ","- ",,,ORANGE,"GARDEN GROVE",-117.94861602783203,33.774040222167969
9324653,2021,2021-09-21,3004,2021-07-15,1151,P459,12,4,5,6,3004,0,0,0,,0,015,"22ND ST","ORANGE AV",0.00,,Y,A,-,N,,,,,,,,,,N,3,0,1,2,A,-,12,22450,A,F,H,A,A,A,H,-,A,A,0,,,Y,,Y,,A,01,0,1,0,0,0,0,0,0,1,"- ","- ",33.649318695068359,-117.90479278564453,ORANGE,"COSTA MESA",-117.90485382080078,33.649360656738281
9325029,2021,2021-10-06,3000,2021-07-24,1420,1520,797H1,6,5,4,3021,0,0,0,,0,221,"CERRITOS AV","WESTERN AV",26.00,E,N,A,-,N,,,,,,,,,,N,3,0,1,2,A,-,03,22350,,N,C,C,A,A,H,-,A,A,0,,,Y,,Y,,A,08,0,1,0,0,0,0,0,0,1,"- ","- ",,,ORANGE,STANTON,-118.00191497802734,33.810062408447266
9325651,2021,2021-10-01,3026,2021-08-28,1121,468,,6,5,6,3026,0,0,0,,0,00U,"RED HILL AV","MITCHELL SOUTH",0.00,,Y,A,-,N,,,,,,,,,,Y,2,0,2,2,A,-,03,22350,,N,-,C,A,A,H,-,A,D,0,,,Y,,Y,,C,02,1,1,0,0,0,0,0,0,2,"- ","- ",,,ORANGE,IRVINE,-117.86292266845703,33.691024780273438
9325726,2021,2021-10-15,3026,2021-09-12,2332,635,CROSS,7,5,6,3026,0,0,0,,0,00C,"IRVINE CENTER DR","LAGUNA CANYON RD",0.00,,Y,A,-,N,,,,,,,,,,Y,3,0,1,2,A,-,03,22350,,N,C,C,A,A,H,-,C,A,0,,,Y,,Y,Y,A,01,0,1,0,0,0,0,0,0,1,"- ","- ",,,ORANGE,IRVINE,-117.76042175292969,33.666652679443359
9327053,2021,2021-10-13,3004,2021-09-14,1656,P633,11,2,5,6,3004,0,0,0,,0,015,"HAMILTON ST","HARBOR BL",0.00,,Y,A,-,N,,,,,,,,,,Y,3,0,1,2,A,-,09,21801,A,N,D,C,A,A,H,-,A,A,0,,,Y,,Y,,D,22,0,1,0,0,0,0,0,0,1,"- ","- ",33.650699615478516,-117.91909790039062,ORANGE,"COSTA MESA",-117.9190673828125,33.650749206542969
9337260,2021,2021-10-09,3000,2021-08-04,1425,10853,993A1,3,5,5,3017,0,0,0,,0,775,"CALLE AMANECER","CALLE TREPADORA",22.00,S,N,A,-,N,,,,,,,,,,Y,2,0,1,2,A,-,12,22450,A,N,D,C,A,A,H,-,A,A,0,,,Y,,Y,,A,01,1,0,0,0,0,0,0,0,1,"- ","- ",,,ORANGE,"SAN CLEMENTE",-117.60095977783203,33.452716827392578
9339601,2021,2021-10-20,3012,2021-09-10,1728,644,45,5,5,5,3012,0,0,0,,0,004,"IMPERIAL HWY","CYPRESS ST",244.00,W,N,A,-,Y,ORA,12,90,-,-,1.850,H,-,W,Y,3,0,1,2,A,-,09,21801,A,N,D,C,A,A,H,-,A,D,0,,,Y,,Y,,C,02,0,1,0,0,0,0,0,0,1,"- ","- ",,,ORANGE,"LA HABRA",-117.94461059570312,33.917404174804688
9339625,2021,2021-10-20,3012,2021-09-16,0642,611,47,4,5,5,3012,0,0,0,,0,004,"IMPERIAL HWY","IDAHO ST",88.00,E,N,B,-,Y,ORA,12,90,-,-,1.040,H,-,E,N,3,0,1,2,A,-,08,22100,A,N,B,C,A,-,H,-,A,A,0,,,Y,,Y,,A,01,0,1,0,0,0,0,0,0,1,"- ","- ",,,ORANGE,"LA HABRA",-117.95861053466797,33.917251586914062
9343936,2021,2021-10-05,3004,2021-08-14,1908,P508,15,6,5,6,3004,0,0,0,,0,004,"HARBOR BL","FAIR DR",550.00,N,N,A,-,N,,,,,,,,,,Y,3,0,3,3,A,-,03,22350,A,N,C,C,A,A,H,-,A,A,0,,,Y,,Y,,A,01,0,3,0,0,0,0,0,0,1,"- ","- ",33.664920806884766,-117.91924285888672,ORANGE,"COSTA MESA",-117.91928100585938,33.664779663085938
9345271,2021,2021-11-02,3012,2021-09-16,1550,624,42,4,5,5,3012,0,0,0,,0,004,"LAMBERT RD","CYPRESS ST",1255.00,E,N,A,-,N,,,,,,,,,,Y,4,0,1,2,A,-,03,22350,,N,D,C,A,A,H,-,A,D,0,,,Y,,Y,,C,02,0,0,1,0,0,0,0,0,1,"- ","- ",,,ORANGE,"LA HABRA",-117.9376220703125,33.924610137939453
9347425,2021,2021-10-27,3004,2021-09-29,1136,P648,02,3,5,6,3004,0,0,0,,0,007,"WEST 19TH ST","MEYER PL",10.00,W,N,A,-,N,,,,,,,,,,Y,3,0,1,2,A,-,09,21801,A,F,H,A,A,A,H,-,A,A,0,,,Y,,Y,,A,01,0,1,0,0,0,0,0,0,1,"- ","- ",33.643398284912109,-117.92479705810547,ORANGE,"COSTA MESA",-117.9248046875,33.643428802490234
9350036,2021,2021-11-08,3000,2021-09-14,1938,119,798A1,2,5,4,3021,0,0,0,,0,422,"DALE AV","CHANTICLEER RD",0.00,,Y,A,-,N,,,,,,,,,,Y,2,0,1,2,A,-,09,21801,A,N,D,C,A,A,H,-,C,A,0,,,Y,,Y,,A,07,1,0,0,0,0,0,0,0,1,"- ","- ",,,ORANGE,STANTON,-117.98451995849609,33.812442779541016
9350073,2021,2021-11-08,3009,2021-09-13,1725,4747,065,1,5,6,3009,0,0,0,,0,1-1,"LARSON AV","WILSON ST",0.00,,Y,A,-,N,,,,,,,,,,N,4,0,1,2,A,-,09,21802,A,N,D,C,A,A,H,-,A,D,0,,,Y,,Y,Y,A,01,0,0,1,0,0,0,0,0,1,"- ","- ",,,ORANGE,"GARDEN GROVE",-117.98338317871094,33.772022247314453
9352471,2021,2021-11-23,3004,2021-10-10,2211,P672,33,7,5,6,3004,0,0,0,,0,005,"BRISTOL ST","ANTON BL",190.00,N,N,A,-,N,,,,,,,,,,N,3,0,1,2,A,-,03,22350,,N,C,C,A,A,H,-,C,D,0,,,Y,,Y,,C,02,0,1,0,0,0,0,0,0,1,"- ","- ",33.690860748291016,-117.88539886474609,ORANGE,"COSTA MESA",-117.8856201171875,33.690608978271484
9353233,2021,2021-11-13,3003,2021-09-11,0740,1160,99,6,5,5,3003,0,0,0,,0,004,"WESTERN AV","LA PALMA AV",0.00,,Y,A,-,N,,,,,,,,,,Y,2,0,1,2,D,-,00,,,N,D,C,A,A,H,-,A,A,0,,,Y,,Y,,-,"- ",1,0,0,0,0,0,0,0,1,"- ","- ",33.846599578857422,-118.0023193359375,ORANGE,"BUENA PARK",-118.00238037109375,33.846633911132812
9354477,2021,2021-11-30,3000,2021-10-04,1100,2849,862A6,1,5,5,3050,0,0,0,,0,764,MONARCH,"DIMENSION DR",0.00,,Y,B,-,N,,,,,,,,,,N,4,0,1,1,A,-,08,22107,,N,E,I,A,A,H,-,A,D,0,,,Y,,Y,,C,02,0,0,1,0,0,0,0,0,1,"- ","- ",,,ORANGE,"LAKE FOREST",-117.6766357421875,33.670272827148438
9357129,2021,2021-12-06,3009,2021-10-23,1526,4498,117,6,5,6,3009,0,0,0,,0,023,"MORNINGSIDE3 DR",WARD,150.00,W,N,A,-,N,,,,,,,,,,Y,4,0,1,2,A,-,03,22350,,N,F,E,A,A,H,-,A,A,0,,,Y,,Y,,A,01,0,0,1,0,0,0,0,0,0,"- ","- ",33.756401062011719,-117.94624328613281,ORANGE,"GARDEN GROVE",-117.94673,33.756397999999997
9357149,2021,2021-11-09,3000,2021-08-20,0748,10853,992H2,5,5,5,3017,0,0,0,,0,775,"CALLE FRONTERA","AVENIDA PICO",336.00,N,N,A,-,N,,,,,,,,,,Y,3,0,1,2,A,-,21,22106,,N,D,C,A,A,H,-,A,A,0,,,Y,,Y,,A,07,0,1,0,0,0,0,0,0,1,"- ","- ",,,ORANGE,"SAN CLEMENTE",-117.61720275878906,33.442638397216797
9357308,2021,2021-11-13,3000,2021-09-02,2042,1916,921H3,4,5,4,3045,0,0,0,,0,746,"PASEO DE VALENCIA","ALICIA PKWY",26.00,N,N,A,-,N,,,,,,,,,,N,3,0,1,2,A,-,05,21650,,N,D,C,A,A,H,-,C,A,0,,,Y,,Y,,O,05,0,1,0,0,0,0,0,0,1,"- ","- ",,,ORANGE,"LAGUNA HILLS",-117.69916534423828,33.592044830322266
9357310,2021,2021-11-13,3000,2021-09-03,1807,11256,892D5,5,5,5,3028,0,0,0,,0,755,"MARGUERITE PKWY",CALIXTO,300.00,N,N,A,-,N,,,,,,,,,,Y,2,0,1,1,A,-,01,23152,A,N,E,I,A,A,H,-,A,D,0,,,Y,,Y,Y,C,02,1,0,0,0,0,0,0,0,1,"- ","- ",,,ORANGE,"MISSION VIEJO",-117.65048980712891,33.619308471679688
9363363,2021,2021-12-06,3013,2021-10-12,1407,205,L05,2,5,3,3013,0,0,0,,0,003,"CERRITOS AV","LOS ALAMITOS BL",90.00,E,N,A,-,N,,,,,,,,,,N,3,0,1,2,A,-,09,21804,A,N,D,C,A,A,H,-,A,D,0,,,Y,,Y,,A,01,0,1,0,0,0,0,0,0,1,"- ","- ",,,ORANGE,"LOS ALAMITOS",-118.07156372070312,33.810375213623047
9365799,2021,2021-12-13,3000,2021-10-16,0205,2742,992-G,6,5,5,3017,0,0,0,,0,778,"NORTH EL CAMINO REAL","AVENIDA PICO",681.00,N,N,A,-,N,,,,,,,,,,N,3,0,2,1,A,-,03,22350,,N,E,I,A,A,H,-,C,D,0,,,Y,,Y,,C,02,0,2,0,0,0,0,0,0,2,"- ","- ",,,ORANGE,"SAN CLEMENTE",-117.62905883789062,33.4326171875
9365800,2021,2021-12-13,3000,2021-10-15,1706,8926,921J5,5,5,4,3045,0,0,0,,0,745,"OSO PKWY","BRIDLEWOOD DR",575.00,E,N,A,-,N,,,,,,,,,,Y,3,0,1,2,A,-,08,22107,,F,B,C,A,A,H,-,A,D,0,,,Y,,Y,,A,07,0,1,0,0,0,0,0,0,1,"- ","- ",,,ORANGE,"LAGUNA HILLS",-117.68099975585938,33.580707550048828
9366329,2021,2021-11-23,3003,2021-09-17,1322,1089,,5,5,5,3003,0,0,0,,0,004,"ORANGETHORPE AV","WESTERN AV",0.00,,Y,A,-,N,,,,,,,,,,Y,2,0,1,2,A,-,08,22107,,N,D,C,A,A,H,-,A,D,0,,,Y,,Y,,A,01,1,0,0,0,0,0,0,0,1,"- ","- ",33.858898162841797,-118.002197265625,ORANGE,"BUENA PARK",-118.00247955322266,33.858963012695312
9367151,2021,2021-12-15,3011,2021-11-18,1814,31524,26,4,5,4,3011,0,0,0,,0,001,"N COAST HWY","MYRTLE ST",0.00,,Y,A,-,Y,ORA,12,1,-,-,9.851,I,5,S,Y,3,0,1,2,A,-,08,22107,,N,D,C,A,A,H,-,C,A,0,,,Y,,Y,,A,01,0,1,0,0,0,0,0,0,1,"- ","- ",,,ORANGE,"LAGUNA BEACH",-117.79225158691406,33.545234680175781
9369197,2021,2021-12-15,3004,2021-11-13,1718,P634,27,6,5,6,3004,0,0,0,,0,015,"MACARTHUR BL","HARBOR BL",95.00,W,N,A,-,N,,,,,,,,,,Y,3,0,2,3,A,-,01,23152,A,N,C,C,A,A,H,-,C,A,0,,,Y,,Y,Y,C,02,0,2,0,0,0,0,0,0,1,"- ","- ",33.701969146728516,-117.9202880859375,ORANGE,"COSTA MESA",-117.91996002197266,33.702018737792969
9370886,2021,2022-01-10,3004,2021-12-01,1047,P462,04,3,5,6,3004,0,0,0,,0,006,"E ALMOND AV","RAYMOND AV",26.00,W,N,A,-,N,,,,,,,,,,N,3,0,1,1,A,-,03,22350,,N,E,I,A,A,H,-,A,D,0,,,Y,,Y,,O,05,0,1,0,0,0,0,0,0,1,"- ","- ",33.632091522216797,-117.91377258300781,ORANGE,"COSTA MESA",,
9374366,2021,2022-01-07,3005,2021-12-06,0743,8041,C22,1,5,4,3005,0,0,0,,0,002,"BALL RD","GRAHAM ST",0.00,,Y,B,-,N,,,,,,,,,,N,3,0,1,2,A,-,09,21802,A,N,D,C,A,B,H,-,A,A,0,,,Y,,Y,,A,01,0,1,0,0,0,0,0,0,1,"- ","- ",,,ORANGE,CYPRESS,-118.03466033935547,33.816978454589844
9378036,2021,2022-01-14,3000,2021-11-11,1355,9934,891J7,4,5,5,3028,0,0,0,,0,,"ALICIA PKWY","ALTHEA AV",305.00,W,N,A,-,N,,,,,,,,,,Y,2,0,1,2,A,-,03,22350,,N,C,C,A,A,H,-,A,D,0,,,Y,,Y,,C,02,1,0,0,0,0,0,0,0,1,"- ","- ",,,ORANGE,"MISSION VIEJO",-117.68473815917969,33.611293792724609
9378411,2021,2021-12-08,3011,2021-11-23,1451,31407,35,2,5,4,3011,0,0,0,,0,001,"RT 133",ACACIA,50.00,N,N,A,-,Y,ORA,12,133,-,-,0.240,H,-,S,Y,3,0,1,1,A,-,03,22350,,N,F,A,A,A,H,-,A,D,0,,,Y,,Y,,C,02,0,1,0,0,0,0,0,0,1,"- ","- ",,,ORANGE,"LAGUNA BEACH",-117.78273773193359,33.545429229736328
9378577,2021,2021-12-16,3003,2021-11-25,1802,1184,,4,5,5,3003,0,0,0,,0,,"BEACH BL","STAGE RD",77.00,W,N,A,-,Y,ORA,12,39,-,-,16.130,I,6,S,N,3,0,1,2,A,-,12,21453,A,N,B,C,A,A,H,-,C,A,0,,,Y,,Y,,C,02,0,1,0,0,0,0,0,0,1,"- ","- ",,,ORANGE,"BUENA PARK",-117.99815368652344,33.881614685058594
9379032,2021,2021-12-31,3000,2021-12-18,1041,2785,891E5,6,5,4,3045,0,0,0,,0,784,"LAKE FOREST DR","AVENIDA DE LA CARLOTA",97.00,W,N,A,-,Y,ORA,12,5,-,-,20.178,R,4,S,Y,4,0,1,1,A,-,03,22350,,N,F,A,A,A,H,-,A,D,0,,,Y,,Y,,C,02,0,0,1,0,0,0,0,0,1,"- ","- ",,,ORANGE,"LAGUNA HILLS",-117.72412109375,33.631435394287109
9379575,2022,2022-01-31,3011,2022-01-12,1554,31543,71,3,5,4,3011,0,0,0,,0,001,"RT 133","CANYON ACRES",4858.00,N,N,B,-,Y,ORA,12,133,-,-,1.880,H,-,N,Y,2,0,1,2,A,-,03,22350,,N,D,C,A,A,H,-,A,D,0,,,Y,,Y,,C,02,1,0,0,0,0,0,0,0,1,"- ","- ",,,ORANGE,"LAGUNA BEACH",-117.76721954345703,33.563274383544922
9379968,2022,2022-02-28,3009,2022-01-21,1751,4626,135,5,5,6,3009,0,0,0,,0,023,"TRASK AV","NEWHOPE ST",0.00,,Y,A,-,N,,,,,,,,,,Y,4,0,1,2,A,-,09,21801,A,N,D,C,A,A,H,-,C,A,0,,,Y,,Y,,C,02,0,0,1,0,0,0,0,0,1,"- ","- ",,,ORANGE,"GARDEN GROVE",-117.92902374267578,33.767002105712891
9380377,2021,2022-01-24,3026,2021-11-17,1007,6352,,3,5,6,3026,0,0,0,,0,00C,"IRVINE CENTER DR","JEFFREY RD",18.00,W,N,A,-,N,,,,,,,,,,N,2,0,1,2,D,-,00,,,N,B,C,A,A,H,-,A,A,0,,,Y,,Y,,-,"- ",1,0,0,0,0,0,0,0,1,"- ","- ",,,ORANGE,IRVINE,-117.77894592285156,33.679569244384766
9380382,2021,2022-01-28,3009,2021-12-28,1643,4748,093,2,5,6,3009,0,0,0,,0,012,"BROOKHURST ST","CHAPMAN AV",295.00,N,N,A,-,N,,,,,,,,,,Y,2,0,1,3,A,-,08,22107,,N,B,C,A,A,H,-,C,A,0,,,Y,,Y,,D,22,1,0,0,0,0,0,0,0,1,"- ","- ",,,ORANGE,"GARDEN GROVE",-117.95883941650391,33.789337158203125
9380593,2022,2022-01-27,3009,2022-01-04,1615,3927,082,2,5,6,3009,0,0,0,,0,1-2,"SHELLEY DR","MAGNOLIA ST",88.00,E,N,A,-,N,,,,,,,,,,Y,2,0,1,3,A,-,03,22350,,N,A,E,A,A,H,-,A,D,0,,,Y,,Y,,C,02,1,0,0,0,0,0,0,0,1,"- ","- ",,,ORANGE,"GARDEN GROVE",-117.97520446777344,33.793865203857422
9380597,2022,2022-01-27,3009,2022-01-09,2019,4021,075,7,5,6,3009,0,0,0,,0,1-3,"MAGNOLIA ST","CANNERY ST",79.00,S,N,A,-,N,,,,,,,,,,Y,3,0,1,1,A,-,03,22350,,N,A,I,A,A,H,-,A,A,0,,,Y,,Y,,C,02,0,1,0,0,0,0,0,0,1,"- ","- ",,,ORANGE,"GARDEN GROVE",-117.97259521484375,33.772006988525391
9382245,2021,2021-12-27,3009,2021-11-29,1654,4762,082,1,5,6,3009,0,0,0,,0,012,"GILBERT ST","CELLINI AV",0.00,,Y,A,-,N,,,,,,,,,,Y,4,0,1,2,A,-,09,21801,A,N,C,A,A,A,A,-,C,A,0,,,Y,,Y,,A,07,0,0,1,0,0,0,0,0,1,"- ","- ",,,ORANGE,"GARDEN GROVE",-117.96743011474609,33.789508819580078
9389523,2021,2022-05-24,3000,2021-12-22,1425,8521,922A2,3,5,5,3028,0,0,0,,0,,"LA PAZ RD","MUIRLANDS BL",0.00,,Y,A,-,N,,,,,,,,,,N,4,0,1,2,A,-,06,21750,A,N,B,C,A,A,H,-,A,A,0,,,Y,Y,Y,,C,02,0,0,1,0,0,0,0,0,1,"- ","- ",,,ORANGE,"MISSION VIEJO",-117.6756591796875,33.599258422851562
9390895,2021,2022-01-25,3012,2021-12-21,1701,693,32,2,5,5,3012,0,0,0,,0,003,"W LAMBERT RD","BEACH BL",772.00,E,N,A,-,N,,,,,,,,,,N,3,0,1,3,A,-,09,21801,A,N,A,C,A,A,H,-,C,D,0,,,Y,,Y,,A,01,0,1,0,0,0,0,0,0,1,"- ","- ",,,ORANGE,"LA HABRA",-117.96517181396484,33.924541473388672
9391824,2021,2022-01-20,3012,2021-11-21,1713,702,35,7,5,5,3012,0,0,0,,0,003,"S IDAHO ST","W LAS LOMAS DR",0.00,,Y,A,-,N,,,,,,,,,,Y,3,0,1,2,A,-,03,22350,,N,C,C,A,A,H,-,C,D,0,,,Y,,Y,,A,01,0,1,0,0,0,0,0,0,1,"- ","- ",,,ORANGE,"LA HABRA",-117.95919036865234,33.921504974365234
9392773,2022,2022-02-01,3004,2022-01-14,1246,P676,09,5,5,6,3004,0,0,0,,0,009,"PLACENTIA AV","VICTORIA ST",0.00,,Y,A,-,N,,,,,,,,,,Y,3,0,1,2,A,-,01,23152,F,N,A,C,A,A,H,-,A,A,0,,,Y,,Y,,C,02,0,1,0,0,0,0,0,0,1,"- ","- ",33.652000427246094,-117.93199920654297,ORANGE,"COSTA MESA",-117.93209838867188,33.652458190917969
9396572,2022,2022-02-17,3026,2022-01-02,1244,663,CROSS,7,5,6,3026,0,0,0,,0,00C,"WALNUT AV","JAMBOREE RD",0.00,,Y,A,-,N,,,,,,,,,,Y,4,0,1,1,A,-,03,22350,A,N,E,I,A,A,H,-,A,A,0,,,Y,,Y,,C,02,0,0,1,0,0,0,0,0,1,"- ","- ",,,ORANGE,IRVINE,-117.80094146728516,33.711921691894531
9401826,2022,2022-02-22,3000,2022-01-03,1024,9606,892C3,1,5,5,3028,0,0,0,,0,M56,"LOS ALISOS BL","VIA NOVENO",458.00,E,N,A,-,N,,,,,,,,,,Y,3,0,1,1,A,-,08,22107,,N,B,I,A,A,H,-,A,D,0,,,Y,,Y,,C,02,0,1,0,0,0,0,0,0,1,"- ","- ",,,ORANGE,"MISSION VIEJO",-117.66068267822266,33.637229919433594
9403504,2021,2022-03-21,3000,2021-12-06,0820,10933,891J5,1,5,5,3028,0,0,0,,0,750,"LOS ALISOS BL","JERONIMO RD",114.00,N,N,A,-,N,,,,,,,,,,N,2,0,1,1,A,-,03,22350,,N,F,-,A,A,H,-,A,A,0,,,Y,,Y,,C,02,1,0,0,0,0,0,0,0,1,"- ","- ",,,ORANGE,"MISSION VIEJO",-117.68496704101562,33.623222351074219
9404595,2022,2022-02-15,3009,2022-01-17,1727,3086,101W,1,5,6,3009,0,0,0,,0,012,"CHAPMAN AV","PARK LN",133.00,E,N,A,-,N,,,,,,,,,,N,3,0,1,2,A,-,07,21658,A,M,H,A,A,A,H,-,C,A,0,,,Y,,Y,,-,99,0,1,0,0,0,0,0,0,1,"- ","- ",,,ORANGE,"GARDEN GROVE",-117.95519256591797,33.788600921630859
9404848,2021,2022-12-06,3000,2021-08-01,1151,5036,892D4,7,5,5,3028,0,0,0,,0,750,"MARGUERITE PKWY",ALERZAL,173.00,N,N,A,-,N,,,,,,,,,,Y,2,0,1,2,A,-,08,22107,,N,B,C,A,A,H,-,A,D,0,,,Y,,Y,,A,07,1,0,0,0,0,0,0,0,1,"- ","- ",,,ORANGE,"MISSION VIEJO",-117.65161895751953,33.625690460205078
9406326,2021,2022-02-18,3000,2021-08-09,1740,10077,891J5,1,5,5,3050,0,0,0,,0,,"JERONIMO RD","LOS ALISOS BL",0.00,,N,A,-,N,,,,,,,,,,N,3,0,1,1,B,-,22,,,N,E,I,A,A,H,-,A,D,0,,,Y,,Y,,C,03,0,1,0,0,0,0,0,0,1,"- ","- ",,,ORANGE,"LAKE FOREST",-117.68521881103516,33.622993469238281
9406713,2022,2022-03-02,3005,2022-02-11,1809,8321,C35,5,5,4,3005,0,0,0,,0,003,"CERRITOS AV","HOLDER ST",0.00,,Y,A,-,N,,,,,,,,,,Y,3,0,1,2,A,-,09,21801,A,N,D,C,A,A,H,-,-,A,0,,,Y,,Y,,A,08,0,1,0,0,0,0,0,0,1,"- ","- ",,,ORANGE,CYPRESS,-118.01943969726562,33.809913635253906
9407903,2022,2022-06-17,3009,2022-05-06,1453,3819,154,5,5,6,3009,0,0,0,,0,"2 2","HASTER ST","GARDEN GROVE BL",313.00,N,N,A,-,N,,,,,,,,,,Y,3,0,1,2,A,-,08,22107,,N,B,C,A,A,H,-,A,D,0,,,Y,,Y,,A,01,0,1,0,0,0,0,0,0,1,"- ","- ",,,ORANGE,"GARDEN GROVE",-117.90612030029297,33.775367736816406
9413718,2022,2022-03-09,3011,2022-02-05,1740,31562,0,6,5,4,3011,0,0,0,,0,,"FOREST AV","BROADWAY ST",0.00,,N,A,-,Y,ORA,12,133,-,-,0.317,I,5,N,Y,3,0,1,2,A,-,03,22350,,N,E,I,A,A,H,-,A,A,0,,,Y,,Y,,C,02,0,1,0,0,0,0,0,0,1,"- ","- ",,,ORANGE,"LAGUNA BEACH",-117.78218841552734,33.546298980712891
9414993,2022,2022-03-02,3004,2022-02-12,1756,P677,26,6,5,6,3004,0,0,0,,0,015,"GISLER AV","IOWA ST",0.00,,Y,A,-,N,,,,,,,,,,Y,3,0,1,2,A,-,08,22107,,N,D,C,A,A,H,-,C,D,0,,,Y,,Y,,A,01,0,1,0,0,0,0,0,0,1,"- ","- ",33.687099456787109,-117.92169952392578,ORANGE,"COSTA MESA",-117.93787384033203,33.687080383300781
9418206,2022,2022-03-29,3000,2022-02-03,0620,10682,797H2,4,5,4,3021,0,0,0,,0,021,"SYRACUSE AV","ASBURY AV",39.00,W,N,A,-,N,,,,,,,,,,Y,3,0,1,2,A,-,03,22350,,N,C,E,A,A,H,-,B,D,0,,,Y,,Y,,C,02,0,1,0,0,0,0,0,0,1,"- ","- ",,,ORANGE,STANTON,-118.00432586669922,33.804859161376953
9418669,2022,2022-03-25,3000,2022-01-06,1723,10162,797G2,4,5,4,3021,0,0,0,,0,021,"KATELLA AV","BRADFORD PL",361.00,W,N,A,-,N,,,,,,,,,,N,3,0,1,2,A,-,09,21801,A,N,B,C,A,A,H,-,C,A,0,,,Y,,Y,,A,01,0,1,0,0,0,0,0,0,1,"- ","- ",,,ORANGE,STANTON,-118.00881195068359,33.802818298339844
9418676,2022,2022-03-25,3000,2022-01-02,1030,8926,921H3,7,5,4,3045,0,0,0,,0,745,"PASEO DE VALENCIA","ALICIA PKWY",16.00,S,N,A,-,N,,,,,,,,,,Y,2,0,1,2,A,-,09,21804,A,N,D,C,A,A,H,-,A,D,0,,,Y,,Y,,A,01,1,0,0,0,0,0,0,0,1,"- ","- ",,,ORANGE,"LAGUNA HILLS",-117.69908905029297,33.592010498046875
9419504,2022,2022-04-12,3000,2022-02-12,1635,9342,797J5,6,5,4,3021,0,0,0,,0,023,"BEACH BL","PARK PLZ",0.00,,Y,A,-,Y,ORA,12,39,-,-,9.536,I,5,N,Y,2,0,1,2,A,-,09,21801,A,N,D,C,A,A,H,-,A,D,0,,,Y,,Y,,A,01,1,0,0,0,0,0,0,0,1,"- ","- ",,,ORANGE,STANTON,-117.99284362792969,33.786403656005859
9419552,2022,2022-04-08,3011,2022-03-14,1544,31407,71,1,5,4,3011,0,0,0,,0,001,"RT 133","RAQUEL RD",170.00,N,N,A,-,Y,ORA,12,133,-,-,2.530,H,-,N,N,4,0,1,2,A,-,06,21755,,N,B,C,A,A,H,-,A,D,0,,,Y,,Y,,C,02,0,0,1,0,0,0,0,0,1,"- ","- ",,,ORANGE,"LAGUNA BEACH",-117.76323699951172,33.57025146484375
9420114,2022,2022-04-27,3000,2022-03-20,1713,9220,972B2,7,5,4,3018,0,0,0,,0,730,"ALIPAZ ST","VIA POSITIVA",723.00,N,N,A,-,N,,,,,,,,,,N,2,0,1,3,A,-,08,22107,,N,B,E,A,A,H,-,A,D,0,,,Y,,Y,,C,02,1,0,0,0,0,0,0,0,1,"- ","- ",,,ORANGE,"SAN JUAN CAPISTRANO",-117.67082977294922,33.492416381835938
9420131,2022,2022-04-27,3000,2022-03-22,1911,11172,992H4,2,5,5,3017,0,0,0,,0,174,"NORTH EL CAMINO REAL","E CANADA",0.00,,Y,A,-,N,,,,,,,,,,N,4,0,1,2,A,-,09,21801,A,N,D,C,A,A,H,-,B,D,0,,,Y,,Y,,A,01,0,0,1,0,0,0,0,0,1,"- ","- ",,,ORANGE,"SAN CLEMENTE",-117.61978912353516,33.430507659912109
9422070,2022,2022-05-18,3005,2022-04-05,2118,8298,C28,2,5,4,3005,0,0,0,,0,003,"VALLEY VIEW ST","BELLE AV",370.00,S,N,A,-,N,,,,,,,,,,N,3,0,1,2,A,-,09,21804,A,N,C,C,A,A,H,-,C,D,0,,,Y,,Y,,C,02,0,1,0,0,0,0,0,0,1,"- ","- ",,,ORANGE,CYPRESS,-118.02828216552734,33.813854217529297
9422381,2022,2022-05-03,3005,2022-03-07,1450,8313,C40,1,5,4,3005,0,0,0,,0,003,"KATELLA AV","VALLEY VIEW ST",0.00,,Y,A,-,N,,,,,,,,,,Y,3,0,1,1,A,-,03,22350,,N,A,J,A,A,H,-,A,D,0,,,Y,,Y,,C,02,0,1,0,0,0,0,0,0,1,"- ","- ",,,ORANGE,CYPRESS,-118.0284423828125,33.802883148193359
9426011,2022,2022-03-30,3011,2022-03-11,1620,31448,52,5,5,4,3011,0,0,0,,0,002,"THALIA ST","AVALON AV",0.00,,Y,A,-,N,,,,,,,,,,Y,4,0,1,2,A,-,03,22350,,N,D,C,A,A,H,-,A,A,0,,,Y,,Y,,C,03,0,0,1,0,0,0,0,0,1,"- ","- ",,,ORANGE,"LAGUNA BEACH",-117.77593231201172,33.537185668945312
9426265,2022,2022-04-06,3003,2022-03-02,1645,1184,,3,5,5,3003,0,0,0,,0,,"BALL RD","YOSEMITE DR",0.00,,Y,A,-,N,,,,,,,,,,Y,2,0,1,2,A,-,09,21804,A,N,D,C,A,A,H,-,A,A,0,,,Y,,Y,,A,01,1,0,0,0,0,0,0,0,1,"- ","- ",33.490200042724609,-118.00550079345703,ORANGE,"BUENA PARK",-118.01557159423828,33.817211151123047
9427197,2022,2022-04-15,3026,2022-03-13,0521,614,PORTO,7,5,6,3026,0,0,0,,0,00P,"IRVINE BL","SAND CANYON AV",0.00,,Y,A,-,N,,,,,,,,,,Y,3,0,1,2,A,-,01,23152,A,N,C,C,A,A,H,-,C,A,0,,,Y,,Y,Y,A,01,0,1,0,0,0,0,0,0,1,"- ","- ",,,ORANGE,IRVINE,-117.73843383789062,33.698574066162109
9427342,2022,2022-04-20,3004,2022-03-22,1607,P651,02,2,5,6,3004,0,0,0,,0,007,"WEST 19TH ST","PARK AV",0.00,,Y,A,-,N,,,,,,,,,,N,4,0,1,2,A,-,09,21801,A,N,B,C,A,A,H,-,A,A,0,,,Y,,Y,,A,01,0,0,1,0,0,0,0,0,1,"- ","- ",33.643299102783203,-117.92111206054688,ORANGE,"COSTA MESA",-117.92115020751953,33.6434326171875
9428339,2022,2022-05-11,3004,2022-04-03,1954,P709,19,7,5,6,3004,0,0,0,,0,015,"MADEIRA AV","CEYLON RD",69.00,S,N,A,-,N,,,,,,,,,,Y,3,0,1,2,A,-,01,23152,A,N,A,C,A,A,H,-,C,D,0,,,Y,,Y,Y,C,06,0,1,0,0,0,0,0,0,1,"- ","- ",33.683708190917969,-117.93128204345703,ORANGE,"COSTA MESA",-117.93128967285156,33.683750152587891
9428706,2022,2022-04-21,3013,2022-02-25,1714,203,L09,5,5,3,3013,0,0,0,,0,005,"KATELLA AV","PORTAL DR",317.00,W,N,A,-,N,,,,,,,,,,Y,2,0,1,3,A,-,03,22350,,N,C,C,A,A,H,-,A,D,0,,,Y,,Y,,C,02,1,0,0,0,0,0,0,0,1,"- ","- ",,,ORANGE,"LOS ALAMITOS",-118.06094360351562,33.803001403808594
9428798,2022,2022-05-10,3005,2022-04-07,1115,8236,C22,4,5,4,3005,0,0,0,,0,002,"BALL RD","VALLEY VIEW ST",200.00,W,N,A,-,N,,,,,,,,,,N,3,0,1,2,A,-,09,21804,A,N,B,C,A,A,H,-,A,D,0,,,Y,,Y,,A,01,0,1,0,0,0,0,0,0,1,"- ","- ",,,ORANGE,CYPRESS,-118.02897644042969,33.817039489746094
9429222,2022,2022-04-11,3002,2022-03-20,0210,3893,740B4,7,5,5,3025,0,0,0,,0,002,"IMPERIAL HWY","YORBA LINDA",143.00,N,N,B,C,N,,,,,,,,,,Y,3,0,1,1,A,-,01,23152,A,N,E,I,A,B,H,-,C,A,0,,,Y,,Y,Y,C,02,0,1,0,0,0,0,0,0,1,"- ","- ",,,ORANGE,"YORBA LINDA",-117.81370544433594,33.888916015625
9430331,2022,2022-04-04,3000,2022-02-19,1648,5163,952A1,6,5,5,3040,0,0,0,,0,18743,"FORBES RD","CROWN VALLEY PKWY",1525.00,S,N,A,-,N,,,,,,,,,,N,3,0,1,1,A,-,03,22350,,N,E,I,A,A,H,-,A,D,0,,,Y,,Y,,C,02,0,1,0,0,0,0,0,0,1,"- ","- ",,,ORANGE,"LAGUNA NIGUEL",-117.67550659179688,33.554641723632812
9430999,2022,2022-04-18,3026,2022-03-11,1426,352,,5,5,6,3026,0,0,0,,0,,"UNIVERSITY DR","CULVER DR",0.00,,Y,A,-,N,,,,,,,,,,,3,0,2,2,A,-,09,21453,C,N,C,C,A,A,H,-,A,A,0,,,Y,,Y,,C,02,0,2,0,0,0,0,0,0,2,"- ","- ",33.657131195068359,-117.82774353027344,ORANGE,IRVINE,-117.82787322998047,33.657264709472656
9432050,2022,2022-05-13,3003,2022-04-09,1505,1268,,6,5,5,3003,0,0,0,,0,,"BEACH BL","LA MIRADA BL",642.00,S,N,A,-,Y,ORA,12,39,-,-,16.250,H,-,N,Y,4,0,1,2,D,-,00,,,N,B,C,A,A,H,-,A,D,0,,,Y,,Y,,-,"- ",0,0,1,0,0,0,0,0,1,"- ","- ",33.882839202880859,-117.99669647216797,ORANGE,"BUENA PARK",-117.99655914306641,33.882926940917969
9432619,2022,2022-10-26,3009,2022-07-31,0016,4844,055,7,5,6,3009,0,0,0,,0,011,"BEACH BL","RT 22",0.00,,Y,A,-,Y,ORA,12,39,-,-,8.572,I,5,N,Y,3,0,1,2,A,-,12,21453,A,N,D,C,A,A,H,-,C,A,0,,,Y,,Y,,-,"- ",0,1,0,0,0,0,0,0,1,"- ",WF,,,ORANGE,"GARDEN GROVE",-117.99257659912109,33.772464752197266
9432688,2022,2022-09-06,3000,2022-07-14,1915,6532,972A6,4,5,4,3029,0,0,0,,0,734,"COAST HWY","DOHENY PARK RD",675.00,S,N,A,-,Y,ORA,12,1,-,R,1.061,R,4,S,N,3,0,1,2,A,-,07,21658,A,N,B,C,A,A,H,-,A,D,0,,,Y,,Y,,A,01,0,1,0,0,0,0,0,0,1,"- ","- ",,,ORANGE,"DANA POINT",-117.68372344970703,33.464149475097656
9432744,2022,2022-09-07,3003,2022-08-13,1850,1210,,6,5,5,3003,0,0,0,,0,001,"BEACH BL","STAGE RD",550.00,N,N,A,-,Y,ORA,12,39,-,-,16.230,H,-,N,Y,3,0,1,2,A,-,09,21801,,N,D,C,A,A,H,-,A,D,0,,,Y,,Y,,A,01,0,1,0,0,0,0,0,0,1,"- ","- ",33.882598876953125,-117.99700164794922,ORANGE,"BUENA PARK",-117.99677276611328,33.882709503173828
9432786,2022,2022-09-01,3000,2022-07-14,1520,6532,972A6,4,5,4,3029,0,0,0,,0,734,"COAST HWY","DOHENY PARK RD",549.00,S,N,A,-,N,,,,,,,,,,N,3,0,1,1,A,-,03,22350,,N,F,A,A,A,H,-,A,D,0,,,Y,,Y,,C,02,0,1,0,0,0,0,0,0,1,"- ","- ",,,ORANGE,"DANA POINT",,
9432823,2022,2022-09-12,3000,2022-07-16,1918,10454,971J6,6,5,4,3029,0,0,0,,0,435,"PACIFIC COAST HWY","STREET OF THE CRYSTAL LANTERN",155.00,N,N,A,-,N,,,,,,,,,,Y,2,0,1,2,A,-,08,22107,,N,D,C,A,A,H,-,A,A,0,,,Y,,Y,,A,01,1,0,0,0,0,0,0,0,1,"- ","- ",,,ORANGE,"DANA POINT",-117.69088745117188,33.465953826904297
9433130,2022,2022-08-18,3011,2022-07-30,1641,31488,45,6,5,4,3011,0,0,0,,0,003,"RT 1","VICTORIA PL",65.00,N,N,A,-,Y,ORA,12,1,-,-,7.420,H,-,N,N,3,0,1,2,A,-,03,22350,,N,C,C,A,A,H,-,A,D,0,,,Y,,Y,,C,02,0,1,0,0,0,0,0,0,1,"- ","- ",,,ORANGE,"LAGUNA BEACH",-117.76238250732422,33.52154541015625
9433544,2022,2022-11-01,3011,2022-10-10,0814,31573,37,1,5,4,3011,0,0,0,,0,001,"LAGUNA CANYON RD","MILLIGAN DR",0.00,,Y,A,-,Y,ORA,12,133,-,-,0.890,H,-,N,N,3,0,1,2,A,-,03,22350,,N,D,G,A,A,H,-,A,D,0,,,Y,,Y,,O,05,0,1,0,0,0,0,0,0,1,"- ","- ",,,ORANGE,"LAGUNA BEACH",-117.77648162841797,33.552940368652344
9434436,2022,2022-04-27,3012,2022-03-23,0912,629,32,3,5,5,3012,0,0,0,,0,003,"LAMBERT RD","TULIP ST",110.00,W,N,A,-,N,,,,,,,,,,Y,3,0,1,2,A,-,08,22107,,N,D,C,A,A,H,-,A,D,0,,,Y,,Y,,A,01,0,1,0,0,0,0,0,0,1,"- ","- ",,,ORANGE,"LA HABRA",-117.96121215820312,33.924530029296875
9434955,2022,2022-04-29,3002,2022-03-19,1349,3324,73933,6,5,5,3025,0,0,0,,0,101,"IMPERIAL HWY","BASTANCHURY RD",0.00,,Y,A,-,N,,,,,,,,,,N,4,0,1,2,D,-,00,,,N,D,C,A,A,H,-,A,A,0,,,Y,,Y,,-,"- ",0,0,1,0,0,0,0,0,1,"- ","- ",,,ORANGE,"YORBA LINDA",-117.83156585693359,33.899326324462891
9434969,2022,2022-04-26,3000,2022-03-16,1620,1332,892C1,3,5,5,3050,0,0,0,,0,660,"SUMMERWOOD WY","EL TORO RD",20.00,S,N,A,-,N,,,,,,,,,,N,4,0,1,2,A,-,17,21663,,N,D,G,A,A,H,-,A,A,0,,,Y,,Y,,C,03,0,0,1,0,0,0,0,0,1,"- ","- ",,,ORANGE,"LAKE FOREST",-117.66017913818359,33.650981903076172
9435065,2022,2022-04-26,3000,2022-03-08,0843,9696,951J3,2,5,5,3040,0,0,0,,0,741,"GOLDEN LANTERN","PASEO DE COLINAS",0.00,,Y,A,-,N,,,,,,,,,,N,4,0,1,1,A,-,03,22350,,N,H,I,A,A,H,-,A,A,0,,,Y,,Y,,C,02,0,0,1,0,0,0,0,0,1,"- ","- ",,,ORANGE,"LAGUNA NIGUEL",-117.68587493896484,33.537807464599609
9437495,2022,2022-05-13,3012,2022-03-31,1532,624,31,4,5,5,3012,0,0,0,,0,003,"BEACH BL","MERCED AV",0.00,,Y,A,B,Y,ORA,12,39,-,-,19.831,I,6,N,N,4,0,1,2,A,-,17,21228,,N,D,B,A,A,H,-,A,A,0,,,Y,,Y,,C,03,0,0,1,0,0,0,0,0,1,"- ","- ",,,ORANGE,"LA HABRA",-117.96771240234375,33.926975250244141
9438635,2022,2022-05-06,3026,2022-04-12,1700,7094,UNIVE,2,5,6,3026,0,0,0,,0,100,"JAMBOREE RD","RT 405",235.00,S,N,A,-,Y,ORA,12,405,-,-,6.717,R,4,N,Y,3,0,1,2,A,-,03,22350,,N,C,C,A,A,H,-,A,A,0,,,Y,,Y,,C,02,0,1,0,0,0,0,0,0,1,"- ",NF,,,ORANGE,IRVINE,-117.84037780761719,33.675632476806641
9439370,2022,2022-05-23,3000,2022-04-11,1425,10357,992J4,1,5,5,3017,0,0,0,,0,777,"W MARIPOSA","EL CAMINO REAL",223.00,W,N,A,-,N,,,,,,,,,,N,3,0,1,2,A,-,09,21802,,N,D,C,A,A,H,-,A,D,0,,,Y,,Y,,C,03,0,1,0,0,0,0,0,0,1,"- ","- ",,,ORANGE,"SAN CLEMENTE",-117.61830902099609,33.429641723632812
9439698,2022,2022-06-06,3026,2022-05-16,0738,557,PORTO,1,5,6,3026,0,0,0,,0,007,"SPRING VALLEY",OLIVEHURST,0.00,,Y,A,-,N,,,,,,,,,,N,4,0,1,2,A,-,03,22350,,N,D,C,A,A,H,-,A,D,0,,,Y,,Y,,C,03,0,0,1,0,0,0,0,0,1,"- ","- ",33.735599517822266,-117.76679229736328,ORANGE,IRVINE,-117.76702117919922,33.735626220703125
9442882,2022,2022-05-06,3000,2022-02-13,1400,1010,893C2,7,5,4,3048,0,0,0,,0,766,"ANTONIO PKWY","VIA HONESTO",250.00,N,N,A,-,N,,,,,,,,,,Y,4,0,1,2,D,-,00,,,F,H,J,A,A,H,-,A,D,0,,,Y,,Y,,-,"- ",0,0,1,0,0,0,0,0,1,"- ","- ",,,ORANGE,"RANCHO SANTA MARGARITA",-117.58553314208984,33.641979217529297
9444236,2022,2022-05-26,3012,2022-03-11,0551,670,,5,5,5,3012,0,0,0,,0,003,"MARTINEZ DR","LAMBERT RD",72.00,N,N,B,-,N,,,,,,,,,,N,4,0,1,2,A,-,08,22107,,N,D,C,A,A,H,-,B,A,0,,,Y,,Y,,C,02,0,0,1,0,0,0,0,0,1,"- ","- ",,,ORANGE,"LA HABRA",-117.97238922119141,33.924877166748047
9444472,2022,2022-05-26,3009,2022-04-10,1826,4021,074,7,5,6,3009,0,0,0,,0,1-1,"MAGNOLIA ST",ANTHONY,39.00,S,N,A,-,N,,,,,,,,,,Y,3,0,1,2,A,-,09,21804,A,N,D,C,A,A,H,-,A,A,0,,,Y,,Y,,A,01,0,1,0,0,0,0,0,0,1,"- ","- ",,,ORANGE,"GARDEN GROVE",-117.97537231445312,33.775154113769531
9444753,2022,2022-05-23,3003,2022-05-06,1639,1288,,5,5,5,3003,0,0,0,,0,,"LA PALMA AV","KNOTT AV",0.00,,Y,A,-,N,,,,,,,,,,N,4,0,1,2,A,-,08,22107,,N,B,D,A,A,H,-,A,A,0,,,Y,,Y,,A,07,0,0,1,0,0,0,0,0,1,"- ","- ",33.50469970703125,-118.00389862060547,ORANGE,"BUENA PARK",-118.01119995117188,33.846553802490234
9447588,2022,2022-09-28,3004,2022-09-16,2231,P688,27,5,5,6,3004,0,0,0,,0,015,"HARBOR BL","SOUTH COAST",150.00,N,N,A,-,N,,,,,,,,,,Y,2,0,1,1,A,-,03,22350,,N,B,A,A,A,H,-,C,A,0,,,Y,,Y,,C,02,1,0,0,0,0,0,0,0,1,"- ","- ",33.692001342773438,-117.91899871826172,ORANGE,"COSTA MESA",-117.91954803466797,33.692031860351562
9448570,2022,2022-06-02,3004,2022-05-16,1210,P648,12,1,5,6,3004,0,0,0,,0,015,"SANTA ANA AV","MESA DR",0.00,,Y,A,-,N,,,,,,,,,,Y,3,0,2,2,A,-,12,21453,A,N,D,C,A,A,H,-,A,A,0,,,Y,,Y,,A,07,0,2,0,0,0,0,0,0,1,"- ","- ",33.660900115966797,-117.88749694824219,ORANGE,"COSTA MESA",-117.88764190673828,33.660980224609375
9449991,2022,2022-06-17,3010,2022-05-19,1704,1044,477,4,5,6,3010,0,0,0,,0,002,"BROOKHURST ST",HAMILTON,142.00,S,N,A,-,N,,,,,,,,,,Y,3,0,3,2,A,-,01,23152,A,N,B,C,A,A,H,-,A,A,0,,,Y,,Y,Y,A,07,0,3,0,0,0,0,0,0,1,"- ","- ",,,ORANGE,"HUNTINGTON BEACH",-117.95368194580078,33.650199890136719
9451651,2022,2022-06-01,3004,2022-05-06,1403,P669,02,5,5,6,3004,0,0,0,,0,015,"SUPERIOR AV","17TH ST",598.00,N,N,A,-,N,,,,,,,,,,Y,2,0,1,2,A,-,09,21804,A,N,D,C,A,A,H,-,A,D,0,,,Y,,Y,,A,08,1,0,0,0,0,0,0,0,1,"- ","- ",33.637569427490234,-117.92218017578125,ORANGE,"COSTA MESA",-117.92237091064453,33.637458801269531
9451654,2022,2022-06-01,3004,2022-05-12,1945,P665,22,4,5,6,3004,0,0,0,,0,005,"BRISTOL ST","HOTEL WY",0.00,,Y,G,-,N,,,,,,,,,,N,3,0,1,1,A,-,03,22350,,N,F,A,A,A,H,-,B,A,0,,,Y,,Y,,C,02,0,1,0,0,0,0,0,0,1,"- ","- ",33.684028625488281,-117.88551330566406,ORANGE,"COSTA MESA",-117.88572692871094,33.684093475341797
9451859,2022,2022-06-09,3000,2022-04-06,1444,10770,993B7,3,5,5,3017,0,0,0,,0,172,"SOUTH EL CAMINO REAL","SAN LUIS REY",0.00,,Y,A,-,N,,,,,,,,,,Y,4,0,1,2,A,-,09,21801,A,N,D,C,A,A,H,-,A,A,0,,,Y,,Y,,E,22,0,0,1,0,0,0,0,0,1,"- ","- ",,,ORANGE,"SAN CLEMENTE",-117.59770202636719,33.405200958251953
9451940,2022,2022-05-31,3000,2022-04-09,1845,10363,921H1,6,5,4,3045,0,0,0,,0,4A45,"AVENIDA DE LA CARLOTA","LOS ALISOS BL",0.00,,Y,A,-,N,,,,,,,,,,Y,2,0,1,2,A,-,12,21453,A,N,D,C,A,A,H,-,A,A,0,,,Y,,Y,,C,02,1,0,0,0,0,0,0,0,1,"- ","- ",,,ORANGE,"LAGUNA HILLS",-117.69947052001953,33.606540679931641
9454165,2022,2022-07-13,3013,2022-04-15,1043,211,C40,5,5,3,3013,0,0,0,,0,004,"KATELLA AV","VIA EL MERCADO",40.00,E,N,A,-,N,,,,,,,,,,N,3,0,1,2,A,-,09,21804,A,N,H,J,A,A,H,-,A,D,0,,,Y,,Y,,A,01,0,1,0,0,0,0,0,0,1,"- ","- ",,,ORANGE,"LOS ALAMITOS",-118.03850555419922,33.802928924560547
9454317,2022,2022-07-27,3003,2022-06-19,1753,1210,,7,5,5,3003,0,0,0,,0,,"BEACH BL","STAGE RD",550.00,N,N,A,-,Y,ORA,12,5,-,-,16.240,H,-,N,Y,2,0,2,2,A,-,09,21801,,N,D,C,A,A,H,-,A,D,0,,,Y,,Y,,A,07,1,0,1,0,0,0,0,0,1,"- ","- ",33.882900238037109,-117.99680328369141,ORANGE,"BUENA PARK",-117.67300415039062,33.594882965087891
9454356,2022,2022-07-29,3000,2022-05-02,1410,5013,971J6,1,5,4,3029,0,0,0,,0,736,"PACIFIC COAST HWY","DEL OBISPO ST",23.00,E,N,A,-,N,,,,,,,,,,N,3,0,2,2,A,-,08,22107,,N,D,C,A,A,H,-,A,A,0,,,Y,,Y,,A,01,0,2,0,0,0,0,0,0,2,"- ","- ",,,ORANGE,"DANA POINT",-117.68746185302734,33.465057373046875
9456309,2022,2022-06-27,3004,2022-05-22,0111,P703,11,7,5,6,3004,0,0,0,,0,002,"NEWPORT BL","19TH ST",45.00,N,N,A,-,Y,ORA,12,55,-,-,2.039,H,-,N,Y,3,0,1,2,A,-,01,23152,A,N,C,C,A,A,H,-,E,D,0,,,Y,,Y,Y,A,01,0,1,0,0,0,0,0,0,1,"- ","- ",33.643501281738281,-117.91622161865234,ORANGE,"COSTA MESA",-117.91632843017578,33.643512725830078
9456505,2022,2022-06-22,3009,2022-05-31,2233,3933,153,2,5,6,3009,0,0,0,,0,022,"HARBOR BL","TARGET CENTER",50.00,S,N,A,-,N,,,,,,,,,,N,3,0,1,2,A,-,03,22350,,N,C,C,A,A,H,-,A,A,0,,,Y,,Y,,A,01,0,1,0,0,0,0,0,0,1,"- ","- ",,,ORANGE,"GARDEN GROVE",-117.92044830322266,33.767501831054688
9456658,2022,2022-07-18,3000,2022-04-09,1832,11095,971G6,6,5,4,3029,0,0,0,,0,4A34,"PACIFIC COAST HWY","DEL PRADO",182.00,E,N,A,-,N,,,,,,,,,,N,4,0,1,2,A,-,08,22107,,N,B,C,A,A,H,-,A,A,0,,,Y,,Y,,A,01,0,0,1,0,0,0,0,0,1,"- ","- ",,,ORANGE,"DANA POINT",-117.69326782226562,33.4664306640625
9456692,2022,2022-07-11,3011,2022-06-23,1402,31241,32,4,5,4,3011,0,0,0,,0,001,"RT 1","ASTER ST",95.00,S,N,A,-,Y,ORA,12,1,-,-,9.580,H,-,N,Y,4,0,1,3,A,-,17,22517,,N,B,C,A,A,H,-,A,A,0,,,Y,,Y,,A,01,0,0,1,0,0,0,0,0,1,"- ","- ",,,ORANGE,"LAGUNA BEACH",-117.78798675537109,33.543766021728516
9457222,2022,2022-07-01,3009,2022-06-01,1724,3294,107W,3,5,6,3009,0,0,0,,0,"1 3","BROOKHURST ST","15TH ST",154.00,N,N,A,-,N,,,,,,,,,,Y,2,0,2,4,A,-,11,21954,A,M,G,B,D,A,H,-,A,A,0,Y,,Y,,Y,,N,60,1,1,0,0,1,0,0,0,1,"- ","- ",,,ORANGE,"GARDEN GROVE",-117.95500946044922,33.758121490478516
9458394,2022,2022-06-15,3003,2022-05-30,1453,652,,1,5,5,3003,0,0,0,,0,003,"STANTON AV","BEACH BL",488.00,N,N,A,-,N,,,,,,,,,,Y,3,0,1,2,A,-,09,21801,A,N,D,C,A,A,H,-,A,D,0,,,Y,,Y,,A,01,0,1,0,0,0,0,0,0,1,"- ","- ",33.836601257324219,-117.99340057373047,ORANGE,"BUENA PARK",-117.99349212646484,33.836383819580078
9459819,2022,2022-06-20,3026,2022-04-24,1326,614,UNIVE,7,5,6,3026,0,0,0,,0,101,"TURTLE RIDGE DR","FEDERATION WY",0.00,,Y,A,-,N,,,,,,,,,,Y,2,0,1,1,A,-,03,22350,,N,E,I,A,A,H,-,A,D,0,,,Y,,Y,,C,02,1,0,0,0,0,0,0,0,1,"- ","- ",,,ORANGE,IRVINE,-117.83074951171875,33.63140869140625
9459913,2021,2022-06-29,3016,2021-06-15,1028,1269,39,2,5,5,3016,0,0,0,,0,002,"JEFFERSON ST","ORANGETHORPE AV",258.00,S,N,A,-,N,,,,,,,,,,N,4,0,1,2,A,-,06,21755,,N,F,B,A,A,H,-,A,D,0,,,Y,,Y,,C,02,0,0,1,0,0,0,0,0,1,"- ","- ",33.868171691894531,-117.83718872070312,ORANGE,PLACENTIA,-117.83708190917969,33.867473602294922
9461294,2021,2022-06-23,3016,2021-02-20,0810,1241,20,6,5,5,3016,0,0,0,,0,002,"ORANGETHORPE AV","MELROSE ST",0.00,,Y,A,-,N,,,,,,,,,,N,2,0,1,1,A,-,08,22107,,N,F,A,A,A,H,-,A,A,0,,,Y,,Y,,C,02,1,0,0,0,0,0,0,0,1,"- ","- ",33.861911773681641,-117.87480163574219,ORANGE,PLACENTIA,-117.87483215332031,33.861904144287109
9461307,2021,2022-06-23,3016,2021-04-27,1935,1281,5,2,5,5,3016,0,0,0,,0,001,"KRAEMER BL","BASTANCHURY RD",0.00,,Y,A,-,N,,,,,,,,,,Y,4,0,1,2,A,-,12,21453,A,N,B,C,A,A,H,-,C,A,0,,,Y,,Y,,C,06,0,0,1,0,0,0,0,0,0,"- ","- ",33.896579742431641,-117.86338043212891,ORANGE,PLACENTIA,-117.86372375488281,33.896411895751953
9461340,2021,2022-06-23,3016,2021-07-23,1038,1295,18,5,5,5,3016,0,0,0,,0,002,"CHAPMAN AV","PLACENTIA AV",220.00,E,N,A,-,N,,,,,,,,,,Y,2,0,1,2,A,-,09,21801,A,N,B,C,A,A,H,-,A,D,0,,,Y,,Y,,A,07,1,0,0,0,0,0,0,0,1,"- ","- ",33.8739013671875,-117.87899017333984,ORANGE,PLACENTIA,-117.87831115722656,33.873748779296875
9461341,2021,2022-06-24,3016,2021-08-06,1557,2169,18,5,5,5,3016,0,0,0,,0,002,"PLACENTIA AV","SUNSET DR",50.00,S,N,-,-,N,,,,,,,,,,Y,4,0,1,2,A,-,09,21804,A,N,D,C,A,A,H,-,A,D,0,,,Y,,Y,,A,01,0,0,1,0,0,0,0,0,1,"- ","- ",33.874649047851562,-117.87828826904297,ORANGE,PLACENTIA,-117.87884521484375,33.874485015869141
9462905,2022,2022-08-17,3004,2022-07-09,1945,P676,28,6,5,6,3004,0,0,0,,0,010,"E BAKER ST","NEWPORT BL",82.00,W,N,A,-,Y,ORA,12,55,-,-,5.069,R,4,N,Y,3,0,1,1,A,-,01,23152,A,N,E,I,A,A,H,-,A,A,0,,,Y,,Y,Y,C,02,0,1,0,0,0,0,0,0,1,"- ","- ",33.680000305175781,-117.87899780273438,ORANGE,"COSTA MESA",-117.88204956054688,33.676834106445312
9463982,2022,2022-09-07,3012,2022-06-17,0643,644,232,5,5,5,3012,0,0,0,,0,,"WHITTIER BL","HARBOR BL",0.00,,Y,A,-,Y,ORA,12,39,-,-,22.659,I,5,N,Y,4,0,1,2,A,-,01,23152,A,N,C,C,A,A,H,-,A,A,0,,,Y,,Y,Y,A,01,0,0,1,0,0,0,0,0,1,"- ","- ",,,ORANGE,"LA HABRA",-117.93307495117188,33.939117431640625
9463983,2022,2022-09-06,3011,2022-08-10,1634,31241,37,3,5,4,3011,0,0,0,,0,001,"RT 133","CANYON ACRES",1478.00,N,N,A,-,Y,ORA,12,133,-,-,1.290,H,-,N,Y,3,0,1,2,A,-,08,21460,5,N,A,C,A,A,H,-,A,D,0,,,Y,,Y,,C,02,0,1,0,0,0,0,0,0,1,"- ","- ",,,ORANGE,"LAGUNA BEACH",-117.77394104003906,33.558223724365234
9463985,2022,2022-09-02,3011,2022-08-12,1232,31488,33,5,5,4,3011,0,0,0,,0,001,"RT 133","FOREST AV",155.00,,N,A,-,Y,ORA,12,133,-,-,0.290,H,-,N,Y,3,0,1,2,A,-,03,22350,,N,A,C,A,A,H,-,A,D,0,,,Y,,Y,,C,02,0,1,0,0,0,0,0,0,1,"- ","- ",,,ORANGE,"LAGUNA BEACH",-117.78227996826172,33.545955657958984
9463993,2022,2022-09-02,3011,2022-08-09,2120,31529,44,2,5,4,3011,0,0,0,,0,003,"RT 1","AGATE ST",0.00,,Y,B,-,Y,ORA,12,1,-,-,8.211,I,5,S,Y,3,0,1,2,A,-,03,22350,,N,B,C,A,A,H,-,C,A,0,,,Y,,Y,,A,01,0,1,0,0,0,0,0,0,1,"- ","- ",,,ORANGE,"LAGUNA BEACH",-117.77213287353516,33.529411315917969
9464219,2022,2023-03-29,3000,2022-06-24,1843,7734,892A3,5,5,5,3050,0,0,0,,0,751,"TRABUCO RD","EL TORO RD",550.00,N,N,A,-,N,,,,,,,,,,Y,1,1,2,2,A,-,01,23152,F,N,D,C,A,A,H,-,A,D,0,,,Y,,Y,,C,02,0,1,1,0,0,0,0,1,0,"- ","- ",33.381851196289062,-117.40524291992188,ORANGE,"LAKE FOREST",-117.68123626708984,33.638080596923828
9464231,2022,2023-04-07,3009,2022-02-01,1919,4352,082,2,5,6,3009,0,0,0,,0,"1 2","CHAPMAN AV","LORALEEN ST",143.00,E,N,A,-,N,,,,,,,,,,Y,1,1,0,2,A,-,03,22350,,N,F,C,A,A,H,-,C,A,0,,,Y,,Y,,C,02,0,0,0,0,0,0,0,1,0,"- ","- ",,,ORANGE,"GARDEN GROVE",-117.97080993652344,33.788501739501953
9464232,2022,2023-04-12,3000,2022-03-26,0056,5036,971F6,6,5,4,3029,0,0,0,,0,036,"RT 1","SELVA RD",26.00,S,N,A,-,N,,,,,,,,,,Y,1,1,0,1,A,-,01,23152,G,N,E,I,A,A,H,-,C,A,0,,,Y,,Y,Y,C,02,0,0,0,0,0,0,0,1,0,"- ","- ",33.281299591064453,-117.42469787597656,ORANGE,"DANA POINT",-117.71321868896484,33.470619201660156
9464277,2022,2023-04-18,3008,2022-08-11,0646,1116,ZONE2,4,5,6,3008,0,0,0,,0,,"EUCLID ST","ORANGETHORPE AV",0.00,,Y,A,-,N,,,,,,,,,,Y,1,1,0,2,A,-,01,23152,F,N,A,C,A,A,H,-,A,A,0,,,Y,,Y,,C,02,0,0,0,0,0,0,0,1,0,"- ","- ",,,ORANGE,FULLERTON,-117.94183349609375,33.859348297119141
9464729,2022,2022-11-29,3006,2022-09-16,1820,333,28,5,5,3,3006,0,0,0,,0,002,"MOODY ST","MALAGA DR",0.00,,Y,A,-,N,,,,,,,,,,Y,4,0,1,2,A,-,08,22107,,N,H,A,A,A,H,-,A,D,0,,,Y,,Y,,A,07,0,0,1,0,0,0,0,0,1,"- ","- ",,,ORANGE,"LA PALMA",-118.04592132568359,33.840099334716797
9465011,2022,2022-12-02,3000,2022-10-13,1449,10165,921H2,4,5,4,3045,0,0,0,,0,745,"ALICIA PKWY","WILKES PL",568.00,N,N,A,-,N,,,,,,,,,,Y,4,0,1,2,A,-,03,22350,,N,C,C,A,A,G,-,A,A,0,,,Y,,Y,,C,02,0,0,1,0,0,0,0,0,1,"- ","- ",,,ORANGE,"LAGUNA HILLS",-117.69445037841797,33.597072601318359
9465016,2022,2022-12-01,3000,2022-10-30,1307,3950,992J4,7,5,5,3017,0,0,0,,0,777,"EL CAMINO REAL","AVENIDA PALIZADA",11.00,S,N,A,-,N,,,,,,,,,,N,3,0,1,2,A,-,03,22350,,F,B,C,A,A,H,-,A,A,0,,,Y,,Y,,C,02,0,1,0,0,0,0,0,0,1,"- ","- ",,,ORANGE,"SAN CLEMENTE",-117.61549377441406,33.429733276367188
9465734,2022,2023-01-12,3000,2022-11-12,1316,10543,862E5,6,5,5,3050,0,0,0,,0,161,"GLENN RANCH RD",DEFINTION,0.00,,Y,A,-,N,,,,,,,,,,Y,2,0,1,2,A,-,12,21453,A,N,A,C,A,A,H,-,A,A,0,,,Y,,Y,,C,02,1,0,0,0,0,0,0,0,1,"- ","- ",,,ORANGE,"LAKE FOREST",-117.64454650878906,33.673805236816406
9466797,2022,2023-01-25,3003,2022-12-17,0528,1001,,6,5,5,3003,0,0,0,,0,002,"ARTESIA BL","BEACH BL",120.00,W,N,A,-,Y,ORA,12,39,-,-,15.573,I,6,S,Y,4,0,1,2,A,-,09,21801,A,N,D,D,A,A,H,-,C,A,0,,,Y,,Y,,D,22,0,0,1,0,0,0,0,0,1,"- ","- ",,,ORANGE,"BUENA PARK",-117.99831390380859,33.873497009277344
9467564,2023,2023-03-03,3009,2023-01-07,1145,4576,082,6,5,6,3009,0,0,0,,0,012,"CHAPMAN AV","LORALEEN ST",306.00,W,N,A,-,N,,,,,,,,,,Y,4,0,1,2,A,-,07,21658,A,N,D,C,A,A,H,-,A,D,0,,,Y,,Y,,C,02,0,0,1,0,0,0,0,0,1,"- ","- ",,,ORANGE,"GARDEN GROVE",-117.97228240966797,33.788490295410156
9470041,2023,2023-09-13,3000,2023-08-13,1435,11797,992H3,7,5,5,3017,0,0,0,,0,777,"AVENIDA PICO","RT 5",275.00,E,N,A,-,N,,,,,,,,,,Y,4,0,1,2,A,-,09,21801,A,N,A,C,A,A,H,-,A,D,0,,,Y,,Y,,A,01,0,0,1,0,0,0,0,0,1,"- ",NF,,,ORANGE,"SAN CLEMENTE",-117.62195587158203,33.439189910888672
9470688,2023,2023-10-17,3004,2023-09-14,1404,P462,18,4,5,6,3004,0,0,0,,0,015,"ELM AV","ANDROS ST",30.00,E,N,A,-,N,,,,,,,,,,Y,2,0,1,1,A,-,03,22350,,N,E,I,A,A,H,-,A,D,0,,,Y,,Y,,C,03,1,0,0,0,0,0,0,0,1,"- ","- ",33.674308776855469,-117.924560546875,ORANGE,"COSTA MESA",-117.92494964599609,33.674396514892578
9470933,2023,2023-10-24,3000,2023-05-16,1256,10077,891F4,2,5,5,3050,0,0,0,,0,763,"ASPAN ST","MCWHORTER WY",0.00,,Y,A,-,N,,,,,,,,,,Y,3,0,1,2,A,-,03,22350,,N,E,I,A,A,H,-,A,D,0,,,Y,,Y,,C,02,0,1,0,0,0,0,0,0,1,"- ","- ",,,ORANGE,"LAKE FOREST",-117.71257781982422,33.635791778564453
9470988,2023,2023-10-23,3004,2023-09-30,1442,P620,14,6,5,6,3004,0,0,0,,0,009,"PLACENTIA AV","ORIOLE DR",50.00,N,N,C,-,N,,,,,,,,,,Y,4,0,1,1,A,-,03,22350,,N,H,A,A,B,H,-,A,D,0,,,Y,,Y,,C,02,0,0,1,0,0,0,0,0,1,"- ","- ",33.671531677246094,-117.93562316894531,ORANGE,"COSTA MESA",-117.93566131591797,33.671466827392578
9471449,2023,2023-12-12,3004,2023-10-11,2030,P676,08,3,5,6,3004,0,0,0,,0,009,"PLACENTIA AV","WEST 19TH ST",0.00,,Y,A,-,N,,,,,,,,,,N,3,0,1,2,A,-,08,22107,,F,D,C,A,A,H,-,C,A,0,,,Y,,Y,,A,08,0,1,0,0,0,0,0,0,1,"- ","- ",33.787998199462891,-117.88999938964844,ORANGE,"COSTA MESA",-117.93199157714844,33.643375396728516
9471450,2023,2023-12-12,3004,2023-10-09,1220,P720,20,1,5,6,3004,0,0,0,,0,008,"DORSET LN","FAIRVIEW RD",15.00,W,N,A,-,N,,,,,,,,,,N,3,0,1,2,A,-,06,21755,,N,B,C,A,A,H,-,A,D,0,,,Y,,Y,,C,02,0,1,0,0,0,0,0,0,1,"- ","- ",33.681800842285156,-117.9078369140625,ORANGE,"COSTA MESA",-117.90792083740234,33.681724548339844
9471453,2023,2023-12-12,3004,2023-10-11,1300,P720,11,3,5,6,3004,0,0,0,,0,001,"NEWPORT BL","HARBOR BL",35.00,S,N,A,-,N,,,,,,,,,,N,3,0,1,2,D,-,00,,,N,B,C,A,A,H,-,A,A,0,,,Y,,Y,,-,"- ",0,1,0,0,0,0,0,0,1,"- ","- ",33.641010284423828,-117.9188232421875,ORANGE,"COSTA MESA",-117.91885375976562,33.641040802001953
9473320,2022,2022-08-12,3006,2022-06-24,1418,329,4,5,5,3,3006,0,0,0,,0,001,"MOODY ST","BIGELOW ST",228.00,S,N,A,-,N,,,,,,,,,,N,3,0,1,2,A,-,09,21804,A,M,H,C,A,A,D,E,A,D,0,,,Y,,Y,Y,O,05,0,1,0,0,0,0,0,0,1,"- ","- ",,,ORANGE,"LA PALMA",-118.04619598388672,33.857143402099609
9474562,2022,2022-07-06,3012,2022-05-27,1524,624,33,5,5,5,3012,0,0,0,,0,003,"IDAHO ST","LORELLA AV",101.00,S,N,A,-,N,,,,,,,,,,Y,4,0,1,2,A,-,09,21801,A,N,D,C,A,A,H,-,A,D,0,,,Y,,Y,,A,01,0,0,1,0,0,0,0,0,1,"- ","- ",,,ORANGE,"LA HABRA",-117.95919036865234,33.93011474609375
9475031,2022,2022-07-15,3026,2022-06-19,1455,682,UNIVE,7,5,6,3026,0,0,0,,0,100,"MACARTHUR BL","FAIRFIELD RD",0.00,,Y,A,-,N,,,,,,,,,,Y,3,0,1,1,A,-,03,22350,,N,F,A,A,A,H,-,A,A,0,,,Y,,Y,,C,02,0,1,0,0,0,0,0,0,1,"- ","- ",,,ORANGE,IRVINE,-117.86260986328125,33.628311157226562
9475406,2022,2022-11-01,3009,2022-06-24,1413,3422,11,5,5,6,3009,0,0,0,,0,041,"KNOTT ST","ORANGEWOOD AV",148.00,N,N,A,-,N,,,,,,,,,,Y,3,0,1,2,A,-,06,21755,A,N,D,C,A,A,H,-,A,A,0,,,Y,,Y,Y,C,02,0,1,0,0,0,0,0,0,1,"- ","- ",,,ORANGE,"GARDEN GROVE",-118.01110076904297,33.796035766601562
9475467,2022,2022-07-19,3009,2022-05-30,1428,3933,153,1,5,6,3009,0,0,0,,0,022,"HARBOR BL","TARGET CTR",50.00,S,N,A,-,N,,,,,,,,,,N,3,0,1,2,A,-,03,22350,,N,C,C,A,A,H,-,A,A,0,,,Y,,Y,,A,01,0,1,0,0,0,0,0,0,1,"- ","- ",,,ORANGE,"GARDEN GROVE",-117.92044830322266,33.767501831054688
9475488,2022,2022-07-19,3000,2022-05-26,1756,10536,797H4,4,5,4,3021,0,0,0,,0,024,"SANTA ROSALIA ST","CHAPMAN AV",400.00,N,N,A,-,N,,,,,,,,,,Y,4,0,1,2,A,-,06,21750,A,N,D,C,A,A,H,-,A,D,0,,,Y,,Y,,C,02,0,0,1,0,0,0,0,0,1,"- ","- ",,,ORANGE,STANTON,-117.99847412109375,33.789424896240234
9476026,2022,2022-07-12,3000,2022-05-29,1152,4647,951F4,7,5,5,3040,0,0,0,,0,6M39,"ALICIA PKWY","NIGUEL RD",117.00,N,N,A,-,N,,,,,,,,,,Y,3,0,1,1,A,-,03,22350,A,N,F,-,A,A,H,-,A,A,0,,,Y,,Y,,C,02,0,1,0,0,0,0,0,0,1,"- ","- ",,,ORANGE,"LAGUNA NIGUEL",-117.71537780761719,33.529590606689453
9476580,2022,2022-07-19,3004,2022-06-02,1912,P669,15,4,5,6,3004,0,0,0,,0,004,"HARBOR BL","MESA VERDE DR E",340.00,S,N,A,-,N,,,,,,,,,,N,4,0,1,2,A,-,08,22107,,N,D,G,A,A,H,-,A,D,0,,Y,Y,,Y,,C,02,0,0,1,0,0,0,1,0,0,"- ","- ",33.669448852539062,-117.91941833496094,ORANGE,"COSTA MESA",-117.91931915283203,33.669506072998047
9478995,2022,2022-08-18,3026,2022-07-19,1612,8929,,2,5,6,3026,0,0,0,,0,,"VON KARMAN AV","MCGAW AV",0.00,,Y,A,-,N,,,,,,,,,,N,2,0,2,2,A,-,08,22107,,N,D,C,A,A,H,-,A,A,0,,,Y,,Y,,I,11,1,1,0,0,0,0,0,0,1,"- ","- ",33.690330505371094,-117.84150695800781,ORANGE,IRVINE,-117.84146118164062,33.690330505371094
9479007,2022,2022-08-15,3012,2022-06-21,1612,624,32,2,5,5,3012,0,0,0,,0,003,"LA HABRA BL","IDAHO ST",0.00,,Y,A,-,N,,,,,,,,,,Y,4,0,2,2,A,-,09,21801,A,N,D,C,A,A,H,-,A,A,0,,,Y,,Y,,A,01,0,0,2,0,0,0,0,0,1,"- ","- ",,,ORANGE,"LA HABRA",-117.95920562744141,33.931854248046875
9479599,2022,2022-08-23,3009,2022-06-26,1451,3972,114,7,5,6,3009,0,0,0,,0,021,"EUCLID ST","MAIN ST",0.00,,Y,A,-,N,,,,,,,,,,Y,2,0,1,2,A,-,03,22350,,N,D,C,A,A,H,-,A,A,0,,,Y,,Y,,C,02,1,0,0,0,0,0,0,0,1,"- ","- ",,,ORANGE,"GARDEN GROVE",-117.9410400390625,33.780040740966797
9479628,2022,2022-09-02,3000,2022-07-16,1055,5158,921G5,6,5,5,3040,0,0,0,,0,6M40,"MOULTON PKWY","RT 73",24.00,N,N,A,-,Y,ORA,12,73,-,-,13.134,R,4,S,Y,4,0,1,2,A,-,03,22350,,N,C,C,A,A,H,-,A,A,0,,,Y,,Y,,D,22,0,0,1,0,0,0,0,0,1,"- ",FR,,,ORANGE,"LAGUNA NIGUEL",-117.70281982421875,33.570777893066406
9481290,2022,2022-08-04,3013,2022-06-09,1700,232,L09,4,5,3,3013,0,0,0,,0,005,"LEXINGTON DR","HOWARD AV",0.00,,Y,A,-,N,,,,,,,,,,N,3,0,1,2,A,-,08,22103,,N,D,C,A,A,H,-,A,D,0,,,Y,,Y,,A,01,0,1,0,0,0,0,0,0,1,"- ","- ",,,ORANGE,"LOS ALAMITOS",-118.05451202392578,33.799823760986328
9483361,2022,2022-08-04,3000,2022-05-27,1206,10853,992H4,5,5,5,3017,0,0,0,,0,775,"NORTH EL CAMINO REAL","E ESCALONES",24.00,N,N,A,-,N,,,,,,,,,,N,4,0,1,2,A,-,09,21801,A,N,D,C,A,A,H,-,A,A,0,,,Y,,Y,,A,01,0,0,1,0,0,0,0,0,1,"- ","- ",,,ORANGE,"SAN CLEMENTE",-117.61891937255859,33.430355072021484
9483363,2022,2022-08-04,3000,2022-05-13,1338,9696,921G6,5,5,5,3040,0,0,0,,0,743,"LA PAZ RD","AVILA RD",41.00,S,N,A,-,N,,,,,,,,,,Y,3,0,2,2,A,-,03,22350,,N,C,C,A,A,H,-,A,A,0,,,Y,,Y,,A,07,0,1,1,0,0,0,0,0,2,"- ","- ",,,ORANGE,"LAGUNA NIGUEL",-117.70807647705078,33.563297271728516
9483971,2022,2022-08-01,3012,2022-06-26,2300,712,,7,5,5,3012,0,0,0,,0,004,EUCLID,MONTWOOD,0.00,,Y,A,-,N,,,,,,,,,,N,3,0,1,1,A,-,01,23152,A,N,E,I,A,A,H,-,C,A,0,,,Y,,Y,Y,C,06,0,1,0,0,0,0,0,0,1,"- ","- ",,,ORANGE,"LA HABRA",-117.94651031494141,33.914215087890625
9484322,2022,2022-08-22,3004,2022-05-04,0904,P655,22,3,5,6,3004,0,0,0,,0,010,"W BAKER ST","BRISTOL ST",50.00,W,N,A,-,N,,,,,,,,,,N,3,0,1,2,A,-,08,22107,,N,A,C,A,A,H,-,A,A,0,,,Y,Y,Y,,C,02,0,1,0,0,0,0,0,0,1,"- ","- ",33.680099487304688,-117.88584136962891,ORANGE,"COSTA MESA",-117.88589477539062,33.680118560791016
9484727,2022,2022-08-24,3026,2022-08-14,1847,570,UNIVE,7,5,6,3026,0,0,0,,0,002,MACARTHUR,JAMBOREE,53.00,E,N,A,-,N,,,,,,,,,,Y,2,0,1,2,A,-,09,21453,C,F,C,C,A,A,H,-,A,A,0,,,Y,,Y,Y,A,01,1,0,0,0,0,0,0,0,1,"- ","- ",,,ORANGE,IRVINE,-117.86280059814453,33.657466888427734
9485050,2022,2022-08-17,3005,2022-08-07,1137,8263,C10,7,5,4,3005,0,0,0,,0,001,"CRESCENT AV","LA HOMA ST",17.00,W,N,A,-,N,,,,,,,,,,N,4,0,1,2,A,-,08,22107,,N,B,C,A,A,H,-,A,D,0,,,Y,,Y,,C,06,0,0,1,0,0,0,0,0,1,"- ","- ",,,ORANGE,CYPRESS,-118.03612518310547,33.83905029296875
9485053,2022,2022-08-17,3005,2022-08-10,1036,8272,C15,3,5,4,3005,0,0,0,,0,001,"ORANGE AV","GRINDLAY ST",0.00,,Y,A,-,N,,,,,,,,,,Y,4,0,1,2,A,-,12,21453,A,N,D,C,A,A,H,-,A,A,0,,,Y,,Y,,C,02,0,0,1,0,0,0,0,0,0,"- ","- ",,,ORANGE,CYPRESS,-118.04129028320312,33.824302673339844
9485468,2022,2022-08-30,3026,2022-08-09,1532,8929,CROSS,2,5,6,3026,0,0,0,,0,006,"LAKE FOREST DR","LAGUNA CANYON RD",0.00,,Y,A,-,N,,,,,,,,,,Y,2,0,1,2,A,-,03,22350,,N,E,I,A,A,H,-,A,A,0,,,Y,,Y,,C,02,1,0,0,0,0,0,0,0,1,"- ","- ",,,ORANGE,IRVINE,-117.76023101806641,33.638065338134766
9485733,2022,2022-08-31,3003,2022-07-19,1830,1291,,2,5,5,3003,0,0,0,,0,004,"VALLEY VIEW AV","LA PALMA BL",465.00,N,N,A,-,N,,,,,,,,,,N,2,0,1,2,A,-,09,21804,A,N,D,C,A,A,H,-,A,D,0,,,Y,,Y,,A,01,1,0,0,0,0,0,0,0,1,"- ","- ",33.847599029541016,-118.02839660644531,ORANGE,"BUENA PARK",-118.02847290039062,33.847625732421875
9485945,2022,2022-09-12,3000,2022-08-21,1331,10716,921G4,7,5,4,3045,0,0,0,,0,180,"ALICIA PKWY","MOULTON PKWY",0.00,,Y,A,-,N,,,,,,,,,,Y,4,0,1,2,A,-,09,21453,C,N,D,C,A,A,H,-,A,A,0,,,Y,,Y,,A,01,0,0,1,0,0,0,0,0,1,"- ","- ",,,ORANGE,"LAGUNA HILLS",-117.70689392089844,33.583591461181641
9485946,2022,2022-09-12,3000,2022-08-24,1927,2742,992J4,3,5,5,3017,0,0,0,,0,778,"SOUTH EL CAMINO REAL","AVENIDA VICTORIA",36.00,S,N,A,-,N,,,,,,,,,,Y,3,0,1,1,A,-,03,22350,,N,F,A,A,A,H,-,A,D,0,,,Y,,Y,,C,02,0,1,0,0,0,0,0,0,1,"- ","- ",,,ORANGE,"SAN CLEMENTE",-117.61152648925781,33.426403045654297
9486107,2022,2022-09-13,3004,2022-08-28,1716,P700,09,7,5,6,3004,0,0,0,,0,007,"WEST 19TH ST","MAPLE AV",0.00,,Y,A,-,N,,,,,,,,,,Y,3,0,1,2,A,-,08,22107,,N,D,C,A,A,H,-,A,D,0,,,Y,,Y,,A,01,0,1,0,0,0,0,0,0,1,"- ","- ",33.643478393554688,-117.92185974121094,ORANGE,"COSTA MESA",-117.92189025878906,33.6434326171875
9487399,2022,2022-10-14,3005,2022-09-02,1115,8263,C40,5,5,4,3005,0,0,0,,0,003,"VALLEY VIEW ST","ORANGEWOOD AV",0.00,,Y,A,-,N,,,,,,,,,,Y,4,0,2,2,D,-,00,,,N,A,C,A,A,H,-,A,D,0,,,Y,,Y,,-,"- ",0,0,2,0,0,0,0,0,1,"- ","- ",,,ORANGE,CYPRESS,-118.02857971191406,33.795692443847656
9487907,2022,2022-10-21,3004,2022-09-03,2238,P703,04,6,5,6,3004,0,0,0,,0,015,"IRVINE AV","ABBIE WY",0.00,,Y,A,-,N,,,,,,,,,,N,2,0,2,2,A,-,01,23152,A,N,D,C,A,A,H,-,C,D,0,,,Y,,Y,Y,A,01,1,1,0,0,0,0,0,0,1,"- ","- ",33.630561828613281,-117.90666198730469,ORANGE,"COSTA MESA",-117.90663909912109,33.630481719970703
9488316,2022,2022-08-16,3009,2022-07-12,1636,4156,013,2,5,6,3009,0,0,0,,0,011,"VALLEY VIEW ST","BELGRAVE AV",200.00,N,N,A,-,N,,,,,,,,,,N,3,0,1,1,A,-,03,22350,,N,F,A,A,A,H,-,A,A,0,,,Y,,Y,,C,02,0,1,0,0,0,0,0,0,1,"- ","- ",33.785568237304688,-118.02911376953125,ORANGE,"GARDEN GROVE",-118.02860260009766,33.785869598388672
9488451,2022,2022-08-17,3000,2022-06-18,1415,10770,972G5,6,5,5,3017,0,0,0,,0,075,"CALLE SARMENTOSO","CAMINO DEL RIO",0.00,,Y,A,-,N,,,,,,,,,,N,4,0,1,2,D,-,00,,,N,D,C,A,A,H,-,A,D,0,,,Y,,Y,,-,"- ",0,0,1,0,0,0,0,0,1,"- ","- ",,,ORANGE,"SAN CLEMENTE",-117.62191009521484,33.47479248046875
9488453,2022,2022-08-17,3000,2022-06-07,1855,8875,992JA,2,5,5,3017,0,0,0,,0,074,"NORTH EL CAMINO REAL","EAST MARQUITA",0.00,,Y,A,-,N,,,,,,,,,,Y,2,0,1,2,A,-,08,22107,,N,C,C,A,A,H,-,B,A,0,,,Y,,Y,,C,03,1,0,0,0,0,0,0,0,1,"- ","- ",,,ORANGE,"SAN CLEMENTE",-117.616943359375,33.429996490478516
9488460,2022,2022-08-17,3000,2022-06-11,1610,3358,952B4,6,5,4,3018,0,0,0,,0,731,"VILLAGE RD","LAKEVIEW RD",88.00,E,N,A,-,N,,,,,,,,,,Y,3,0,1,1,A,-,03,22350,,N,F,A,A,A,H,-,A,D,0,,,Y,,Y,,C,06,0,1,0,0,0,0,0,0,1,"- ","- ",,,ORANGE,"SAN JUAN CAPISTRANO",-117.67210388183594,33.530967712402344
9488882,2022,2022-08-25,3010,2022-07-25,2326,1035,165,1,5,6,3010,0,0,0,,0,008,"LE GRANDE LN","MAREA DR",108.00,N,N,A,-,N,,,,,,,,,,Y,3,0,1,2,A,-,03,22350,,N,C,E,A,A,H,-,C,D,0,,,Y,,Y,,C,02,0,1,0,0,0,0,0,0,1,"- ","- ",,,ORANGE,"HUNTINGTON BEACH",-118.04801177978516,33.721385955810547
9490288,2022,2022-09-02,3004,2022-08-14,0455,P695,10,7,5,6,3004,0,0,0,,0,012,"VICTORIA ST","SAN MICHEL DR S",405.00,W,N,A,-,N,,,,,,,,,,N,2,0,1,2,A,-,03,22350,,N,C,C,A,A,H,-,C,D,0,,,Y,,Y,,C,02,1,0,0,0,0,0,0,0,1,"- ","- ",33.652439117431641,-117.92545318603516,ORANGE,"COSTA MESA",-117.92535400390625,33.652515411376953
9490289,2022,2022-08-30,3004,2022-08-10,1057,P631,33,3,5,6,3004,0,0,0,,0,005,"BRISTOL ST","TOWN CENTER DR",0.00,,Y,A,-,N,,,,,,,,,,Y,2,0,1,2,A,-,09,21453,C,N,D,C,A,A,H,-,A,A,0,,,Y,,Y,,C,02,1,0,0,0,0,0,0,0,1,"- ","- ",33.692680358886719,-117.88558197021484,ORANGE,"COSTA MESA",-117.88558959960938,33.692562103271484
9491514,2022,2022-09-13,3005,2022-08-17,1833,8281,C33,3,5,4,3005,0,0,0,,0,003,"CERRITOS AV","SAINT ALBAN ST",14.00,N,N,A,-,N,,,,,,,,,,N,3,0,1,2,D,-,00,,,N,B,C,A,A,H,-,A,D,0,,,Y,,Y,,-,"- ",0,1,0,0,0,0,0,0,1,"- ","- ",,,ORANGE,CYPRESS,-118.03830718994141,33.81024169921875
9491588,2022,2022-09-14,3004,2022-08-24,0049,P687,22,3,5,6,3004,0,0,0,,0,010,"W BAKER ST","BRISTOL ST",0.00,,Y,A,-,N,,,,,,,,,,N,3,0,1,2,A,-,00,21954,,N,G,B,D,A,H,-,C,A,0,Y,,Y,,Y,,N,60,0,1,0,0,1,0,0,0,0,"- ","- ",33.680160522460938,-117.88533782958984,ORANGE,"COSTA MESA",-117.88572692871094,33.680122375488281
9493234,2022,2022-09-14,3010,2022-08-27,1241,2134,432,6,5,6,3010,0,0,0,,0,005,"BEACH BL","YORKTOWN AV",28.00,S,N,A,-,Y,ORA,12,39,-,-,2.130,H,-,N,,4,0,1,2,A,-,21,22106,,N,C,C,A,A,H,-,A,A,0,,,Y,,Y,,A,01,0,0,1,0,0,0,0,0,1,"- ","- ",,,ORANGE,"HUNTINGTON BEACH",-117.98857879638672,33.679294586181641
9493243,2022,2022-09-23,3004,2022-08-22,2336,P710,33,1,5,6,3004,0,0,0,,0,005,"BRISTOL ST","RT 405",0.00,,Y,A,-,Y,ORA,12,405,-,-,9.441,R,4,S,N,2,0,1,2,A,-,07,21658,A,N,B,C,A,A,H,-,C,A,0,,,Y,,Y,,A,01,1,0,0,0,0,0,0,0,1,"- ",NO,33.68804931640625,-117.88572692871094,ORANGE,"COSTA MESA",-117.88442230224609,33.687259674072266
9493259,2022,2022-09-23,3011,2022-09-01,1819,31507,44,4,5,4,3011,0,0,0,,0,003,"RT 1","RUBY ST",116.00,N,N,A,-,Y,ORA,12,1,-,-,7.960,H,-,N,Y,3,0,2,2,A,-,09,21804,A,N,D,C,A,A,H,-,A,D,0,,,Y,,Y,,A,01,0,1,1,0,0,0,0,0,1,"- ","- ",,,ORANGE,"LAGUNA BEACH",-117.76911926269531,33.527042388916016
9494045,2022,2022-10-03,3012,2022-08-17,1632,644,22,3,5,5,3012,0,0,0,,0,002,"WHITTIER BL","STONEWOOD ST",283.00,E,N,A,-,Y,ORA,12,39,-,-,22.439,I,5,S,Y,4,0,2,2,A,-,09,21804,A,N,D,C,A,A,H,-,A,D,0,,,Y,,Y,,A,07,0,0,2,0,0,0,0,0,1,"- ","- ",,,ORANGE,"LA HABRA",-117.93807220458984,33.939174652099609
9494230,2022,2022-11-08,3004,2022-09-05,2029,P690,11,1,5,6,3004,0,0,0,,0,002,"NEWPORT BL","W 19TH",27.00,N,N,A,-,Y,ORA,12,55,-,-,2.040,H,-,N,Y,3,0,1,2,D,-,00,,,N,D,J,A,A,H,-,C,A,0,,,Y,,Y,,-,"- ",0,1,0,0,0,0,0,0,1,"- ","- ",33.643501281738281,-117.91632080078125,ORANGE,"COSTA MESA",-117.91631317138672,33.643524169921875
9496506,2022,2022-08-30,3000,2022-07-19,1415,3588,992J4,2,5,5,3017,0,0,0,,0,6M73,"N OLA VISTA","AVENIDA MIRA MAR",0.00,,Y,A,-,N,,,,,,,,,,Y,3,0,1,2,A,-,06,21750,A,N,D,C,A,A,H,-,A,D,0,,,Y,,Y,,C,02,0,1,0,0,0,0,0,0,1,"- ","- ",,,ORANGE,"SAN CLEMENTE",-117.61647033691406,33.427692413330078
9497784,2022,2022-09-22,3000,2022-08-13,0045,10682,797J2,6,5,4,3021,0,0,0,,0,024,"KATELLA AV","BEACH BL",52.00,E,N,A,-,N,,,,,,,,,,N,4,0,1,3,A,-,21,22106,,F,C,C,A,A,H,-,C,A,0,,,Y,,Y,,A,01,0,0,1,0,0,0,0,0,1,"- ","- ",,,ORANGE,STANTON,-117.99285125732422,33.802921295166016
9497816,2022,2022-09-22,3000,2022-08-19,0813,1332,892A3,5,5,5,3050,0,0,0,,0,660,"EL TORO RD","TRABUCO RD",465.00,E,N,A,-,N,,,,,,,,,,Y,2,0,1,2,A,-,09,21801,A,N,D,C,A,A,H,-,A,D,0,,,Y,,Y,,A,01,1,0,0,0,0,0,0,0,1,"- ","- ",,,ORANGE,"LAKE FOREST",-117.67896270751953,33.637729644775391
9497873,2022,2022-09-19,3000,2022-07-29,0849,8577,3000,5,5,4,3045,0,0,0,,0,6M45,"PASEO DE VALENCIA","STOCKPORT ST",70.00,N,N,A,-,N,,,,,,,,,,Y,3,0,1,1,A,-,03,22350,,N,F,A,A,A,H,-,A,D,0,,,Y,,Y,,C,02,0,1,0,0,0,0,0,0,1,"- ","- ",,,ORANGE,"LAGUNA HILLS",-117.70139312744141,33.595878601074219
9498724,2022,2022-12-16,3000,2022-11-09,0745,1920,797J5,3,5,4,3021,0,0,0,,0,721,"BEACH BL","LAMPSON AV",0.00,,Y,B,-,Y,ORA,12,39,-,-,9.171,I,5,S,N,4,0,1,2,A,-,12,21453,A,N,D,C,A,A,H,-,A,A,0,,,Y,,Y,,-,"- ",0,0,1,0,0,0,0,0,1,"- ","- ",,,ORANGE,STANTON,-117.99299621582031,33.781101226806641
9498775,2022,2022-12-16,3012,2022-10-23,1559,702,26,7,5,5,3012,0,0,0,,0,002,"WHITTIER BL","CYPRESS ST",3.00,W,N,A,-,Y,ORA,12,39,-,-,22.219,I,5,N,N,3,0,1,2,A,-,17,21228,,N,D,C,A,A,H,-,A,A,0,,,Y,,Y,,C,03,0,1,0,0,0,0,0,0,1,"- ","- ",,,ORANGE,"LA HABRA",-117.94184112548828,33.939075469970703
9498969,2022,2022-10-19,3003,2022-08-26,1843,1124,,5,5,5,3003,0,0,0,,0,,"LINCOLN AV","KNOTT AV",163.00,W,N,A,-,N,,,,,,,,,,Y,3,0,1,2,A,-,09,21804,A,N,D,C,A,A,H,-,A,D,0,,,Y,,Y,,A,01,0,1,0,0,0,0,0,0,1,"- ","- ",33.831901550292969,-118.01149749755859,ORANGE,"BUENA PARK",-118.01143646240234,33.831981658935547
9499485,2022,2022-11-01,3010,2022-10-07,0707,1251,168,5,5,6,3010,0,0,0,,0,007,"SPRINGDALE ST","HEIL AV",430.00,N,N,B,-,N,,,,,,,,,,Y,4,0,1,2,A,-,09,21804,A,N,D,C,A,A,H,-,A,D,0,,,Y,,Y,,D,22,0,0,1,0,0,0,0,0,1,"- ","- ",,,ORANGE,"HUNTINGTON BEACH",-118.02409362792969,33.723869323730469
9500180,2022,2022-09-30,3012,2022-06-26,0101,712,,7,5,5,3012,0,0,0,,0,004,EUCLID,MONTWOOD,0.00,,Y,A,-,N,,,,,,,,,,N,3,0,1,1,A,-,01,23152,A,N,E,I,A,A,H,-,C,A,0,,,Y,,Y,Y,C,06,0,1,0,0,0,0,0,0,1,"- ","- ",,,ORANGE,"LA HABRA",-117.94651031494141,33.914215087890625
9502049,2022,2022-10-24,3026,2022-09-27,1713,7094,UNIVE,2,5,6,3026,0,0,0,,0,002,"RED HILL AV","MACARTHUR BL",48.00,S,N,A,-,N,,,,,,,,,,N,2,0,1,3,D,-,00,,,N,B,C,A,A,H,-,A,D,0,,,Y,,Y,Y,-,"- ",1,0,0,0,0,0,0,0,1,"- ","- ",,,ORANGE,IRVINE,-117.85501098632812,33.693809509277344
9502139,2022,2022-11-09,3009,2022-10-02,1055,3932,11,7,5,6,3009,0,0,0,,0,032,"KNOTT ST","CHAPMAN AV",375.00,N,N,A,-,N,,,,,,,,,,N,3,0,1,1,C,-,18,,,N,H,A,A,A,H,-,A,D,0,,,Y,,Y,,-,"- ",0,1,0,0,0,0,0,0,1,"- ","- ",,,ORANGE,"GARDEN GROVE",-118.01113128662109,33.789329528808594
9503701,2022,2022-09-27,3000,2022-08-24,1132,10321,973A7,3,5,5,3017,0,0,0,,0,6M75,"AVENIDA LA PATA","AVENIDA PICO",491.00,S,N,A,-,N,,,,,,,,,,N,4,0,1,2,A,-,09,21802,A,N,F,A,A,A,H,-,A,A,0,,,Y,,Y,,A,01,0,0,1,0,0,0,0,0,1,"- ","- ",,,ORANGE,"SAN CLEMENTE",-117.59967041015625,33.455333709716797
9503704,2022,2022-09-27,3000,2022-08-20,1557,4246,992H3,6,5,5,3017,0,0,0,,0,776,"AVENIDA PICO","RT 5",25.00,W,N,A,-,N,,,,,,,,,,Y,3,0,1,1,A,-,08,22107,,N,B,G,A,A,H,-,A,A,0,,,Y,,Y,,C,03,0,1,0,0,0,0,0,0,1,"- ",SF,,,ORANGE,"SAN CLEMENTE",-117.62278747558594,33.438751220703125
9503724,2022,2022-09-26,3000,2022-09-01,1835,2742,992J5,4,5,5,3017,0,0,0,,0,778,"SOUTH EL CAMINO REAL","AVENIDA ALGODON",0.00,,Y,A,-,N,,,,,,,,,,Y,2,0,1,2,A,-,09,21801,A,N,D,C,A,A,H,-,A,A,0,,,Y,,Y,,A,08,1,0,0,0,0,0,0,0,1,"- ","- ",,,ORANGE,"SAN CLEMENTE",-117.61013793945312,33.424713134765625
9504100,2022,2022-10-25,3009,2022-02-08,2026,4762,032,2,5,6,3009,0,0,0,,0,"1 1","CHAPMAN AV","KNOTT ST",0.00,,Y,A,-,N,,,,,,,,,,Y,1,1,0,2,A,-,12,21453,A,N,D,C,A,A,H,-,C,A,0,,,Y,,Y,,C,02,0,0,0,0,0,0,0,1,0,"- ","- ",,,ORANGE,"GARDEN GROVE",-118.01113128662109,33.788303375244141
9504151,2021,2023-06-17,3003,2021-12-05,0526,1184,,7,5,5,3003,0,0,0,,0,,"RT 39","LA PALMA AV",1113.00,N,N,E,-,N,,,,,,,,,,Y,1,1,0,2,A,-,03,22350,,N,C,C,A,B,H,-,C,D,0,,,Y,,Y,Y,C,02,0,0,0,0,0,0,0,1,0,"- ","- ",33.505699157714844,-117.59529876708984,ORANGE,"BUENA PARK",-117.99784088134766,33.849651336669922
9505021,2022,2022-11-02,3004,2022-10-25,0544,P668,17,2,5,6,3004,0,0,0,,0,010,"W BAKER ST","MENDOZA DR",0.00,,Y,A,-,N,,,,,,,,,,N,3,0,1,2,A,-,03,22350,,N,C,C,A,A,H,-,C,A,0,,,Y,,Y,,A,01,0,1,0,0,0,0,0,0,1,"- ","- ",33.680099487304688,-117.90129852294922,ORANGE,"COSTA MESA",-117.90116119384766,33.680122375488281
9507046,2022,2022-10-18,3003,2022-09-17,1353,1279,114,6,5,5,3003,0,0,0,,0,005,"KNOTT AV","LINCOLN AV",499.00,N,N,A,-,N,,,,,,,,,,N,4,0,1,2,A,-,09,21804,A,N,D,C,A,A,H,-,A,D,0,,,Y,,Y,,A,01,0,0,1,0,0,0,0,0,1,"- ","- ",33.833301544189453,-118.01100158691406,ORANGE,"BUENA PARK",-118.01092529296875,33.833347320556641
9507232,2022,2022-10-21,3000,2022-08-23,0627,9606,922C7,2,5,5,3028,0,0,0,,0,M56,"CROWN VALLEY PKWY","MARGUERITE PKWY",54.00,E,N,B,-,N,,,,,,,,,,Y,4,0,1,2,A,-,03,22350,,N,A,C,A,A,H,-,A,D,0,,,Y,,Y,,C,02,0,0,1,0,0,0,0,0,1,"- ","- ",,,ORANGE,"MISSION VIEJO",-117.65804290771484,33.563320159912109
9507260,2022,2022-10-19,3000,2022-09-06,2347,4246,992E2,2,5,4,3029,0,0,0,,0,776,"DEL GADO RD","CAMINO CAPISTRANO",74.00,E,N,A,-,N,,,,,,,,,,Y,3,0,1,1,A,-,01,23152,A,N,E,I,A,A,H,-,C,A,0,,,Y,,Y,Y,C,02,0,1,0,0,0,0,0,0,1,"- ","- ",,,ORANGE,"DANA POINT",-117.64939117431641,33.446018218994141
9507304,2022,2022-10-20,3000,2022-09-26,0958,9192,921D6,1,5,4,3049,0,0,0,,0,6M81,"PACIFIC PARK DR","ALISO VIEJO PKWY",179.00,E,N,A,-,N,,,,,,,,,,N,4,0,1,2,B,-,22,,,N,D,J,A,A,H,-,A,D,0,,,Y,,Y,,C,03,0,0,1,0,0,0,0,0,1,"- ","- ",,,ORANGE,"ALISO VIEJO",-117.73004150390625,33.570671081542969
9508368,2022,2022-11-04,3000,2022-10-01,2105,2742,992G3,6,5,5,3017,0,0,0,,0,778,"NORTH EL CAMINO REAL","BOCA DE LA PLAYA",73.00,N,N,A,-,N,,,,,,,,,,Y,2,0,1,1,A,-,08,22107,,N,E,I,A,A,H,-,C,D,0,,,Y,,Y,,C,02,1,0,0,0,0,0,0,0,1,"- ","- ",,,ORANGE,"SAN CLEMENTE",-117.62996673583984,33.432758331298828
9508424,2022,2022-11-01,3000,2022-08-29,1746,4246,992E2,1,5,5,3017,0,0,0,,0,776,"NORTH EL CAMINO REAL","CAMINO CAPISTRANO",0.00,,Y,A,-,N,,,,,,,,,,Y,3,0,1,2,A,-,08,22100,5,N,D,-,A,A,H,-,A,A,0,,,Y,,Y,,A,07,0,1,0,0,0,0,0,0,1,"- ","- ",,,ORANGE,"SAN CLEMENTE",-117.64520263671875,33.441516876220703
9508621,2022,2022-10-28,3000,2022-09-16,1450,3358,952D7,5,5,4,3018,0,0,0,,0,731,"RANCHO VIEJO","CALLE DE LA ROSA",4.00,S,N,A,-,N,,,,,,,,,,N,3,0,1,2,A,-,17,21663,,N,D,C,A,A,H,-,A,A,0,,,Y,,Y,,C,02,0,1,0,0,0,0,0,0,1,"- ","- ",,,ORANGE,"SAN JUAN CAPISTRANO",-117.65687561035156,33.506210327148438
9512397,2022,2022-11-22,3004,2022-10-14,1011,P655,03,5,5,6,3004,0,0,0,,0,006,"ORANGE AV","EAST 17TH ST",0.00,,Y,B,-,N,,,,,,,,,,Y,3,0,1,1,A,-,08,22107,,N,E,I,A,A,H,-,A,A,0,,,Y,,Y,,C,02,0,1,0,0,0,0,0,0,1,"- ","- ",33.6351318359375,-117.91838073730469,ORANGE,"COSTA MESA",-117.91870880126953,33.635395050048828
9513513,2022,2022-11-22,3004,2022-11-01,1345,P651,02,2,5,6,3004,0,0,0,,0,001,"NEWPORT BL","EAST 17TH ST",55.00,S,N,A,-,Y,ORA,12,55,-,-,1.500,H,-,N,Y,3,0,1,2,A,-,17,22517,,N,D,C,A,A,H,-,A,A,0,,,Y,,Y,,A,01,0,1,0,0,0,0,0,0,1,"- ","- ",33.636001586914062,-117.92189788818359,ORANGE,"COSTA MESA",-117.9217529296875,33.637222290039062
9513950,2022,2022-11-04,3004,2022-10-20,2037,P665,07,4,5,6,3004,0,0,0,,0,002,"NEWPORT BL","22ND ST",530.00,S,N,A,-,N,,,,,,,,,,N,3,0,1,2,A,-,05,21650,,F,D,G,A,A,H,-,C,D,0,,,Y,,Y,,O,05,0,1,0,0,0,0,0,0,1,"- ","- ",33.650390625,-117.90940856933594,ORANGE,"COSTA MESA",-117.90973663330078,33.650714874267578
9514097,2022,2023-02-23,3000,2022-12-27,2133,9342,797J3,2,5,4,3021,0,0,0,,0,024,"BEACH BL","HYNES RD",0.00,,Y,C,-,Y,ORA,12,39,-,-,10.100,H,-,N,Y,2,0,1,2,A,-,03,22350,,N,C,C,A,B,H,-,C,A,0,,,Y,,Y,,C,02,1,0,0,0,0,0,0,0,1,"- ","- ",,,ORANGE,STANTON,-117.99290466308594,33.794593811035156
9514129,2023,2023-02-27,3012,2023-01-16,1348,702,14,1,5,5,3012,0,0,0,,0,001,"BEACH BL","SOCAL EDISON POWER POLE 338244E",111.00,S,N,A,-,Y,ORA,12,39,-,-,20.280,H,-,N,Y,3,0,1,1,A,-,00,23103,A,N,H,I,A,A,H,-,A,D,0,,,Y,,Y,,C,02,0,1,0,0,0,0,0,0,1,"- ","- ",,,ORANGE,"LA HABRA",-117.96773529052734,33.93353271484375
9514138,2023,2023-02-24,3011,2023-01-26,1309,31575,37,4,5,4,3011,0,0,0,,0,001,"LAGUNA CANYON RD","LAGUNA CANYON RD 2133",0.00,,-,A,-,Y,ORA,12,133,-,-,1.440,H,-,N,Y,2,0,1,2,A,-,17,21461,A,N,D,C,A,A,H,-,A,A,0,,,Y,,Y,,C,02,1,0,0,0,0,0,0,0,1,"- ","- ",,,ORANGE,"LAGUNA BEACH",-117.77291107177734,33.5601806640625
9514457,2023,2024-02-22,3000,2023-10-29,"639 ",10824,862D7,7,5,5,3050,0,0,0,,0,1A60,"EL TORO RD","PHEASANT RUN",65.00,W,N,A,-,N,,,,,,,,,,Y,2,0,1,2,A,-,03,22350,,N,C,C,A,A,H,-,B,A,0,,,Y,,Y,,C,02,1,0,0,0,0,0,0,0,1,"- ","- ",,,ORANGE,"LAKE FOREST",-117.64869689941406,33.660873413085938
9514731,2023,2024-02-12,3000,2023-09-05,1452,10077,892A3,2,5,5,3050,0,0,0,,0,763,"EL TORO RD","MONTCLIFF DR",596.00,E,N,B,-,N,,,,,,,,,,Y,3,0,1,2,A,-,03,22350,,N,C,C,A,A,H,-,A,D,0,,,Y,,Y,,C,02,0,1,0,0,0,0,0,0,1,"- ","- ",,,ORANGE,"LAKE FOREST",-117.67599487304688,33.638530731201172
9516076,2022,2022-12-15,3009,2022-11-04,1850,4941,074,5,5,6,3009,0,0,0,,0,011,"GARDEN GROVE BL","CANNERY ST",381.00,W,N,A,-,N,,,,,,,,,,Y,3,0,1,1,A,-,03,22350,,N,H,A,A,A,H,-,A,D,0,,,Y,,Y,,C,02,0,1,0,0,0,0,0,0,1,"- ","- ",,,ORANGE,"GARDEN GROVE",-117.97373199462891,33.773860931396484
9516224,2022,2022-12-08,3000,2022-10-31,1708,4246,937B6,1,5,5,3017,0,0,0,,0,776,"CAMINO LA PEDRIZA","AVENIDA VISTA HERMOSA",26.00,E,N,A,-,N,,,,,,,,,,N,4,0,1,1,A,-,01,23152,A,N,E,I,A,A,H,-,A,A,0,,,Y,,Y,Y,C,02,0,0,1,0,0,0,0,0,1,"- ","- ",,,ORANGE,"SAN CLEMENTE",-117.59285736083984,33.46148681640625
9516382,2022,2022-12-16,3000,2022-11-11,1820,2742,993A4,5,5,5,3017,0,0,0,,0,778,"AVENIDA PRESIDIO","N LA ESPERANZA",550.00,E,N,A,-,N,,,,,,,,,,Y,3,0,1,2,A,-,08,22107,,N,A,E,A,A,H,-,C,D,0,,,Y,,Y,,C,02,0,1,0,0,0,0,0,0,1,"- ","- ",,,ORANGE,"SAN CLEMENTE",-117.61041259765625,33.426967620849609
9516384,2022,2022-12-16,3000,2022-11-26,0839,8389,951G1,6,5,4,3045,0,0,0,,0,6A40,"ALISO CREEK RD","NIGUEL HEIGHTS BL",0.00,,Y,A,-,N,,,,,,,,,,Y,3,0,1,1,A,-,03,22350,,N,F,A,A,A,H,-,A,A,0,,,Y,,Y,,C,02,0,1,0,0,0,0,0,0,1,"- ","- ",,,ORANGE,"LAGUNA HILLS",-117.70496368408203,33.555545806884766
9516543,2022,2022-12-22,3010,2022-11-09,1924,1224,166,3,5,6,3010,0,0,0,,0,008,"WARNER AV","AIRPORT CIR",20.00,E,N,A,-,N,,,,,,,,,,N,2,0,1,1,A,-,03,22350,,N,H,J,A,A,H,-,C,D,0,,,Y,,Y,,C,02,1,0,0,0,0,0,0,0,1,"- ","- ",,,ORANGE,"HUNTINGTON BEACH",-118.03917694091797,33.715290069580078
9516652,2022,2022-12-12,3012,2022-09-02,1718,680,NCJC,5,5,5,3012,0,0,0,,0,002,"HARBOR BL","STEARNS AV",0.00,,Y,A,-,N,,,,,,,,,,Y,2,0,4,2,A,-,12,21453,A,N,D,C,A,A,H,-,A,A,0,,,Y,,Y,,C,02,1,1,2,0,0,0,0,0,1,"- ","- ",,,ORANGE,"LA HABRA",-117.93304443359375,33.933700561523438
9518297,2023,2023-02-15,3003,2023-01-05,1721,652,,4,5,5,3003,0,0,0,,0,005,"LOS ALTOS DR","SAINT ANN AV",90.00,S,N,B,-,N,,,,,,,,,,Y,4,0,3,2,A,-,03,22350,,N,D,C,A,A,H,-,C,D,0,,,Y,,Y,,C,02,0,0,3,0,0,0,0,0,1,"- ","- ",33.834800720214844,-118.03230285644531,ORANGE,"BUENA PARK",-118.03229522705078,33.834712982177734
9519931,2023,2023-02-06,3009,2023-01-21,1742,3511,094,6,5,6,3009,0,0,0,,0,013,"GARDEN GROVE BL","ABBOTT CT",30.00,W,N,A,-,N,,,,,,,,,,N,3,0,1,1,A,-,04,21703,,N,H,A,A,A,H,-,C,D,0,,,Y,,Y,,C,02,0,1,0,0,0,0,0,0,1,"- ","- ",,,ORANGE,"GARDEN GROVE",-117.96578216552734,33.773979187011719
9520202,2021,2023-01-18,3008,2021-11-19,1830,1573,ZONE3,5,5,6,3008,0,0,0,,0,,"BRADFORD AV","QUARTZ LN",0.00,,Y,A,-,N,,,,,,,,,,Y,1,1,0,2,A,-,09,21802,A,N,E,I,A,A,H,-,C,A,0,,,Y,,Y,,A,01,0,0,0,0,0,0,0,1,0,"- ","- ",,,ORANGE,FULLERTON,-117.86711120605469,33.883621215820312
9520206,2021,2023-02-14,3002,2021-03-14,1332,1672,,7,5,4,3002,0,0,0,,0,012,"RT 142","OLINDA DR",2640.00,E,N,A,-,Y,ORA,12,142,-,-,5.010,H,-,E,Y,1,1,0,2,A,-,01,23152,A,N,B,C,A,A,H,-,A,D,0,,,Y,,Y,Y,C,02,0,0,0,0,0,0,0,1,0,"- ","- ",33.928359985351562,-117.80001068115234,ORANGE,BREA,-117.79628753662109,33.931388854980469
9520430,2022,2023-02-22,3003,2022-12-03,1149,1124,,6,5,5,3003,0,0,0,,0,,"KNOTT AV","MONROE AV",438.00,S,N,A,-,N,,,,,,,,,,Y,1,1,0,2,A,-,03,22350,,N,C,A,A,A,H,-,A,A,0,,,Y,,Y,,C,02,0,0,0,0,0,0,0,1,0,"- ","- ",33.834098815917969,-118.01069641113281,ORANGE,"BUENA PARK",-118.01107788085938,33.834037780761719
9520555,2023,2023-05-23,3000,2023-01-05,1728,8521,952B2,4,5,5,3040,0,0,0,,0,017,"CAMINO CAPISTRANO","AVERY PKWY",1477.00,S,N,A,-,N,,,,,,,,,,Y,1,1,0,2,A,-,05,21651,A,N,D,C,A,A,H,-,D,D,0,,,Y,,Y,,A,07,0,0,0,0,0,0,0,1,0,"- ","- ",33.324001312255859,-117.40280151367188,ORANGE,"LAGUNA NIGUEL",-117.67440795898438,33.543239593505859
9520562,2022,2023-05-26,3002,2022-05-06,1853,1672,,5,5,4,3002,0,0,0,,0,012,"CARBON CANYON RD","BREA HILLS AV",27.00,E,N,A,-,N,,,,,,,,,,Y,1,1,0,2,A,-,08,22107,,N,D,C,A,A,H,-,A,D,0,,,Y,,Y,Y,C,02,0,0,0,0,0,0,0,1,0,"- ","- ",33.922260284423828,-117.83316040039062,ORANGE,BREA,-117.8331298828125,33.922451019287109
9520572,2023,2025-07-22,3012,2023-03-26,2040,629,22,7,5,5,3012,0,0,0,,0,002,"RT 39","CHESTNUT ST",108.00,E,N,A,-,Y,ORA,12,39,-,-,22.340,H,-,N,Y,1,1,0,4,A,-,03,22350,,N,C,C,A,A,H,-,C,D,0,,,Y,,Y,Y,C,02,0,0,0,0,0,0,0,1,0,"- ","- ",,,ORANGE,"LA HABRA",-117.9398193359375,33.939075469970703
9520722,2022,2023-07-10,3004,2022-11-30,1601,P677,08,3,5,6,3004,0,0,0,,0,015,"PLACENTIA AV","HAMILTON ST",739.00,S,N,A,-,N,,,,,,,,,,Y,1,1,0,2,A,-,03,22350,,N,D,C,A,A,H,-,A,D,0,,,Y,,Y,,C,02,0,0,0,0,0,0,0,1,0,"- ","- ",33.64849853515625,-117.93199920654297,ORANGE,"COSTA MESA",-117.93205261230469,33.648582458496094
9520778,2022,2023-08-17,3000,2022-05-16,1813,8521,892D4,1,5,5,3028,0,0,0,,0,058,"MARGUERITE PKWY","TRES VISTAS",0.00,,Y,A,-,N,,,,,,,,,,Y,1,1,0,2,A,-,03,22350,,N,D,C,A,A,H,-,B,A,0,,,Y,,Y,,C,02,0,0,0,0,0,0,0,1,0,"- ","- ",33.375480651855469,-117.38567352294922,ORANGE,"MISSION VIEJO",-117.64984893798828,33.631145477294922
9520842,2022,2023-08-24,3003,2022-12-29,0043,1160,,4,5,5,3003,0,0,0,,0,001,RT-39,"LOS COYOTES DR",310.00,S,N,B,-,Y,ORA,12,39,-,-,17.190,H,-,S,Y,1,1,0,2,A,-,03,22350,,N,D,C,A,A,H,-,C,D,0,,,Y,,Y,Y,C,02,0,0,0,0,0,0,0,1,0,"- ","- ",33.895130157470703,-117.98818969726562,ORANGE,"BUENA PARK",-117.98868560791016,33.894512176513672
9520921,2023,2025-06-25,3010,2023-04-13,1549,2166,173,4,5,6,3010,0,0,0,,0,008,"WARNER AV","BRIGHTWATER DR",62.33,W,N,A,-,N,,,,,,,,,,Y,1,1,0,1,A,-,01,23152,A,N,E,I,A,A,H,-,A,D,0,,,Y,,Y,Y,C,02,0,0,0,0,0,0,0,1,0,"- ","- ",33.711841583251953,-118.05142974853516,ORANGE,"HUNTINGTON BEACH",-118.05164337158203,33.711814880371094
9521395,2022,2022-11-10,3000,2022-09-28,1351,10052,891F3,3,5,5,3050,0,0,0,,0,060,"MUIRLANDS BL","ASPAN ST",0.00,,Y,A,-,N,,,,,,,,,,N,3,0,2,2,A,-,12,21453,A,N,D,C,A,A,H,-,A,A,0,,,Y,,Y,,C,02,0,1,1,0,0,0,0,0,1,"- ","- ",33.636600494384766,-117.71160125732422,ORANGE,"LAKE FOREST",-117.71162414550781,33.636619567871094
9521558,2022,2022-11-09,3009,2022-10-27,0905,4659,124,4,5,6,3009,0,0,0,,0,021,"EUCLID ST","MAIN ST",65.00,N,N,A,-,N,,,,,,,,,,N,4,0,1,1,A,-,03,22350,,N,E,I,A,A,H,-,A,D,0,,,Y,,Y,,C,02,0,0,1,0,0,0,0,0,1,"- ","- ",,,ORANGE,"GARDEN GROVE",-117.94107818603516,33.780216217041016
9522088,2022,2022-12-01,3026,2022-10-22,1151,605,CROSS,6,5,6,3026,0,0,0,,0,005,DEERFIELD,CULVER,507.00,E,N,B,-,N,,,,,,,,,,Y,3,0,1,2,A,-,17,21461,A,N,D,C,A,A,H,-,A,A,0,,,Y,,Y,,A,01,0,1,0,0,0,0,0,0,1,"- ","- ",,,ORANGE,IRVINE,-117.79633331298828,33.696201324462891
9523157,2022,2022-12-27,3003,2022-10-31,2117,1277,,1,5,5,3003,0,0,0,,0,,"ORANGETHORPE AV","CENTERPOINTE DR",125.00,E,N,A,-,N,,,,,,,,,,Y,4,0,1,2,A,-,09,21804,A,N,D,C,A,A,H,-,C,D,0,,,Y,,Y,,A,01,0,0,1,0,0,0,0,0,1,"- ","- ",,,ORANGE,"BUENA PARK",-118.03079223632812,33.858860015869141
9524330,2022,2022-12-22,3000,2022-08-08,1554,5163,922A7,1,5,5,3040,0,0,0,,0,18741,"CROWN VALLEY PKWY","CABOT RD",28.00,N,N,A,-,N,,,,,,,,,,N,3,0,1,2,A,-,21,22106,,N,C,C,A,A,H,-,A,A,0,,,Y,,Y,,A,07,0,1,0,0,0,0,0,0,1,"- ","- ",,,ORANGE,"LAGUNA NIGUEL",-117.67897796630859,33.557098388671875
9524402,2022,2022-12-13,3000,2022-09-13,2117,3160,972C3,2,5,4,3018,0,0,0,,0,432,"VALLE RD","LA NOVIA",65.00,S,N,A,-,N,,,,,,,,,,N,2,0,1,1,A,-,08,22107,,N,E,J,A,A,H,-,C,D,0,,,Y,,Y,,C,02,1,0,0,0,0,0,0,0,1,"- ","- ",,,ORANGE,"SAN JUAN CAPISTRANO",-117.66301727294922,33.488349914550781
9528476,2022,2022-11-16,3011,2022-10-19,2217,31273,63,3,5,4,3011,0,0,0,,0,003,"PARK AV","TAHITI AV",70.00,E,N,A,-,N,,,,,,,,,,Y,2,0,1,1,B,-,22,,,N,H,A,A,A,H,-,C,D,0,,,Y,,Y,,C,02,1,0,0,0,0,0,0,0,1,"- ","- ",,,ORANGE,"LAGUNA BEACH",-117.76458740234375,33.548721313476562
9528796,2022,2022-12-05,3004,2022-10-31,0754,P631,10,1,5,6,3004,0,0,0,,0,012,"VICTORIA ST","CONTINENTAL AV",0.00,,Y,A,-,N,,,,,,,,,,Y,2,0,1,2,A,-,03,22350,,N,C,C,A,A,H,-,A,A,0,,,Y,,Y,,C,02,1,0,0,0,0,0,0,0,1,"- ",SO,33.652568817138672,-117.93498992919922,ORANGE,"COSTA MESA",-117.93515777587891,33.652675628662109
9529862,2022,2022-12-09,3011,2022-11-03,1602,31241,84,4,5,4,3011,0,0,0,,0,003,"RT 1","2ND AV",0.00,,Y,A,-,Y,ORA,12,1,-,-,5.791,I,5,N,,3,0,3,2,D,-,00,,,N,D,C,A,A,H,-,A,D,0,,,Y,,Y,,-,"- ",0,1,2,0,0,0,0,0,1,"- ","- ",,,ORANGE,"LAGUNA BEACH",-117.74462890625,33.502872467041016
9529934,2022,2023-01-10,3000,2022-08-17,1926,5013,972B7,3,5,4,3029,0,0,0,,0,736,"PACIFIC COAST HWY","PALISADES DR",1056.00,W,N,A,-,N,,,,,,,,,,Y,2,0,2,2,A,-,11,21954,A,N,G,B,D,A,H,-,B,D,0,Y,,Y,,Y,Y,N,60,1,1,0,0,1,0,0,0,1,"- ","- ",,,ORANGE,"DANA POINT",-117.67063903808594,33.457313537597656
9529994,2022,2023-01-12,3000,2022-11-06,2500,10186,992E2,7,5,4,3029,0,0,0,,0,6M38,"PACIFIC COAST HWY","CAMINO CAPISTRANO",2354.00,N,N,A,-,N,,,,,,,,,,Y,2,0,1,1,A,-,01,23152,G,N,E,I,A,A,H,-,D,D,0,,,Y,,Y,Y,C,02,1,0,0,0,0,0,0,0,1,"- ","- ",,,ORANGE,"DANA POINT",-117.65106964111328,33.445667266845703
9530036,2022,2022-12-14,3003,2022-10-28,2131,1283,,5,5,5,3003,0,0,0,,0,,"BEACH BL","AZALEA DR",278.00,S,N,A,-,N,,,,,,,,,,Y,4,0,1,2,A,-,09,21801,A,N,B,C,A,A,H,-,C,A,0,,,Y,,Y,,A,07,0,0,1,0,0,0,0,0,1,"- ","- ",33.852901458740234,-117.997802734375,ORANGE,"BUENA PARK",-117.99786376953125,33.853069305419922
9530598,2022,2022-12-14,3009,2022-11-15,1346,4352,103,2,5,6,3009,0,0,0,,0,"1 2","LAMPSON AV","NUTWOOD ST",0.00,,Y,A,-,N,,,,,,,,,,Y,4,0,1,2,A,-,12,22450,A,N,D,C,A,A,H,-,A,A,0,,,Y,,Y,,A,01,0,0,1,0,0,0,0,0,1,"- ","- ",,,ORANGE,"GARDEN GROVE",-117.94981384277344,33.781391143798828
9531748,2022,2022-11-09,3000,2022-10-08,1838,6717,892A1,6,5,5,3050,0,0,0,,0,762,"LAKE FOREST DR","PITTSFORD DR",16.00,E,N,A,-,N,,,,,,,,,,N,4,0,1,2,A,-,04,21703,,N,C,C,A,A,H,-,C,A,0,,,Y,,Y,,A,01,0,0,1,0,0,0,0,0,1,"- ","- ",33.391090393066406,-117.40251159667969,ORANGE,"LAKE FOREST",-117.67362976074219,33.652980804443359
9532060,2022,2022-11-15,3000,2022-08-05,1900,9696,921G6,5,5,5,3040,0,0,0,,0,743,"CROWN VALLEY PKWY","RT 5",65.00,W,N,A,-,N,,,,,,,,,,N,4,0,1,2,A,-,03,22350,,F,B,C,A,A,H,-,A,A,0,,,Y,,Y,,A,01,0,0,1,0,0,0,0,0,1,"- ",SO,,,ORANGE,"LAGUNA NIGUEL",-117.67333984375,33.559009552001953
9532075,2022,2022-11-17,3004,2022-10-31,2037,P713,27,1,5,6,3004,0,0,0,,0,015,"HARBOR BL","SOUTH COAST",12.00,S,N,A,-,N,,,,,,,,,,Y,2,0,2,1,C,-,18,,,N,H,J,A,A,G,-,C,D,0,,,Y,,Y,,-,"- ",1,1,0,0,0,0,0,0,2,"- ","- ",33.691688537597656,-117.92079162597656,ORANGE,"COSTA MESA",-117.91954040527344,33.691585540771484
9532077,2022,2022-11-17,3004,2022-10-29,1842,P677,09,6,5,6,3004,0,0,0,,0,007,"WEST 19TH ST","MEYER PL",224.00,E,N,A,-,N,,,,,,,,,,Y,3,0,1,2,A,-,09,21801,A,F,D,C,A,A,H,-,B,D,0,,,Y,,Y,Y,A,01,0,1,0,0,0,0,0,0,1,"- ","- ",33.643501281738281,-117.92389678955078,ORANGE,"COSTA MESA",-117.92403411865234,33.643440246582031
9533274,2023,2023-02-17,3005,2023-01-05,1351,8272,C10,4,5,4,3005,0,0,0,,0,001,"WALKER ST","CRESCENT AV",0.00,,Y,B,-,N,,,,,,,,,,N,4,0,1,2,A,-,03,22350,,F,C,D,A,A,H,-,A,A,0,,,Y,,Y,Y,C,02,0,0,1,0,0,0,0,0,1,"- ","- ",,,ORANGE,CYPRESS,-118.03713226318359,33.839065551757812
9533279,2023,2023-02-17,3004,2023-01-01,1133,P669,20,7,5,6,3004,0,0,0,,0,011,"ADAMS AV","HARBOR BL",897.00,E,N,B,-,N,,,,,,,,,,N,3,0,1,2,A,-,09,21801,A,N,E,I,A,B,H,-,A,D,0,,,Y,,Y,,A,01,0,1,0,0,0,0,0,0,1,"- ","- ",33.67340087890625,-117.916259765625,ORANGE,"COSTA MESA",-117.91642761230469,33.673488616943359
9534742,2022,2023-02-01,3009,2022-12-28,2257,3927,127,3,5,6,3009,0,0,0,,0,2-3,"NADIA WY","WESTMINSTER AV",0.00,,Y,A,-,N,,,,,,,,,,N,3,0,1,3,A,-,17,22109,,M,C,C,A,A,H,-,C,D,0,,,Y,,Y,,-,99,0,1,0,0,0,0,0,0,1,"- ","- ",,,ORANGE,"GARDEN GROVE",-117.93048095703125,33.759647369384766
9536331,2022,2023-01-12,3000,2022-12-20,1930,10576,952/B,2,5,5,3028,0,0,0,,0,755,"AVERY PKWY","RT 5",32.00,E,N,A,-,Y,ORA,12,5,-,-,12.820,R,4,N,Y,4,0,1,2,A,-,08,22107,,N,B,C,A,A,H,-,C,D,0,,,Y,,Y,,A,07,0,0,1,0,0,0,0,0,1,"- ",NF,,,ORANGE,"MISSION VIEJO",-117.67306518554688,33.545379638671875
9537967,2022,2023-01-11,3009,2022-12-14,1453,4857,075,3,5,6,3009,0,0,0,,0,013,"NEWLAND ST","LARSON AV",0.00,,Y,A,-,N,,,,,,,,,,N,4,0,1,2,A,-,09,21804,A,N,D,C,A,A,H,-,A,D,0,,,Y,,Y,,A,08,0,0,1,0,0,0,0,0,1,"- ","- ",,,ORANGE,"GARDEN GROVE",-117.98117828369141,33.772048950195312
9538249,2022,2023-01-18,3009,2022-12-14,1203,4626,111,3,5,6,3009,0,0,0,,0,021,"EUCLID ST","DUDLEY AV",42.00,S,N,A,-,N,,,,,,,,,,Y,4,0,1,2,A,-,09,21804,A,N,A,C,A,A,H,-,A,D,0,,,Y,,Y,,A,01,0,0,1,0,0,0,0,0,1,"- ","- ",,,ORANGE,"GARDEN GROVE",-117.94147491455078,33.800914764404297
9538989,2022,2023-02-16,3004,2022-12-26,1300,P651,14,1,5,6,3004,0,0,0,,0,009,"ORIOLE DR","PLACENTIA AV",4.00,E,N,A,-,N,,,,,,,,,,N,3,0,1,2,A,-,09,21804,A,F,D,C,A,A,H,-,A,D,0,,,Y,,Y,,O,05,0,1,0,0,0,0,0,0,1,"- ","- ",33.671298980712891,-117.93540191650391,ORANGE,"COSTA MESA",-117.93576049804688,33.671352386474609
9539820,2022,2023-02-03,3000,2022-12-10,0930,5036,892D4,6,5,5,3028,0,0,0,,0,751,"MARGUERITE PKWY",ANTELA,266.00,N,N,A,-,N,,,,,,,,,,Y,3,0,1,1,A,-,08,22107,,N,F,A,A,A,H,-,A,D,0,,,Y,,Y,,C,02,0,1,0,0,0,0,0,0,1,"- ","- ",,,ORANGE,"MISSION VIEJO",-117.65019989013672,33.630775451660156
9539920,2022,2023-02-01,3000,2022-12-05,1940,7734,892E2,1,5,5,3028,0,0,0,,0,752,"MARGUERITE PKWY","MUSTANG RUN",628.00,S,N,A,-,N,,,,,,,,,,Y,3,0,1,2,A,-,09,21801,A,N,D,C,A,A,H,-,C,D,0,,,Y,,Y,,A,07,0,1,0,0,0,0,0,0,1,"- ","- ",,,ORANGE,"MISSION VIEJO",-117.64426422119141,33.64837646484375
9539923,2022,2023-02-03,3000,2022-12-23,1708,9696,922A7,5,5,5,3040,0,0,0,,0,743,"CROWN VALLEY PKWY","FOREBS RD",377.00,E,N,A,-,N,,,,,,,,,,Y,4,0,1,2,A,-,03,22350,,N,C,C,A,A,H,-,C,A,0,,,Y,,Y,,C,02,0,0,1,0,0,0,0,0,1,"- ","- ",,,ORANGE,"LAGUNA NIGUEL",-117.67537689208984,33.558578491210938
9540465,2022,2023-01-25,3000,2022-11-29,1600,10573,892A6,2,5,5,3028,0,0,0,,0,2A52,"LOS ALISOS",JERONIMO,675.00,E,N,A,-,N,,,,,,,,,,Y,4,0,1,2,A,-,08,22107,,N,B,C,A,A,H,-,A,D,0,,,Y,,Y,,C,02,0,0,1,0,0,0,0,0,0,"- ","- ",,,ORANGE,"MISSION VIEJO",-117.68370819091797,33.624340057373047
9541186,2022,2023-01-31,3012,2022-11-14,0546,568,42,1,5,5,3012,0,0,0,,0,004,"LAMBERT RD","TELEPHONE POLE GT93388",108.00,E,N,A,-,N,,,,,,,,,,Y,2,0,1,1,C,-,18,,,N,E,J,A,A,H,-,C,D,0,,,Y,,Y,,-,"- ",1,0,0,0,0,0,0,0,1,"- ","- ",,,ORANGE,"LA HABRA",,
9541239,2023,2023-02-16,3004,2023-01-09,1923,P608,27,1,5,6,3004,0,0,0,,0,004,"HARBOR BL","SUNFLOWER AV",25.00,S,N,B,-,N,,,,,,,,,,Y,2,0,2,2,A,-,03,22350,,N,A,C,A,B,H,-,C,A,0,,,Y,,Y,,A,01,1,1,0,0,0,0,0,0,1,"- ","- ",33.695468902587891,-117.91950988769531,ORANGE,"COSTA MESA",-117.91938781738281,33.695590972900391
9542499,2022,2023-01-12,3012,2022-11-04,1552,644,14,5,5,5,3012,0,0,0,,0,001,"WHITTIER BL","HACIENDA DR",71.00,W,N,A,-,Y,ORA,12,39,-,-,20.860,H,-,S,N,3,0,1,2,A,-,07,21658,A,N,B,C,A,A,H,-,A,A,0,,,Y,,Y,,C,02,0,1,0,0,0,0,0,0,1,"- ","- ",,,ORANGE,"LA HABRA",-117.96512603759766,33.939662933349609
9542963,2022,2023-01-30,3000,2022-11-27,1908,4246,993B6,7,5,5,3017,0,0,0,,0,776,"SOUTH EL CAMINO REAL","RT 5",0.00,,Y,A,-,Y,ORA,12,5,-,-,1.257,R,4,N,Y,3,0,1,2,A,-,01,23152,A,N,D,C,A,A,H,-,C,A,0,,,Y,,Y,Y,C,02,0,1,0,0,0,0,0,0,1,"- ","- ",,,ORANGE,"SAN CLEMENTE",-117.60210418701172,33.413242340087891
9543071,2022,2023-02-01,3000,2022-12-23,1110,11752,921G5,5,5,4,3045,0,0,0,,0,746,"LA PAZ RD",MERIENDA,0.00,,Y,A,-,N,,,,,,,,,,Y,4,0,1,2,A,-,09,21800,A,N,C,C,A,A,H,-,A,A,0,,,Y,,Y,,C,02,0,0,1,0,0,0,0,0,1,"- ","- ",,,ORANGE,"LAGUNA HILLS",-117.70494079589844,33.575103759765625
9543802,2022,2023-01-30,3011,2022-12-10,2042,31507,84,6,5,4,3011,0,0,0,,0,003,"RT 1","3RD AV",74.00,S,N,A,-,Y,ORA,12,1,-,-,5.720,H,-,S,Y,4,0,1,2,A,-,07,21658,A,N,B,C,A,A,H,-,C,A,0,,,Y,,Y,,I,11,0,0,1,0,0,0,0,0,1,"- ","- ",,,ORANGE,"LAGUNA BEACH",-117.74412536621094,33.501949310302734
9544209,2022,2023-02-08,3011,2022-12-17,1227,31241,42,6,5,4,3011,0,0,0,,0,002,"RT 1","BROOKS ST",28.00,N,N,A,-,Y,ORA,12,1,-,-,8.580,H,-,S,Y,4,0,1,3,A,-,03,22350,,N,B,C,A,A,H,-,A,D,0,,,Y,,Y,,C,02,0,0,1,0,0,0,0,0,1,"- ","- ",,,ORANGE,"LAGUNA BEACH",-117.77648162841797,33.533420562744141
9547857,2023,2023-03-07,3003,2023-02-08,1455,1184,,3,5,5,3003,0,0,0,,0,,"COMMONWEALTH AV","DARLINGTON AV",0.00,,Y,A,-,N,,,,,,,,,,Y,3,0,1,2,A,-,09,21802,,N,D,C,A,A,H,-,A,D,0,,,Y,,Y,,A,01,0,1,0,0,0,0,0,0,1,"- ","- ",33.869899749755859,-117.99579620361328,ORANGE,"BUENA PARK",-117.99594116210938,33.869869232177734
9548835,2022,2023-02-13,3000,2022-11-21,0955,7734,922C2,1,5,5,3028,0,0,0,,0,750,"MARGUERITE PKWY","VIA FLORECER",245.00,S,N,A,-,N,,,,,,,,,,Y,4,0,1,2,A,-,07,21658,A,N,C,C,A,A,H,-,A,D,0,,,Y,,Y,,A,07,0,0,1,0,0,0,0,0,1,"- ","- ",,,ORANGE,"MISSION VIEJO",-117.65696716308594,33.599990844726562
9551151,2023,2023-03-14,3011,2023-02-13,1729,31543,42,1,5,4,3011,0,0,0,,0,002,"RT 1","BROOKS ST",40.00,,N,A,-,Y,ORA,12,1,-,-,8.560,H,-,S,Y,3,0,1,2,A,-,03,22350,,N,D,C,A,A,H,-,B,A,0,,,Y,,Y,,C,02,0,1,0,0,0,0,0,0,1,"- ","- ",,,ORANGE,"LAGUNA BEACH",-117.77629852294922,33.533180236816406
9551415,2023,2023-02-23,3000,2023-01-20,2207,12182,922B6,5,5,5,3028,0,0,0,,0,7A55,"DOCTOR GUEVARA WY","LA ALAMEDA",131.00,N,N,A,-,N,,,,,,,,,,Y,2,0,1,1,A,-,08,22107,,N,F,A,A,A,H,-,C,D,0,,,Y,,Y,,C,02,1,0,0,0,0,0,0,0,1,"- ","- ",,,ORANGE,"MISSION VIEJO",-117.66828155517578,33.563819885253906
9551424,2023,2023-02-27,3000,2023-01-21,"930 ",11752,891D7,6,5,3,3051,0,0,0,,0,746,"EL TORO RD","CALLE SONORA",28.00,W,N,A,-,N,,,,,,,,,,Y,4,0,1,2,A,-,03,22350,,N,C,C,A,A,H,-,A,A,0,,,Y,,Y,,A,08,0,0,1,0,0,0,0,0,1,"- ","- ",,,ORANGE,"LAGUNA WOODS",-117.73246002197266,33.609016418457031
9551428,2023,2023-02-27,3009,2023-01-23,1611,4021,093,1,5,6,3009,0,0,0,,0,012,"GILBERT ST","BIXBY AV",29.00,S,N,A,-,N,,,,,,,,,,Y,4,0,1,2,A,-,08,22107,,N,B,C,A,A,H,-,A,A,0,,,Y,,Y,,C,02,0,0,1,0,0,0,0,0,1,"- ","- ",33.785331726074219,-117.96737670898438,ORANGE,"GARDEN GROVE",-117.96737670898438,33.785251617431641
9551757,2022,2023-03-09,3003,2022-09-11,1312,1290,,7,5,5,3003,0,0,0,,0,,"LINCOLN AV","KNOTT AV",407.00,W,N,-,-,N,,,,,,,,,,Y,4,0,1,2,A,-,09,21804,A,N,D,C,A,-,H,-,A,D,0,,,Y,,Y,,A,08,0,0,1,0,0,0,0,0,1,"- ","- ",33.995399475097656,-118.00449371337891,ORANGE,"BUENA PARK",-118.01223754882812,33.83197021484375
9553033,2023,2023-04-05,3012,2023-02-02,1236,629,27,4,5,5,3012,0,0,0,,0,002,"PALM ST","LA HABRA BL",0.00,,Y,A,-,N,,,,,,,,,,N,4,0,1,2,A,-,12,21453,A,N,D,C,A,A,H,-,A,A,0,,,Y,,Y,,A,07,0,0,1,0,0,0,0,0,1,"- ","- ",,,ORANGE,"LA HABRA",-117.92440795898438,33.931873321533203
9553055,2023,2023-03-04,3012,2023-01-28,1749,686,27,6,5,5,3012,0,0,0,,0,002,"HARBOR BL","STEARNS AV",283.00,N,N,A,-,N,,,,,,,,,,N,3,0,1,2,A,-,08,22107,,N,B,C,A,A,H,-,B,A,0,,,Y,,Y,,A,07,0,1,0,0,0,0,0,0,1,"- ","- ",,,ORANGE,"LA HABRA",-117.93305969238281,33.934474945068359
9555226,2023,2023-04-14,3012,2023-03-05,2321,678,12,7,5,5,3012,0,0,0,,0,001,"W WHITTIER BL","HACIENDA RD",0.00,,Y,B,-,Y,ORA,12,39,-,-,20.880,I,5,N,N,2,0,2,2,A,-,12,21453,A,N,D,C,A,A,H,-,C,A,0,,,Y,,Y,,C,02,1,0,1,0,0,0,0,0,1,"- ","- ",,,ORANGE,"LA HABRA",-117.96473693847656,33.939498901367188
9558768,2023,2023-03-21,3013,2023-01-20,1545,206,L08,5,5,3,3013,0,0,0,,0,,"KATELLA AV","LOS ALAMITOS BL",0.00,,Y,A,-,N,,,,,,,,,,Y,3,0,1,2,A,-,06,21760,,F,D,G,A,A,H,-,A,A,0,,Y,Y,,Y,,C,06,0,1,0,0,0,0,1,0,0,"- ","- ",,,ORANGE,"LOS ALAMITOS",-118.07192993164062,33.803028106689453
9559714,2023,2023-03-30,3004,2023-03-19,"137 ",P711,35,7,5,6,3004,0,0,0,,0,008,"FAIRVIEW RD","N NEWPORT BL",20.00,W,N,A,-,N,,,,,,,,,,Y,4,0,1,1,A,-,03,22350,,N,E,I,A,A,H,-,C,D,0,,,Y,,Y,,C,02,0,0,1,0,0,0,0,0,1,"- ","- ",33.652400970458984,-117.90760040283203,ORANGE,"COSTA MESA",-117.90779113769531,33.652050018310547
9560040,2023,2023-04-27,3013,2023-03-05,1835,206,L05,7,5,3,3013,0,0,0,,0,004,"LOS ALAMITOS BL","SERPENTINE DR",70.00,S,N,A,-,N,,,,,,,,,,N,3,0,1,2,A,-,03,22350,,N,C,C,A,A,H,-,C,D,0,,,Y,,Y,,O,05,0,1,0,0,0,0,0,0,1,"- ","- ",,,ORANGE,"LOS ALAMITOS",-118.07186126708984,33.807788848876953
9560846,2023,2023-03-22,3000,2023-03-03,"820 ",3950,921E7,5,5,4,3049,0,0,0,,0,782,LIBERTY,"ALISO VIEJO PKWY",0.00,,Y,A,-,N,,,,,,,,,,N,3,0,1,2,A,-,17,21228,,N,D,C,A,A,H,-,A,A,0,,,Y,,Y,,C,03,0,1,0,0,0,0,0,0,1,"- ","- ",,,ORANGE,"ALISO VIEJO",-117.72840881347656,33.566104888916016
9562959,2023,2023-05-09,3004,2023-03-18,1623,P691,10,6,5,6,3004,0,0,0,,0,015,"HARBOR BL","VICTORIA ST",589.00,N,N,A,-,N,,,,,,,,,,N,4,0,1,2,A,-,03,22350,,N,D,J,A,A,H,-,A,D,0,,,Y,,Y,,C,03,0,0,1,0,0,0,0,0,1,"- ","- ",33.653999328613281,-117.91799926757812,ORANGE,"COSTA MESA",-117.91909790039062,33.654144287109375
9563460,2023,2023-04-28,3004,2023-03-06,"648 ",P693,20,1,5,6,3004,0,0,0,,0,011,"ADAMS AV","FAIRVIEW RD",62.00,W,N,B,-,N,,,,,,,,,,Y,3,0,1,1,A,-,03,22350,,N,E,I,A,A,H,-,A,A,0,,,Y,,Y,,C,02,0,1,0,0,0,0,0,0,1,"- ","- ",33.675849914550781,-117.90824127197266,ORANGE,"COSTA MESA",-117.90805053710938,33.675819396972656
9563836,2023,2023-04-26,3004,2023-03-20,1444,P648,09,1,5,6,3004,0,0,0,,0,007,"WEST 19TH ST","POMONA AV",303.00,W,N,B,-,N,,,,,,,,,,Y,2,0,1,2,A,-,09,21801,A,N,D,C,A,A,H,-,A,D,0,,,Y,,Y,,A,01,1,0,0,0,0,0,0,0,1,"- ","- ",33.643398284912109,-117.92870330810547,ORANGE,"COSTA MESA",-117.92866516113281,33.643390655517578
9567518,2023,2023-05-26,3003,2023-04-16,1636,1206,,7,5,5,3003,0,0,0,,0,,"ORANGETHORPE AV","BEACH BL",450.00,W,N,A,-,N,,,,,,,,,,N,4,0,2,3,A,-,12,21453,A,N,D,C,A,A,H,-,A,A,0,,,Y,,Y,,A,01,0,0,2,0,0,0,0,0,2,"- ","- ",33.858798980712891,-117.99960327148438,ORANGE,"BUENA PARK",-117.99948120117188,33.858974456787109
9567967,2023,2023-06-22,3000,2023-05-05,2038,11095,SOUTH,5,5,4,3029,0,0,0,,0,435,"CHRISTINA DR","MARGARITA ST",11.00,S,N,A,-,N,,,,,,,,,,N,2,0,1,1,A,-,03,22350,,N,F,A,A,A,H,-,C,D,0,,,Y,,Y,,C,02,1,0,0,0,0,0,0,0,1,"- ","- ",33.482639312744141,-117.70086669921875,ORANGE,"DANA POINT",-117.70088958740234,33.482662200927734
9568953,2023,2023-06-01,3012,2023-05-07,1909,702,22,7,5,5,3012,0,0,0,,0,002,"WHITTIER BL","STONEWOOD ST",514.00,E,N,A,-,Y,ORA,12,39,-,-,22.510,H,-,S,Y,3,0,1,1,A,-,00,23103,A,N,H,I,A,A,H,-,A,D,0,,,Y,,Y,,C,02,0,1,0,0,0,0,0,0,1,"- ","- ",,,ORANGE,"LA HABRA",-117.93645477294922,33.939174652099609
9569150,2023,2023-06-21,3004,2023-05-26,1406,P691,02,5,5,6,3004,0,0,0,,0,001,"NEWPORT BL","E 16TH ST",517.00,N,N,B,-,Y,ORA,12,55,-,-,1.350,H,-,N,Y,2,0,1,2,A,-,03,22350,,N,C,C,A,A,H,-,A,A,0,,,Y,,Y,,C,02,1,0,0,0,0,0,0,0,1,"- ","- ",33.633998870849609,-117.9219970703125,ORANGE,"COSTA MESA",-117.92226409912109,33.635047912597656
9569414,2023,2023-07-05,3012,2023-05-21,1643,686,11,7,5,5,3012,0,0,0,,0,001,"WHITTIER BL","VALLEY HOME AV",0.00,,N,A,-,Y,ORA,12,72,-,-,11.830,H,-,S,Y,3,0,2,2,A,-,09,21804,A,N,C,C,A,A,H,-,A,A,0,,,Y,,Y,,A,01,0,2,0,0,0,0,0,0,2,"- ","- ",,,ORANGE,"LA HABRA",-117.97484588623047,33.939853668212891
9570323,2023,2023-04-14,3000,2023-02-17,2053,6717,,5,5,5,3050,0,0,0,,0,762,"EL TORO RD","SERRANO RD",221.00,E,N,A,-,N,,,,,,,,,,Y,3,0,1,2,A,-,09,21804,A,N,D,C,A,A,H,-,C,D,0,,,Y,,Y,,A,01,0,1,0,0,0,0,0,0,1,"- ","- ",33.380790710449219,-117.40554809570312,ORANGE,"LAKE FOREST",-117.68202972412109,33.635360717773438
9572857,2023,2023-05-27,3003,2023-04-24,1830,1248,,1,5,5,3003,0,0,0,,0,003,"STANTON AV","ACKERMAN ST",15.00,N,N,A,-,N,,,,,,,,,,N,4,0,1,2,A,-,08,22107,,N,D,C,A,A,H,-,A,A,0,,,Y,,Y,,A,01,0,0,1,0,0,0,0,0,1,"- ","- ",,,ORANGE,"BUENA PARK",-117.99375152587891,33.858180999755859
9573081,2023,2023-05-19,3004,2023-04-22,1201,P677,88,6,5,6,3004,0,0,0,,0,015,"FAIR DR","CIVIC CENTER",0.00,,Y,A,-,N,,,,,,,,,,N,2,0,1,2,A,-,09,21801,A,N,D,C,A,A,H,-,A,A,0,,,Y,,Y,,D,22,1,0,0,0,0,0,0,0,1,"- ","- ",33.663799285888672,-117.902099609375,ORANGE,"COSTA MESA",,
9574024,2023,2023-04-18,3005,2023-03-31,1507,8294,C15,5,5,4,3005,0,0,0,,0,002,"WALKER ST","LIME AV",0.00,,Y,A,-,N,,,,,,,,,,Y,3,0,2,2,A,-,09,21802,A,N,D,C,A,A,H,-,A,D,0,,,Y,,Y,,C,02,0,2,0,0,0,0,0,0,2,"- ","- ",,,ORANGE,CYPRESS,-118.03691864013672,33.825115203857422
9575690,2023,2023-07-21,3009,2023-06-01,1723,5003,123,4,5,6,3009,0,0,0,,0,2-1,"JERRY LN","9TH ST",0.00,,Y,A,-,N,,,,,,,,,,N,3,0,1,2,A,-,09,21802,A,N,D,J,A,A,H,-,A,D,0,,,Y,,Y,,-,"- ",0,1,0,0,0,0,0,0,1,"- ","- ",,,ORANGE,"GARDEN GROVE",-117.93243408203125,33.784702301025391
9575892,2023,2023-07-24,3004,2023-06-03,1109,P691,14,6,5,6,3004,0,0,0,,0,009,"PLACENTIA AV","SWAN CIR",354.00,S,N,B,-,N,,,,,,,,,,N,3,0,1,1,A,-,03,22350,,N,E,I,A,A,H,-,A,D,0,,,Y,,Y,,C,02,0,1,0,0,0,0,0,0,1,"- ","- ",33.666999816894531,-117.93699645996094,ORANGE,"COSTA MESA",-117.93727874755859,33.667999267578125
9576572,2023,2023-08-09,3011,2023-07-15,1623,31258,98,6,5,4,3011,0,0,0,,0,001,"N COAST HWY","EMERALD BAY",0.00,,Y,A,-,Y,ORA,12,1,-,-,11.201,I,5,S,N,3,0,1,2,A,-,09,21804,A,N,F,A,A,A,H,-,A,D,0,,,Y,,Y,,A,07,0,1,0,0,0,0,0,0,1,"- ","- ",,,ORANGE,"LAGUNA BEACH",-117.81212615966797,33.554485321044922
9577107,2023,2023-05-23,3004,2023-04-21,1430,P676,34,5,5,6,3004,0,0,0,,0,015,"BEAR ST","METRO POINTE CENTER",936.00,S,N,A,-,N,,,,,,,,,,Y,3,0,1,2,A,-,03,22350,,N,C,C,A,A,B,-,A,D,0,,,Y,,Y,,C,02,0,1,0,0,0,0,0,0,1,"- ","- ",33.686000823974609,-117.89199829101562,ORANGE,"COSTA MESA",,
9577148,2023,2023-05-19,3003,2023-04-03,1748,1211,,1,5,5,3003,0,0,0,,0,004,"LA PALMA AV","WESTERN AV",564.00,W,N,A,G,N,,,,,,,,,,Y,3,0,2,2,A,-,08,22107,,N,C,C,A,A,H,-,A,D,0,,,Y,,Y,,A,01,0,1,1,0,0,0,0,0,1,"- ","- ",33.846599578857422,-118.00450134277344,ORANGE,"BUENA PARK",-118.00423431396484,33.846614837646484
9577201,2023,2023-05-19,3004,2023-04-29,2200,P715,11,6,5,6,3004,0,0,0,,0,,"22ND ST","NEWPORT BL",0.00,,Y,A,-,N,,,,,,,,,,Y,2,0,1,2,A,-,09,21801,A,N,B,C,A,A,H,-,C,A,0,,,Y,,Y,,A,01,1,0,0,0,0,0,0,0,1,"- ","- ",,,ORANGE,"COSTA MESA",-117.90821075439453,33.651622772216797
9578102,2023,2023-05-15,3011,2023-04-26,1336,31596,36,3,5,4,3011,0,0,0,,0,002,"S COAST HWY","LAGUNA AV",203.00,S,N,A,-,Y,ORA,12,1,-,-,9.200,H,-,N,Y,3,0,1,2,A,-,03,22350,,N,C,C,A,A,H,-,A,D,0,,,Y,,Y,,A,01,0,1,0,0,0,0,0,0,1,"- ","- ",,,ORANGE,"LAGUNA BEACH",-117.78241729736328,33.540988922119141
9579798,2023,2023-06-05,3003,2023-05-02,1655,1211,,2,5,5,3003,0,0,0,,0,001,"BEACH BL","MALVERN AV",370.00,N,N,A,-,N,,,,,,,,,,N,4,0,1,2,A,-,03,22350,,N,C,C,A,A,H,-,A,D,0,,,Y,,Y,,C,02,0,0,1,0,0,0,0,0,1,"- ","- ",33.885200500488281,-117.99469757080078,ORANGE,"BUENA PARK",-117.99481964111328,33.885284423828125
9579799,2023,2023-06-05,3003,2023-05-01,1450,1300,NJC,1,5,5,3003,0,0,0,,0,004,"ORANGETHORPE AV","KNOTT AV",417.00,E,N,A,-,N,,,,,,,,,,Y,4,0,1,2,A,-,09,21801,A,N,D,C,A,A,H,-,A,D,0,,,Y,,Y,,A,01,0,0,1,0,0,0,0,0,1,"- ","- ",33.858798980712891,-118.00990295410156,ORANGE,"BUENA PARK",-118.00991821289062,33.858921051025391
9580580,2023,2023-06-19,3000,2023-05-12,1150,11752,891F7,5,5,4,3045,0,0,0,,0,746,"EL TORO AV","REGIONAL CENTER DR",183.00,E,N,A,-,N,,,,,,,,,,Y,3,0,1,2,A,-,07,21658,A,N,B,C,A,A,H,-,A,A,0,,,Y,Y,Y,,C,02,0,1,0,0,0,0,0,0,0,"- ","- ",,,ORANGE,"LAGUNA HILLS",-117.70982360839844,33.613018035888672
9581134,2023,2023-06-23,3000,2023-04-30,"155 ",2742,993B6,7,5,5,3017,0,0,0,,0,778,"SOUTH EL CAMINO REAL","AVENIDA MENDOCINO",10.00,N,N,A,-,N,,,,,,,,,,Y,3,0,1,1,A,-,08,22107,,N,E,I,A,A,H,-,C,D,0,,,Y,,Y,,C,02,0,1,0,0,0,0,0,0,1,"- ","- ",,,ORANGE,"SAN CLEMENTE",-117.60077667236328,33.411727905273438
9581137,2023,2023-06-23,3000,2023-04-21,"920 ",10598,892A6,5,5,5,3028,0,0,0,,0,6M57,"JERONIMO RD",ACERO,134.00,S,N,A,-,N,,,,,,,,,,Y,2,0,1,2,A,-,07,21658,A,N,C,C,A,A,H,-,A,A,0,,,Y,,Y,,A,08,1,0,0,0,0,0,0,0,1,"- ","- ",,,ORANGE,"MISSION VIEJO",-117.67918395996094,33.616455078125
9581151,2023,2023-06-26,3012,2023-05-11,1140,644,15,4,5,5,3012,0,0,0,,0,001,"MONTE VISTA ST","LA HABRA BL",49.00,N,N,A,-,N,,,,,,,,,,Y,3,0,1,2,A,-,06,21755,A,N,B,C,A,A,H,-,A,A,0,,,Y,,Y,,C,02,0,1,0,0,0,0,0,0,1,"- ","- ",,,ORANGE,"LA HABRA",-117.95488739013672,33.931861877441406
9581155,2023,2023-06-30,3000,2023-05-22,1230,11797,992J4,1,5,5,3017,0,0,0,,0,777,"E AVENIDA PALIZADA","RT 5",0.00,,Y,A,-,Y,ORA,12,5,-,-,2.798,R,4,N,N,3,0,1,2,D,-,00,,,N,F,A,A,A,H,-,A,A,0,,,Y,,Y,,-,"- ",0,1,0,0,0,0,0,0,1,"- ",NO,,,ORANGE,"SAN CLEMENTE",-117.61555480957031,33.432388305664062
9581189,2023,2023-06-29,3006,2023-05-21,"12  ",344,110,7,5,3,3006,0,0,0,,0,001,"MOODY ST","SHIRLEY DR",0.00,,Y,B,-,N,,,,,,,,,,Y,2,0,1,1,A,-,01,23152,A,N,F,I,A,A,H,-,C,D,0,,,Y,,Y,Y,C,06,1,0,0,0,0,0,0,0,1,"- ","- ",,,ORANGE,"LA PALMA",-118.04615020751953,33.850727081298828
9582285,2023,2023-05-26,3000,2023-04-12,"258 ",10573,922C7,3,5,5,3028,0,0,0,,0,450,"MARGUERITE PKWY","LA SIERRA DR",272.00,S,N,A,-,N,,,,,,,,,,Y,4,0,1,1,A,-,08,22107,,N,E,I,A,A,H,-,C,D,0,,,Y,,Y,,C,02,0,0,1,0,0,0,0,0,1,"- ","- ",,,ORANGE,"MISSION VIEJO",-117.65913391113281,33.570167541503906
9582943,2023,2023-06-22,3009,2023-05-20,2044,5049,093,6,5,6,3009,0,0,0,,0,012,"BROOKHURST ST","CHAPMAN AV",132.00,S,N,A,-,N,,,,,,,,,,N,3,0,1,3,A,-,07,21658,A,M,B,C,A,A,H,-,C,A,0,,,Y,,Y,Y,A,01,0,1,0,0,0,0,0,0,1,"- ","- ",,,ORANGE,"GARDEN GROVE",-117.95881652832031,33.788169860839844
9583499,2023,2023-07-14,3009,2023-06-30,"357 ",5000,126,5,5,6,3009,0,0,0,,0,023,"EUCLID ST","WESTMINSTER AV",80.00,N,N,A,-,N,,,,,,,,,,Y,4,0,1,2,A,-,08,22107,,N,B,C,A,-,H,-,C,A,0,,,Y,,Y,,C,02,0,0,1,0,0,0,0,0,1,"- ","- ",,,ORANGE,"GARDEN GROVE",-117.93756103515625,33.759796142578125
9583799,2023,2023-08-10,3011,2023-07-13,1653,31258,26,4,5,4,3011,0,0,0,,0,001,"N COAST HWY","MYRTLE ST",0.00,,Y,A,-,Y,ORA,12,1,-,-,9.851,I,5,S,N,4,0,1,1,A,-,03,22350,,N,E,-,A,A,H,-,A,A,0,,,Y,,Y,,C,02,0,0,1,0,0,0,0,0,1,"- ","- ",,,ORANGE,"LAGUNA BEACH",-117.79225158691406,33.545230865478516
9583819,2023,2023-08-10,3003,2023-07-10,1007,1160,,1,5,5,3003,0,0,0,,0,,"BEACH BL","RT 5",70.00,N,N,A,-,Y,ORA,12,39,-,-,15.090,H,-,S,N,4,0,1,2,A,-,08,22107,,N,B,C,A,A,H,-,A,A,0,,,Y,,Y,,A,01,0,0,1,0,0,0,0,0,1,"- ",SF,33.866081237792969,-117.99819183349609,ORANGE,"BUENA PARK",-117.99826049804688,33.866302490234375
9585076,2023,2023-06-14,3005,2023-05-01,"749 ",8332,C42,1,5,4,3005,0,0,0,,0,003,"GRAND MANAN DR","KNOTT AV",6.00,W,N,B,-,N,,,,,,,,,,N,4,0,1,2,A,-,00,21221,,N,D,J,A,A,H,-,A,D,0,,,Y,,Y,,C,03,0,0,1,0,0,0,0,0,1,"- ","- ",,,ORANGE,CYPRESS,-118.01110076904297,33.797039031982422
9586985,2023,2023-08-14,3009,2023-07-08,1625,4503,117,6,5,6,3009,0,0,0,,0,002,"WESTMINSTER AV","TAFT ST",344.00,E,N,A,-,N,,,,,,,,,,N,4,0,1,2,A,-,09,21804,A,N,D,C,A,A,H,-,A,D,0,,,Y,,Y,,A,07,0,0,1,0,0,0,0,0,0,"- ","- ",,,ORANGE,"GARDEN GROVE",-117.94087219238281,33.759578704833984
9587676,2023,2023-06-08,3009,2023-05-16,1916,3218,123,2,5,6,3009,0,0,0,,0,021,"CHAPMAN AV","EUCLID ST",165.00,W,N,A,-,N,,,,,,,,,,N,4,0,1,2,A,-,09,21801,A,N,D,C,A,A,H,-,A,A,0,,,Y,,Y,,A,01,0,0,1,0,0,0,0,0,1,"- ","- ",,,ORANGE,"GARDEN GROVE",-117.94180297851562,33.788658142089844
9588220,2023,2023-06-28,3004,2023-06-10,1627,P691,33,6,5,6,3004,0,0,0,,0,005,"BRISTOL ST","ANTON BL",342.00,N,N,B,-,N,,,,,,,,,,Y,3,0,1,2,A,-,03,22350,,F,B,C,A,A,H,-,A,D,0,,,Y,,Y,,-,"- ",0,1,0,0,0,0,0,0,1,"- ","- ",33.691001892089844,-117.88500213623047,ORANGE,"COSTA MESA",-117.8856201171875,33.691028594970703
9589020,2023,2023-06-13,3009,2023-05-26,2023,4787,132,5,5,6,3009,0,0,0,,0,021,"DANIEL AV","WEST ST",25.00,W,N,A,-,N,,,,,,,,,,N,3,0,1,2,A,-,12,21453,A,N,D,C,A,A,H,-,A,A,0,,,Y,,Y,,C,02,0,1,0,0,0,0,0,0,1,"- ","- ",,,ORANGE,"GARDEN GROVE",-117.92391967773438,33.793720245361328
9589034,2023,2023-06-14,3004,2023-05-14,1209,P669,12,7,5,6,3004,0,0,0,,0,015,"SANTA ANA AV","UNIVERSITY AV",699.00,S,N,A,-,N,,,,,,,,,,N,3,0,1,2,A,-,09,21804,A,N,D,C,A,A,H,-,A,D,0,,,Y,,Y,,A,01,0,1,0,0,0,0,0,0,1,"- ","- ",33.656719207763672,-117.89205169677734,ORANGE,"COSTA MESA",-117.89188385009766,33.656730651855469
9589527,2023,2023-06-20,3004,2023-05-24,2054,P620,06,3,5,6,3004,0,0,0,,0,015,"IRVINE AV","FLOWER ST",20.00,S,N,A,-,N,,,,,,,,,,N,3,0,1,2,A,-,09,21802,A,F,C,C,A,A,H,-,C,D,0,,,Y,,Y,,A,07,0,1,0,0,0,0,0,0,1,"- ","- ",33.633281707763672,-117.90386962890625,ORANGE,"COSTA MESA",-117.90387725830078,33.633220672607422
9590411,2023,2023-06-30,3000,2023-05-30,1318,5013,971H3,2,5,4,3029,0,0,0,,0,736,"STREET OF THE GOLDEN LANTERN","TERRA VISTA",0.00,,Y,B,-,N,,,,,,,,,,N,2,0,1,2,A,-,12,21453,A,N,D,C,A,A,H,-,A,A,0,,,Y,,Y,,C,03,1,0,0,0,0,0,0,0,1,"- ","- ",,,ORANGE,"DANA POINT",,
9590412,2023,2023-06-30,3000,2023-05-13,1101,10853,992H3,6,5,5,3017,0,0,0,,0,775,"AVENIDA PICO","RT 5",556.00,E,N,A,-,N,,,,,,,,,,Y,4,0,1,1,A,-,03,22350,,N,E,I,A,A,H,-,A,D,0,,,Y,,Y,,C,02,0,0,1,0,0,0,0,0,1,"- ",NF,,,ORANGE,"SAN CLEMENTE",-117.62117004394531,33.439579010009766
9592312,2023,2023-06-26,3004,2023-06-09,1706,P691,02,5,5,6,3004,0,0,0,,0,015,"WEST 17TH ST","POMONA AV",328.00,E,N,B,-,N,,,,,,,,,,N,4,0,1,2,A,-,03,22350,,N,D,J,A,A,H,-,A,D,0,,,Y,,Y,,C,03,0,0,1,0,0,0,0,0,1,"- ","- ",33.636001586914062,-117.92600250244141,ORANGE,"COSTA MESA",-117.92652893066406,33.63616943359375
9592725,2023,2023-07-05,3000,2023-06-07,1731,11161,797H3,3,5,4,3021,0,0,0,,0,4A22,"WESTERN AV","INDUSTRIAL WY",10.00,S,N,A,-,N,,,,,,,,,,Y,4,0,1,2,A,-,08,21460,5,N,A,C,A,A,H,-,A,D,0,,,Y,,Y,,C,02,0,0,1,0,0,0,0,0,1,"- ","- ",,,ORANGE,STANTON,-118.00177764892578,33.801643371582031
9593343,2023,2023-07-21,3004,2023-06-26,1236,P648,10,1,5,6,3004,0,0,0,,0,003,HARBOR,"VICTORIA ST",158.00,S,N,A,-,N,,,,,,,,,,Y,4,0,1,2,A,-,08,22107,,N,D,G,A,A,H,-,A,D,0,,,Y,,Y,,A,01,0,0,1,0,0,0,0,0,1,"- ","- ",33.652000427246094,-117.91889953613281,ORANGE,"COSTA MESA",-117.9190673828125,33.652095794677734
9593668,2023,2023-07-12,3000,2023-01-24,1609,10853,973A6,2,5,5,3017,0,0,0,,0,775,"AVENIDA VISTA HERMOSA","AVENIDA LA PATA",82.00,W,N,A,-,N,,,,,,,,,,Y,3,0,1,2,A,-,09,21453,C,N,A,C,A,A,H,-,A,A,0,,,Y,,Y,,A,01,0,1,0,0,0,0,0,0,1,"- ","- ",,,ORANGE,"SAN CLEMENTE",-117.60498809814453,33.463787078857422
9593733,2023,2023-07-13,3004,2023-06-30,1552,P669,02,5,5,6,3004,0,0,0,,0,015,"SUPERIOR AV","W 16TH ST",0.00,,Y,A,-,N,,,,,,,,,,Y,2,0,1,2,A,-,09,21801,A,N,D,C,A,A,H,-,A,A,0,,,Y,,Y,,A,01,1,0,0,0,0,0,0,0,1,"- ","- ",33.632499694824219,-117.92716979980469,ORANGE,"COSTA MESA",-117.92725372314453,33.632469177246094
9594285,2023,2023-07-05,3000,2023-05-03,2054,11672,797J3,3,5,4,3021,0,0,0,,0,022,"ORANGEWOOD AV","COURT ST",174.00,W,N,A,-,N,,,,,,,,,,N,3,0,1,1,A,-,03,22350,,N,F,A,A,A,H,-,C,A,0,,,Y,,Y,,C,02,0,1,0,0,0,0,0,0,1,"- ","- ",,,ORANGE,STANTON,-117.99179840087891,33.795631408691406
9594300,2023,2023-07-03,3003,2023-05-07,1603,1288,3003,7,5,5,3003,0,0,0,,0,002,"WESTERN AV","ARTESIA BL",100.00,N,N,A,-,N,,,,,,,,,,N,4,0,1,2,A,-,03,22350,,N,C,C,A,A,H,-,A,D,0,,,Y,,Y,,C,02,0,0,1,0,0,0,0,0,1,"- ","- ",33.873699188232422,-118.00270080566406,ORANGE,"BUENA PARK",-118.00264739990234,33.873752593994141
9594339,2023,2023-06-28,3000,2023-04-11,2023,12182,892A3,2,5,5,3050,0,0,0,,0,765,"EL TORO RD","MONTCLIFF DR",0.00,,Y,A,-,N,,,,,,,,,,Y,2,0,1,2,A,-,09,21802,A,N,D,C,A,A,H,-,C,A,0,,,Y,,Y,,D,22,1,0,0,0,0,0,0,0,1,"- ","- ",,,ORANGE,"LAKE FOREST",-117.67788696289062,33.638202667236328
9594344,2023,2023-07-11,3000,2023-04-09,1621,10838,971J6,7,5,4,3029,0,0,0,,0,135,"PACIFIC COAST HWY","ST OF THE BINNACLE LANTERN",0.00,,Y,A,-,N,,,,,,,,,,N,3,0,1,3,A,-,03,22350,,F,B,C,A,A,H,-,A,A,0,,,Y,,Y,,C,02,0,1,0,0,0,0,0,0,1,"- ","- ",,,ORANGE,"DANA POINT",-117.69190979003906,33.466140747070312
9596206,2023,2023-07-24,3011,2023-06-20,1246,31562,37,2,5,4,3011,0,0,0,,0,001,"RT 133","EDISON POLE 4797365E",60.00,S,N,A,-,Y,ORA,12,133,-,-,1.120,H,-,N,Y,2,0,1,3,A,-,06,21755,,N,B,C,A,A,H,-,A,D,0,,,Y,,Y,,C,02,1,0,0,0,0,0,0,0,1,"- ","- ",,,ORANGE,"LAGUNA BEACH",-117.77449798583984,33.555820465087891
9599584,2023,2023-07-25,3000,2023-05-24,"42  ",10904,922D1,3,5,5,3028,0,0,0,,0,054,"MARGUERITE PKWY","JERONIMO RD",493.00,S,N,C,-,N,,,,,,,,,,N,3,0,1,1,A,-,03,22350,,N,F,A,A,B,B,-,C,A,0,,,Y,,Y,,C,02,0,1,0,0,0,0,0,0,1,"- ","- ",33.605808258056641,-117.65563201904297,ORANGE,"MISSION VIEJO",-117.65573883056641,33.605777740478516
9600069,2023,2023-08-02,3009,2023-07-04,2038,4021,146,2,5,6,3009,0,0,0,,0,023,"HARBOR BL",WESTMINSTER,135.00,N,N,A,-,N,,,,,,,,,,Y,2,0,1,3,A,-,01,23152,A,F,C,C,A,A,H,-,C,A,0,,,Y,,Y,Y,D,22,1,0,0,0,0,0,0,0,0,"- ","- ",33.759849548339844,-117.92034149169922,ORANGE,"GARDEN GROVE",-117.92034149169922,33.760219573974609
9600879,2023,2023-08-03,3004,2023-07-17,1515,P633,,1,5,6,3004,0,0,0,,0,007,"19TH ST","ANAHEIM AV",87.00,E,N,A,-,N,,,,,,,,,,Y,3,0,1,2,A,-,07,21658,A,F,F,A,A,A,H,-,A,D,0,,,Y,,Y,,A,01,0,1,0,0,0,0,0,0,1,"- ","- ",33.643299102783203,-117.92289733886719,ORANGE,"COSTA MESA",-117.92306518554688,33.643444061279297
9603087,2023,2023-07-27,3009,2023-06-30,1731,3819,115,5,5,6,3009,0,0,0,,0,021,"TRASK AV","ASHWOOD ST",0.00,,Y,A,-,N,,,,,,,,,,Y,3,0,1,2,A,-,09,21801,A,N,D,C,A,A,H,-,A,D,0,,,Y,,Y,,A,07,0,1,0,0,0,0,0,0,1,"- ","- ",,,ORANGE,"GARDEN GROVE",-117.93598175048828,33.766929626464844
9603088,2023,2023-07-27,3009,2023-06-21,1825,3752,092,3,5,6,3009,0,0,0,,0,012,"GILBERT ST","SKYLARK BL",38.00,S,N,A,-,N,,,,,,,,,,N,2,0,1,2,A,-,03,22350,,N,C,C,A,A,H,-,A,A,0,,,Y,,Y,,C,02,1,0,0,0,0,0,0,0,1,"- ","- ",,,ORANGE,"GARDEN GROVE",-117.96745300292969,33.791484832763672
9604127,2023,2023-08-29,3012,2023-06-24,"657 ",693,31,6,5,5,3012,0,0,0,,0,003,"BEACH BL","RESORT LN",202.00,S,N,A,-,Y,ORA,12,39,-,-,18.540,H,-,N,N,2,0,1,2,A,-,01,23152,A,N,B,C,A,A,H,-,A,A,0,,,Y,,Y,Y,C,02,1,0,0,0,0,0,0,0,1,"- ","- ",,,ORANGE,"LA HABRA",-117.97526550292969,33.910469055175781
9604258,2023,2023-11-21,3000,2023-05-16,1927,11370,797J2,2,5,4,3021,0,0,0,,0,3A21,"BEACH BL","CERRITOS AV",213.00,S,N,A,-,Y,ORA,12,39,-,-,11.140,H,-,N,N,4,0,1,2,A,-,07,21658,A,F,C,C,A,A,H,-,A,A,0,,,Y,,Y,,C,03,0,0,1,0,0,0,0,0,1,"- ","- ",,,ORANGE,STANTON,-117.99311065673828,33.809608459472656
9604294,2023,2023-11-29,3000,2023-09-03,1120,5013,971J6,7,5,4,3029,0,0,0,,0,736,"PACIFIC COAST HWY","DEL OBISPO ST",460.00,E,N,A,-,N,,,,,,,,,,Y,3,0,1,2,A,-,07,21658,A,F,B,C,A,A,H,-,A,D,0,,,Y,,Y,,C,02,0,1,0,0,0,0,0,0,1,"- ","- ",,,ORANGE,"DANA POINT",-117.68609619140625,33.464691162109375
9604863,2023,2024-03-05,3011,2023-12-28,1220,31407,42,4,5,4,3011,0,0,0,,0,002,"RT 1","CRESS ST",0.00,,Y,B,-,Y,ORA,12,1,-,-,8.501,I,5,N,Y,3,0,1,2,A,-,07,21658,A,N,B,C,A,A,H,-,A,D,0,,,Y,Y,Y,,C,02,0,1,0,0,0,0,0,0,1,"- ","- ",,,ORANGE,"LAGUNA BEACH",-117.7757568359375,33.532482147216797
9605170,2023,2024-02-22,3004,2023-12-18,1720,P519,02,1,5,6,3004,0,0,0,,0,001,"E 16TH ST","NEWPORT BL",0.00,,Y,B,-,N,,,,,,,,,,N,3,0,2,3,A,-,09,21801,A,N,D,D,A,A,H,-,C,A,0,,,Y,,Y,,C,02,0,2,0,0,0,0,0,0,2,"- ","- ",33.633338928222656,-117.92259979248047,ORANGE,"COSTA MESA",-117.92322540283203,33.633800506591797
9606774,2023,2023-08-31,3000,2023-07-05,2046,11285,891J6,3,5,5,3028,0,0,0,,0,355,JERONIMO,"PETER A HARTMAN WAY",43.00,W,N,A,-,N,,,,,,,,,,N,3,0,1,1,A,-,03,22350,,N,F,A,A,A,H,-,C,A,0,,,Y,,Y,,C,03,0,1,0,0,0,0,0,0,1,"- ","- ",33.621891021728516,-117.68325042724609,ORANGE,"MISSION VIEJO",-117.6832275390625,33.621696472167969
9606896,2023,2023-09-05,3004,2023-08-21,1211,P718,12,1,5,6,3004,0,0,0,,0,015,"ORANGE AV","DEL MAR AV",0.00,,Y,B,-,N,,,,,,,,,,N,2,0,1,2,A,-,12,22450,A,N,C,C,A,A,H,-,A,A,0,,,Y,,Y,,A,01,1,0,0,0,0,0,0,0,1,"- ","- ",33.660499572753906,-117.89369964599609,ORANGE,"COSTA MESA",-117.89373779296875,33.6605224609375
9608205,2023,2023-08-17,3000,2023-06-28,"705 ",10994,797J2,3,5,4,3021,0,0,0,,0,024,"MONROE AV","COURT AV",225.00,E,N,A,-,N,,,,,,,,,,Y,2,0,1,2,A,-,09,21801,A,N,D,C,A,A,H,-,A,A,0,,,Y,,Y,,A,07,1,0,0,0,0,0,0,0,1,"- ","- ",,,ORANGE,STANTON,-117.99031066894531,33.805648803710938
9609228,2023,2023-09-07,3004,2023-08-08,2150,P687,10,2,5,6,3004,0,0,0,,0,004,"HARBOR BL","W WIL",18.00,N,N,A,-,N,,,,,,,,,,Y,3,0,1,1,A,-,08,22107,,N,H,A,A,A,H,-,C,A,0,,,Y,,Y,,C,02,0,1,0,0,0,0,0,0,1,"- ","- ",33.656379699707031,-117.91909027099609,ORANGE,"COSTA MESA",,
9610224,2023,2023-08-30,3011,2023-08-07,1553,31407,41,1,5,4,3011,0,0,0,,0,002,"GLENNEYRE ST","SAINT ANNS DR",25.00,N,N,A,-,N,,,,,,,,,,N,4,0,1,2,A,-,08,22107,,N,B,C,A,A,H,-,A,D,0,,,Y,,Y,,A,07,0,0,1,0,0,0,0,0,1,"- ","- ",,,ORANGE,"LAGUNA BEACH",-117.77803802490234,33.537349700927734
9613133,2023,2023-09-05,3009,2023-08-08,1832,5084,032,2,5,6,3009,0,0,0,,0,011,"CHAPMAN AV","KNOTT ST",0.00,,Y,A,-,N,,,,,,,,,,N,3,0,1,2,A,-,09,21801,A,N,A,C,A,A,H,-,A,A,0,,,Y,,Y,,A,01,0,1,0,0,0,0,0,0,1,"- ","- ",,,ORANGE,"GARDEN GROVE",-118.01113128662109,33.788303375244141
9613889,2023,2023-10-25,3004,2023-09-09,"232 ",P698,02,6,5,6,3004,0,0,0,,0,007,"WEST 19TH ST","ANAHEIM AV",160.00,E,N,A,-,N,,,,,,,,,,Y,4,0,1,2,A,-,01,23152,A,N,D,C,A,A,H,-,C,A,0,,,Y,,Y,Y,C,02,0,0,1,0,0,0,0,0,1,"- ","- ",33.643001556396484,-117.9219970703125,ORANGE,"COSTA MESA",-117.92282867431641,33.643440246582031
9614449,2023,2023-09-29,3000,2023-08-26,1340,5013,971J6,6,5,4,3029,0,0,0,,0,736,"PUERTO PL","POINT HARBOR DR",236.00,S,N,A,-,N,,,,,,,,,,Y,3,0,1,2,A,-,06,21755,,N,B,C,A,A,H,-,A,D,0,,,Y,,Y,,C,02,0,1,0,0,0,0,0,0,1,"- ","- ",,,ORANGE,"DANA POINT",-117.68978118896484,33.462425231933594
9615341,2023,2023-08-31,3004,2023-08-17,1613,P691,11,4,5,6,3004,0,0,0,,0,015,"VICTORIA AV","COLLEGE AV",130.00,E,N,A,-,N,,,,,,,,,,Y,4,0,2,2,A,-,09,21801,A,F,D,G,A,A,H,-,A,D,0,,Y,Y,,Y,,L,04,0,0,2,0,0,0,1,0,1,"- ","- ",33.652000427246094,-117.91500091552734,ORANGE,"COSTA MESA",-117.91626739501953,33.652591705322266
9615801,2023,2023-09-20,3002,2023-07-30,2100,3893,NJC,7,5,5,3025,0,0,0,,0,741A6,"YORBA LINDA BL","SAVI RANCH PKWY",485.00,S,N,A,-,N,,,,,,,,,,N,3,0,1,1,A,-,03,22350,,N,E,I,A,A,H,-,C,D,0,,,Y,,Y,,C,03,0,1,0,0,0,0,0,0,1,"- ","- ",,,ORANGE,"YORBA LINDA",-117.74693298339844,33.873489379882812
9615804,2023,2023-09-20,3000,2023-07-27,1308,9438,891F5,4,5,5,3050,0,0,0,,0,160,"ROCKFIELD BL","RIDGE ROUTE DR",17.00,S,N,A,-,N,,,,,,,,,,Y,3,0,1,2,A,-,03,22350,,N,C,C,A,A,H,-,A,A,0,,,Y,,Y,,A,01,0,1,0,0,0,0,0,0,1,"- ","- ",33.623920440673828,-117.71254730224609,ORANGE,"LAKE FOREST",-117.71215057373047,33.624095916748047
9615969,2023,2024-04-19,3004,2023-09-13,"845 ",P676,20,3,5,6,3004,0,0,0,,0,004,"HARBOR BL","W BAKER ST",221.00,S,N,B,-,N,,,,,,,,,,N,3,0,1,2,A,-,05,21650,,N,D,C,A,A,H,-,A,D,0,,,Y,,Y,,C,03,0,1,0,0,0,0,0,0,1,"- ","- ",33.679000854492188,-117.91899871826172,ORANGE,"COSTA MESA",-117.91941833496094,33.679405212402344
9616918,2023,2023-10-25,3000,2023-09-22,1230,11752,891D5,5,5,4,3045,0,0,0,,0,746,"DEL LAGO DR","LA CADENA DR",24.00,N,N,A,-,N,,,,,,,,,,N,4,0,1,1,A,-,03,22350,,N,F,A,A,A,H,-,A,A,0,,,Y,,Y,,C,02,0,0,1,0,0,0,0,0,1,"- ","- ",,,ORANGE,"LAGUNA HILLS",-117.72684478759766,33.626457214355469
9616921,2023,2023-10-25,3000,2023-09-14,1357,10764,OCSDS,4,5,5,3017,0,0,0,,0,992H4,"CALLE PUENTE","W AVENIDA MARQUITA",112.00,N,N,A,-,N,,,,,,,,,,N,3,0,1,2,A,-,21,22106,,N,D,-,A,A,H,-,A,D,0,,,Y,,Y,,A,01,0,1,0,0,0,0,0,0,1,"- ","- ",,,ORANGE,"SAN CLEMENTE",-117.61942291259766,33.426101684570312
9617124,2023,2023-10-24,3000,2023-08-16,1923,8698,921F3,3,5,3,3051,0,0,0,,0,480,"MOULTON PKY","SANTA MARIA AV",58.00,S,N,A,-,N,,,,,,,,,,Y,4,0,1,3,A,-,07,21658,A,N,D,C,A,A,H,-,A,A,0,,,Y,,Y,,C,02,0,0,1,0,0,0,0,0,1,"- ","- ",,,ORANGE,"LAGUNA WOODS",-117.73123168945312,33.617172241210938
9617126,2023,2023-10-16,3000,2023-08-16,1815,4246,992J4,3,5,5,3017,0,0,0,,0,778,"NORTH EL CAMINO REAL","AVENIDA CABRILLO",0.00,,Y,A,-,N,,,,,,,,,,Y,3,0,1,2,A,-,09,21801,A,N,F,A,A,A,H,-,A,A,0,,,Y,,Y,,D,22,0,1,0,0,0,0,0,0,1,"- ","- ",,,ORANGE,"SAN CLEMENTE",-117.61318969726562,33.428142547607422
9617178,2023,2023-10-16,3000,2023-08-18,1330,10853,992J4,5,5,5,3017,0,0,0,,0,775,"NORTH EL CAMINO REAL","AVENIDA MIRAMAR",33.00,S,N,A,-,N,,,,,,,,,,Y,4,0,2,2,A,-,09,21801,A,N,D,C,A,A,H,-,A,D,0,,,Y,,Y,,D,22,0,0,2,0,0,0,0,0,2,"- ","- ",,,ORANGE,"SAN CLEMENTE",-117.61415863037109,33.429122924804688
9619078,2023,2023-12-18,3009,2023-11-03,1214,4844,74,5,5,6,3009,0,0,0,,0,011,"NEWLAND ST","GARDEN GROVE BL",0.00,,Y,A,-,N,,,,,,,,,,Y,3,0,1,2,A,-,09,21801,A,M,H,A,A,A,H,-,A,A,0,,,Y,,Y,,A,01,0,1,0,0,0,0,0,0,1,"- ","- ",,,ORANGE,"GARDEN GROVE",-117.981201171875,33.773941040039062
9619794,2023,2024-01-10,3000,2023-11-03,1540,12182,891G6,5,5,5,3050,0,0,0,,0,760,"EL TORO RD","ROCKFIELD BL",297.00,W,N,A,-,N,,,,,,,,,,Y,3,0,1,2,A,-,09,21804,A,N,B,C,A,A,H,-,A,A,0,,,Y,,Y,,A,07,0,1,0,0,0,0,0,0,0,"- ","- ",,,ORANGE,"LAKE FOREST",-117.7054443359375,33.616443634033203
9619797,2023,2024-01-10,3000,2023-11-05,1041,5013,971H6,7,5,4,3029,0,0,0,,0,736,"STREET OF THE GOLDEN LANTERN","LA PLAZA",0.00,,Y,A,-,N,,,,,,,,,,Y,2,0,1,3,A,-,03,22350,,N,D,C,A,A,H,-,A,A,0,,,Y,,Y,,C,02,1,0,0,0,0,0,0,0,1,"- ","- ",,,ORANGE,"DANA POINT",,
9619875,2023,2024-01-13,3000,2023-11-19,1754,4246,972G5,7,5,5,3017,0,0,0,,0,776,"CAMINO DE LOS MARES","CAMINO DEL RIO",118.00,S,N,A,-,N,,,,,,,,,,Y,4,0,1,1,A,-,03,22350,,N,E,I,A,A,H,-,C,A,0,,,Y,,Y,,C,02,0,0,1,0,0,0,0,0,1,"- ","- ",,,ORANGE,"SAN CLEMENTE",-117.62884521484375,33.47320556640625
9620447,2023,2023-10-12,3012,2023-09-11,1439,686,25,1,5,5,3012,0,0,0,,0,002,"LA HABRA BL","EDISON LIGHT POLE #2187632E",7.00,W,N,A,-,N,,,,,,,,,,N,3,0,1,2,A,-,03,22350,,N,C,C,A,A,H,-,A,A,0,,,Y,,Y,,C,02,0,1,0,0,0,0,0,0,1,"- ","- ",,,ORANGE,"LA HABRA",,
9621208,2023,2023-11-30,3005,2023-10-20,"718 ",8041,C23,5,5,4,3005,0,0,0,,0,002,"BALL RD","HOLDER ST",0.00,,Y,A,-,N,,,,,,,,,,Y,2,0,1,2,A,-,09,21801,A,N,H,C,A,A,H,-,A,A,0,,,Y,,Y,,A,01,1,0,0,0,0,0,0,0,1,"- ","- ",,,ORANGE,CYPRESS,-118.01950073242188,33.817176818847656
9621765,2023,2023-10-26,3005,2023-09-08,1727,8221,C09,5,5,4,3005,0,0,0,,0,001,"WALKER ST","SPRAGUE AV",130.00,N,N,A,-,N,,,,,,,,,,Y,2,0,1,2,A,-,09,21801,A,N,D,C,A,A,H,-,A,D,0,,,Y,,Y,,A,08,1,0,0,0,0,0,0,0,1,"- ","- ",,,ORANGE,CYPRESS,-118.03713226318359,33.837577819824219
9622640,2023,2023-11-06,3000,2023-09-19,1828,9696,951G5,2,5,5,3040,0,0,0,,0,743,"CROWN VALLEY PKWY","COMMUNITY PARK",17.00,E,N,A,-,N,,,,,,,,,,Y,4,0,1,2,A,-,03,22350,,N,C,C,A,A,H,-,A,A,0,,,Y,,Y,,A,07,0,0,1,0,0,0,0,0,1,"- ","- ",,,ORANGE,"LAGUNA NIGUEL",-117.70835113525391,33.529434204101562
9623048,2023,2023-12-15,3004,2023-10-20,1905,P651,01,5,5,6,3004,0,0,0,,0,009,"PLACENTIA AV","CENTER ST",0.00,,Y,A,-,N,,,,,,,,,,Y,2,0,1,2,A,-,09,21801,A,F,D,C,A,A,H,-,C,D,0,,,Y,,Y,,A,01,1,0,0,0,0,0,0,0,1,"- ","- ",33.641899108886719,-117.93190002441406,ORANGE,"COSTA MESA",-117.93198394775391,33.642055511474609
9624033,2023,2025-06-24,3004,2023-01-18,1949,P669,29,3,5,6,3004,0,0,0,,0,015,"PULLMAN ST","PAULARINO AV",930.00,N,N,B,-,N,,,,,,,,,,Y,1,1,1,6,A,-,03,22350,,N,B,E,A,A,H,-,C,D,0,,,Y,,Y,,-,"- ",1,0,0,0,0,0,0,1,1,"- ","- ",33.683849334716797,-117.87447357177734,ORANGE,"COSTA MESA",-117.87474060058594,33.683307647705078
9624048,2023,2023-10-05,3000,2023-02-11,1922,10475,922-B,6,5,5,3028,0,0,0,,0,017,"MEDICAL CENTER RD","CROWN VALLEY PKWY",850.00,S,N,A,-,N,,,,,,,,,,Y,1,1,0,3,A,-,09,21801,A,N,F,A,A,A,H,-,C,D,0,,,Y,,Y,,A,07,0,0,0,0,0,0,0,1,0,"- ","- ",33.333698272705078,-117.39579772949219,ORANGE,"MISSION VIEJO",-117.666748046875,33.560588836669922
9624119,2022,2023-10-30,3008,2022-12-03,0954,1573,ZONE3,6,5,6,3008,0,0,0,,0,,"STATE COLLEGE BL","COMMONWEALTH AV",0.00,,Y,A,-,N,,,,,,,,,,Y,1,1,1,2,A,-,12,21453,A,N,D,C,A,A,H,-,A,A,0,,,Y,,Y,,A,01,0,1,0,0,0,0,0,1,0,"- ","- ",,,ORANGE,FULLERTON,-117.88957214355469,33.870571136474609
9624120,2022,2023-10-30,3008,2022-08-16,1138,1573,ZONE3,2,5,6,3008,0,0,0,,0,,"ORANGETHORPE AV","STATE COLLEGE BL",831.00,W,N,A,-,N,,,,,,,,,,Y,1,1,0,2,A,-,01,23152,F,N,D,C,A,A,D,-,A,D,0,,,Y,,Y,,C,02,0,0,0,0,0,0,0,1,0,"- ","- ",,,ORANGE,FULLERTON,-117.89214324951172,33.859638214111328
9624368,2023,2023-09-15,3009,2023-08-29,1058,5050,084,2,5,6,3009,0,0,0,,0,013,"STANFORD AV","MELODY DR",79.00,W,N,A,-,N,,,,,,,,,,Y,2,0,1,2,A,-,09,21801,A,N,A,C,A,A,H,-,A,-,0,,,Y,,Y,,A,01,1,0,0,0,0,0,0,0,1,"- ","- ",,,ORANGE,"GARDEN GROVE",-117.96639251708984,33.777599334716797
9625876,2023,2023-10-06,3004,2023-09-21,1532,P651,24,4,5,6,3004,0,0,0,,0,015,"SOUTH COAST DR","SAN LEANDRO LN",10.00,E,N,A,-,N,,,,,,,,,,Y,3,0,1,2,A,-,03,22350,,N,D,C,A,A,H,-,A,D,0,,,Y,,Y,,C,02,0,1,0,0,0,0,0,0,1,"- ","- ",33.688701629638672,-117.90059661865234,ORANGE,"COSTA MESA",-117.90087890625,33.688674926757812
9625919,2023,2023-10-06,3000,2023-08-22,1920,7809,921G2,2,5,4,3045,0,0,0,,0,1920,"PASEO DE VALENCIA","BECKENHAM ST",425.00,S,N,A,-,N,,,,,,,,,,Y,2,0,1,1,A,-,08,22107,,N,E,J,A,A,H,-,B,D,0,,,Y,,Y,,C,02,1,0,0,0,0,0,0,0,1,"- ","- ",,,ORANGE,"LAGUNA HILLS",-117.70172882080078,33.598781585693359
9626769,2023,2023-10-21,3009,2023-09-25,2038,4576,13,1,5,6,3009,0,0,0,,0,"1 1","VALLEY VIEW ST","LAMPSON AV",489.00,S,N,A,-,N,,,,,,,,,,N,4,0,1,2,A,-,09,21801,B,N,D,C,A,A,H,-,C,D,0,,,Y,,Y,,A,07,0,0,1,0,0,0,0,0,1,"- ","- ",,,ORANGE,"GARDEN GROVE",-118.03058624267578,33.780891418457031
9627887,2023,2023-10-13,3004,2023-09-24,1951,P673,25,7,5,6,3004,0,0,0,,0,008,"FAIRVIEW RD","SOUTH COAST DR",0.00,,Y,A,-,N,,,,,,,,,,Y,3,0,1,2,A,-,12,21453,A,N,D,C,A,A,H,-,C,A,0,,,Y,,Y,,C,06,0,1,0,0,0,0,0,0,0,"- ","- ",33.691440582275391,-117.90782165527344,ORANGE,"COSTA MESA",-117.90784454345703,33.691257476806641
9628207,2023,2023-10-30,3011,2023-09-28,1314,31273,86,4,5,4,3011,0,0,0,,0,003,"RT 1","VISTA DEL SOL",376.00,S,N,A,-,Y,ORA,12,1,-,-,4.830,H,-,N,Y,3,0,1,2,A,-,03,22350,,N,D,C,A,A,D,-,A,D,0,,,Y,,Y,,C,02,0,1,0,0,0,0,0,0,1,"- ","- ",,,ORANGE,"LAGUNA BEACH",-117.73394012451172,33.492130279541016
9628431,2023,2023-11-15,3000,2023-09-02,1121,6532,971J6,6,5,4,3029,0,0,0,,0,734,"PACIFIC COAST HWY","CRYSTAL LANTERN",54.00,,N,A,-,N,,,,,,,,,,Y,3,0,1,3,A,-,03,22350,,N,B,C,A,D,H,-,C,A,0,,,Y,,Y,,C,02,0,1,0,0,0,0,0,0,1,"- ","- ",,,ORANGE,"DANA POINT",-117.69039916992188,33.465843200683594
9630918,2023,2023-11-13,3009,2023-10-11,1100,4730,112,3,5,6,3009,0,0,0,,0,2-1,"EUCLID ST","ALLEN DR",0.00,,Y,A,-,N,,,,,,,,,,N,2,0,1,2,A,-,09,21802,A,N,D,C,A,-,H,-,A,D,0,,,Y,,Y,,A,01,1,0,0,0,0,0,0,0,1,"- ","- ",,,ORANGE,"GARDEN GROVE",-117.94122314453125,33.785476684570312
9630923,2023,2023-11-09,3009,2023-10-06,1956,4729,03,5,5,6,3009,0,0,0,,0,1-1,"LAMPSON AV","BLACKMER ST",22.00,W,N,A,-,N,,,,,,,,,,Y,2,0,1,1,A,-,03,22350,,N,E,I,A,A,H,-,C,A,0,,,Y,,Y,,C,02,1,0,0,0,0,0,0,0,1,"- ","- ",,,ORANGE,"GARDEN GROVE",-118.03555297851562,33.782627105712891
9631427,2023,2023-11-13,3004,2023-10-07,1137,P723,10,6,5,6,3004,0,0,0,,0,013,"W WILSON ST","MAPLE ST",70.00,W,N,A,-,N,,,,,,,,,,N,3,0,1,2,A,-,08,22107,,N,D,G,A,A,H,-,A,D,0,,,Y,,Y,,A,01,0,1,0,0,0,0,0,0,1,"- ","- ",33.656219482421875,-117.92327880859375,ORANGE,"COSTA MESA",-117.92317962646484,33.656147003173828
9633131,2023,2023-12-08,3000,2023-10-15,1022,11157,993A5,7,5,5,3017,0,0,0,,0,172,"SOUTH EL CAMINO REAL","RT 5",0.00,,Y,A,-,Y,ORA,12,5,-,-,1.257,R,4,N,Y,4,0,1,2,A,-,12,21453,,N,D,C,A,A,H,-,A,A,0,,,Y,,Y,,C,02,0,0,1,0,0,0,0,0,1,"- ",NF,,,ORANGE,"SAN CLEMENTE",-117.60210418701172,33.413242340087891
9633311,2023,2024-01-03,3009,2023-11-01,2152,4874,82,3,5,6,3009,0,0,0,,0,012,"CHAPMAN AV","MAGNOLIA ST",286.00,E,N,A,-,N,,,,,,,,,,N,4,0,1,2,A,-,09,21804,A,N,C,C,A,A,H,-,C,D,0,,,Y,,Y,,A,01,0,0,1,0,0,0,0,0,1,"- ","- ",,,ORANGE,"GARDEN GROVE",-117.97444915771484,33.788478851318359
9633361,2023,2023-11-20,3009,2023-10-30,1235,4659,123,1,5,6,3009,0,0,0,,0,021,"CHAPMAN AV","DELLA LN",20.00,W,N,A,G,N,,,,,,,,,,Y,3,0,1,2,A,-,08,22100,A,N,B,C,A,A,H,-,A,A,0,,,Y,,Y,,A,01,0,1,0,0,0,0,0,0,1,"- ","- ",,,ORANGE,"GARDEN GROVE",-117.9385986328125,33.788738250732422
9633549,2023,2023-11-14,3000,2023-07-16,1244,11278,972C5,7,5,4,3018,0,0,0,,0,1A3,"JUNIPERO SERRA RD","RT 5",82.00,W,N,A,-,Y,ORA,12,5,-,-,11.138,R,4,S,N,4,0,1,1,A,-,03,22350,,N,F,A,A,A,H,-,A,A,0,,,Y,,Y,,C,02,0,0,1,0,0,0,0,0,1,"- ",SF,,,ORANGE,"SAN JUAN CAPISTRANO",-117.66712951660156,33.523406982421875
9635032,2023,2024-01-23,3005,2023-11-17,2150,8302,C19,5,5,4,3005,0,0,0,,0,230320,"BLOOMFIELD AV","VIA INGRESSO",42.00,W,N,A,-,N,,,,,,,,,,Y,2,0,1,2,A,-,09,21801,A,N,D,C,A,A,H,-,C,D,0,,,Y,,Y,,C,02,1,0,0,0,0,0,0,0,1,"- ","- ",,,ORANGE,CYPRESS,-118.06329345703125,33.821491241455078
9637348,2023,2024-01-11,3000,2023-10-07,"847 ",6532,971J6,6,5,4,3029,0,0,0,,0,734,PCH,"DOHENY PARK PLZ",301.00,N,N,A,-,N,,,,,,,,,,Y,4,0,1,1,A,-,03,22350,,N,F,A,A,A,H,-,A,A,0,,,Y,,Y,,C,02,0,0,1,0,0,0,0,0,1,"- ","- ",,,ORANGE,"DANA POINT",-117.68632507324219,33.464752197265625
9637746,2023,2024-07-19,3002,2023-11-17,1320,9211,740B3,5,5,5,3025,0,0,0,,0,001,"RT 90","EUREKA AV",269.00,N,N,A,-,N,,,,,,,,,,Y,1,1,0,1,A,-,08,22107,,N,F,A,A,A,H,-,A,D,0,,,Y,,Y,,C,02,0,0,0,0,0,0,0,1,0,"- ","- ",,,ORANGE,"YORBA LINDA",-117.82067108154297,33.894241333007812
9638630,2023,2023-11-20,3000,2023-10-29,"40  ",2742,993B4,7,5,5,3017,0,0,0,,0,778,"AVENIDA SAN PABLO","AVENIDA ACAPULCO",310.00,S,N,A,-,N,,,,,,,,,,N,2,0,1,1,A,-,03,22350,,N,E,I,A,A,H,-,C,D,0,,,Y,,Y,,C,02,1,0,0,0,0,0,0,0,1,"- ","- ",,,ORANGE,"SAN CLEMENTE",-117.5950927734375,33.424335479736328
9638631,2023,2023-11-20,3000,2023-10-22,1658,9696,951G5,7,5,5,3040,0,0,0,,0,743,"NIGUEL RD","SLA HERMOSA",227.00,S,N,A,-,N,,,,,,,,,,Y,4,0,1,1,A,-,08,22107,,N,E,I,A,A,H,-,A,A,0,,,Y,,Y,,C,02,0,0,1,0,0,0,0,0,1,"- ","- ",,,ORANGE,"LAGUNA NIGUEL",-117.707275390625,33.521858215332031
9638633,2023,2023-11-20,3000,2023-10-22,1250,11797,992J5,7,5,5,3017,0,0,0,,0,777,"EL CAMINO REAL","TRAFALGAR LN",130.00,S,N,A,-,N,,,,,,,,,,Y,4,0,1,2,A,-,03,22350,,N,D,D,A,A,H,-,A,D,0,,,Y,,Y,,C,03,0,0,1,0,0,0,0,0,1,"- ","- ",,,ORANGE,"SAN CLEMENTE",-117.6094970703125,33.423557281494141
9639720,2023,2023-11-20,3005,2023-10-30,"552 ",8366,L10,1,5,4,3005,0,0,0,,0,003,"KATELLA AV","WALKER ST",15.00,W,N,A,-,N,,,,,,,,,,N,4,0,1,2,A,-,03,22350,,N,C,C,A,A,H,-,C,A,0,,,Y,,Y,,A,01,0,0,1,0,0,0,0,0,1,"- ","- ",,,ORANGE,CYPRESS,-118.03711700439453,33.802909851074219
9639916,2023,2024-01-06,3004,2023-11-11,1508,P700,11,6,5,6,3004,0,0,0,,0,001,"NEWPORT BL",BROADWAY,0.00,,Y,B,-,N,,,,,,,,,,Y,2,0,1,3,D,-,00,,,N,D,C,A,A,H,-,A,A,0,,,Y,,Y,,-,"- ",1,0,0,0,0,0,0,0,1,"- ","- ",33.641841888427734,-117.91786193847656,ORANGE,"COSTA MESA",-117.91789245605469,33.641891479492188
9640201,2023,2025-07-22,3000,2023-08-05,2053,10561,797-J,6,5,4,3021,0,0,0,,0,020,"RT 39","CHAPMAN AV",397.00,S,N,A,-,Y,ORA,12,39,-,-,9.590,H,-,N,Y,1,1,1,2,A,-,01,23152,G,N,C,C,A,A,H,-,C,A,0,,,Y,,Y,Y,C,02,0,0,1,0,0,0,0,1,0,"- ","- ",33.471378326416016,-117.59340667724609,ORANGE,STANTON,-117.99285125732422,33.787197113037109
9640222,2023,2024-02-27,3004,2023-11-05,1532,P462,10,7,5,6,3004,0,0,0,,0,013,"W WILSON ST","MEYER PL",38.00,W,N,A,-,N,,,,,,,,,,N,1,1,0,1,A,-,03,22350,,N,F,A,A,A,H,-,A,D,0,,,Y,,Y,,C,02,0,0,0,0,0,0,0,1,0,"- ","- ",33.656108856201172,-117.92530059814453,ORANGE,"COSTA MESA",-117.92522430419922,33.656120300292969
9640246,2023,2024-03-06,3000,2023-10-18,2205,8521,891-F,3,5,5,3050,0,0,0,,0,017,"ROCKFIELD BL","MERCURY RD",0.00,,Y,A,-,N,,,,,,,,,,Y,1,1,0,2,A,-,01,23152,G,N,D,C,A,A,H,-,C,D,0,,,Y,,Y,Y,C,02,0,0,0,0,0,0,0,1,0,"- ","- ",33.625850677490234,-117.71391296386719,ORANGE,"LAKE FOREST",-117.71379089355469,33.625873565673828
9640298,2023,2025-06-24,3005,2023-12-14,1522,8221,,4,5,4,3005,0,0,0,,0,002,"VALLEY VIEW TER","LINCOLN AV",0.00,S,N,A,-,N,,,,,,,,,,Y,1,1,0,2,A,-,03,22350,,N,D,C,A,A,H,-,A,D,0,,,Y,,Y,,C,02,0,0,0,0,0,0,0,1,0,"- ","- ",,,ORANGE,CYPRESS,-118.02848815917969,33.831703186035156
9640484,2023,2024-06-24,3000,2023-08-09,1341,1920,892B2,3,5,5,3050,0,0,0,,0,721,"EL TORO RD","SUMMERWOOD WY",509.00,S,N,A,-,N,,,,,,,,,,Y,1,1,0,1,A,-,08,22107,,N,E,I,A,A,H,-,A,D,0,,,Y,,Y,,C,02,0,0,0,0,0,0,0,1,0,"- ","- ",33.649150848388672,-117.66104888916016,ORANGE,"LAKE FOREST",-117.66061401367188,33.649635314941406
9640569,2023,2025-07-02,3015,2023-03-03,1820,1374,37E,5,5,6,3015,0,0,0,,0,751,"LINCOLN AV","COTTONWOOD ST",0.00,,Y,A,-,N,,,,,,,,,,Y,1,1,0,2,A,-,09,21801,A,N,D,C,A,A,H,-,C,D,0,,,Y,,Y,Y,A,01,0,0,0,0,0,0,0,1,0,"- ","- ",33.836128234863281,-117.84812927246094,ORANGE,ORANGE,-117.84803771972656,33.836193084716797
9640626,2023,2025-06-28,3010,2023-09-12,1843,2166,169,2,5,6,3010,0,0,0,,0,007,"WARNER AV",GOLDENWEST,426.00,W,N,A,-,N,,,,,,,,,,Y,1,1,0,2,A,-,09,21801,A,N,D,C,A,A,H,-,-,D,0,,,Y,,Y,Y,A,01,0,0,0,0,0,0,0,1,0,"- ","- ",33.715641021728516,-118.00817108154297,ORANGE,"HUNTINGTON BEACH",-118.00806427001953,33.715488433837891
9640699,2023,2024-07-16,3019,2023-12-01,2330,3439,SE,5,5,7,3019,0,0,0,,0,003,"EDINGER AV","AUTO MALL DR",23.00,W,N,A,-,N,,,,,,,,,,Y,1,1,0,1,A,-,08,22107,,N,E,I,A,A,D,-,C,D,0,,,Y,,Y,,C,02,0,0,0,0,0,0,0,1,0,"- ","- ",33.726638793945312,-117.83657073974609,ORANGE,"SANTA ANA",-117.83684539794922,33.726909637451172
9642473,2023,2024-02-29,3004,2023-12-05,"756 ",P723,04,2,5,6,3004,0,0,0,,0,006,"TUSTIN AV","18TH ST",0.00,,N,A,-,N,,,,,,,,,,N,3,0,1,2,A,-,17,22517,,N,E,G,A,A,H,-,A,D,0,,,Y,,Y,,A,01,0,1,0,0,0,0,0,0,1,"- ","- ",33.632850646972656,-117.90994262695312,ORANGE,"COSTA MESA",-117.90924835205078,33.633541107177734
9642556,2023,2023-12-21,3004,2023-11-10,2157,P690,03,5,5,6,3004,0,0,0,,0,006,"EAST 17TH ST","ORANGE AV",0.00,,Y,A,-,N,,,,,,,,,,Y,3,0,1,2,A,-,01,23152,A,N,D,C,A,A,H,-,C,A,0,,,Y,,Y,Y,C,06,0,1,0,0,0,0,0,0,1,"- ","- ",33.635459899902344,-117.918701171875,ORANGE,"COSTA MESA",-117.91870880126953,33.635395050048828
9643152,2023,2023-11-21,3000,2023-06-05,2000,9696,951J2,1,5,5,3040,0,0,0,,0,743,"GOLDEN LANTERN","ALOMA AV",0.00,,Y,A,-,N,,,,,,,,,,Y,4,0,1,2,D,-,00,,,N,D,C,A,A,H,-,C,A,0,,,Y,,Y,Y,-,"- ",0,0,1,0,0,0,0,0,1,"- ","- ",,,ORANGE,"LAGUNA NIGUEL",-117.69113159179688,33.542209625244141
9643314,2023,2023-12-07,3009,2023-10-30,1916,4576,063,1,5,6,3009,0,0,0,,0,012,"DALE ST","ENAULT LN",0.00,,Y,A,-,N,,,,,,,,,,Y,2,0,1,2,A,-,03,22350,,N,D,C,A,A,H,-,C,D,0,,,Y,,Y,,C,02,1,0,0,0,0,0,0,0,1,"- ","- ",,,ORANGE,"GARDEN GROVE",-117.98409271240234,33.784435272216797
9648743,2023,2024-02-27,3004,2023-12-03,2235,P717,16,7,5,6,3004,0,0,0,,0,008,"FAIRVIEW RD","ADAMS AV",0.00,,Y,A,-,N,,,,,,,,,,Y,2,0,1,2,A,-,03,22350,,N,C,C,A,A,H,-,C,A,0,,,Y,,Y,,A,01,1,0,0,0,0,0,0,0,1,"- ","- ",33.676231384277344,-117.90789794921875,ORANGE,"COSTA MESA",-117.90786743164062,33.6759033203125
9649555,2023,2024-01-02,3009,2023-11-29,2106,5083,EAST,3,5,6,3009,0,0,0,,0,116,"WESTMINSTER AV","EUCLID ST",13.00,W,N,A,-,N,,,,,,,,,,N,3,0,1,2,A,-,08,22107,,M,G,B,A,A,H,-,C,A,0,,,Y,,Y,,-,99,0,1,0,0,0,0,0,0,1,"- ","- ",,,ORANGE,"GARDEN GROVE",-117.93767547607422,33.759590148925781
9649556,2023,2024-01-02,3009,2023-11-11,1208,4719,135,6,5,6,3009,0,0,0,,0,023,"GARDEN GROVE BL","WEST ST",0.00,,Y,A,-,N,,,,,,,,,,N,4,0,1,2,A,-,03,22350,,N,C,C,A,A,H,-,A,D,0,,,Y,,Y,,C,02,0,0,1,0,0,0,0,0,1,"- ","- ",,,ORANGE,"GARDEN GROVE",-117.92350769042969,33.774425506591797
9651185,2023,2024-01-05,3012,2023-10-27,2100,690,35,5,5,5,3012,0,0,0,,0,003,"S IDAHO ST","LAS LOMAS DR",295.00,S,N,A,-,N,,,,,,,,,,Y,3,0,1,2,A,-,08,22107,,N,D,C,A,A,H,-,C,D,0,,,Y,,Y,,A,01,0,1,0,0,0,0,0,0,1,"- ","- ",,,ORANGE,"LA HABRA",-117.95922088623047,33.920692443847656
9652414,2023,2024-03-13,3002,2023-12-29,1356,10363,741A4,5,5,5,3025,0,0,0,,0,104,"HIDDEN HILLS RD","MISSION HILLS LN",1485.00,S,N,A,-,N,,,,,,,,,,N,2,0,1,1,A,-,03,22350,,N,E,I,A,A,H,-,A,D,0,,,Y,,Y,,C,02,1,0,0,0,0,0,0,0,1,"- ","- ",,,ORANGE,"YORBA LINDA",-117.74529266357422,33.881637573242188
9654426,2023,2024-02-02,3000,2023-12-14,1425,8213,89J3,4,5,4,3048,0,0,0,,0,M68,"AVENIDA EMPRESA",AVENTURA,319.00,N,N,A,-,N,,,,,,,,,,Y,3,0,2,2,A,-,09,21804,A,N,D,C,A,A,H,-,A,A,0,,,Y,,Y,,A,01,0,2,0,0,0,0,0,0,0,"- ","- ",33.637130737304688,-117.60740661621094,ORANGE,"RANCHO SANTA MARGARITA",-117.60747528076172,33.637004852294922
9654476,2023,2024-02-02,3000,2023-12-29,1721,9696,921G7,5,5,5,3040,0,0,0,,0,743,"LA PAZ RD","ALLEGRA RD",125.00,N,N,A,-,N,,,,,,,,,,N,3,0,1,1,A,-,03,22350,,N,F,A,A,A,H,-,C,A,0,,,Y,,Y,,C,02,0,1,0,0,0,0,0,0,1,"- ","- ",,,ORANGE,"LAGUNA NIGUEL",-117.70832824707031,33.561111450195312
9654479,2023,2024-02-02,3000,2023-12-26,1235,1010,863-D,2,5,4,3048,0,0,0,,0,766,"PLANO TRABUCO RD","TRABUCO CANYON RD",13.00,S,N,A,-,N,,,,,,,,,,Y,4,0,1,1,A,-,03,22350,,N,H,-,A,A,H,-,A,D,0,,,Y,,Y,,C,02,0,0,1,0,0,0,0,0,1,"- ","- ",,,ORANGE,"RANCHO SANTA MARGARITA",-117.57649230957031,33.65655517578125
9655343,2023,2024-02-23,3002,2023-11-28,1439,9937,740F5,2,5,5,3025,0,0,0,,0,6M01,"BRUSH CANYON DR","MULBERRY WY",99.00,W,N,A,-,N,,,,,,,,,,Y,4,0,1,2,A,-,04,21703,,N,C,C,A,A,H,-,A,D,0,,,Y,,Y,,C,02,0,0,1,0,0,0,0,0,1,"- ","- ",,,ORANGE,"YORBA LINDA",-117.70517730712891,33.877616882324219
9656095,2023,2024-02-12,3004,2023-12-05,1403,P722,07,2,5,6,3004,0,0,0,,0,002,"NEWPORT BL","E BAY ST",0.00,,Y,A,-,N,,,,,,,,,,Y,3,0,1,2,A,-,09,21801,,N,B,C,A,A,H,-,A,A,0,,,Y,,Y,,A,01,0,1,0,0,0,0,0,0,1,"- ","- ",33.647499084472656,-117.91230010986328,ORANGE,"COSTA MESA",-117.91279602050781,33.648101806640625
9656360,2023,2024-02-29,3002,2023-12-08,2110,12602,739J2,5,5,5,3025,0,0,0,,0,001,"IMPERIAL HWY","PROSPECT AV",387.00,W,N,A,-,N,,,,,,,,,,Y,2,0,1,2,A,-,08,22107,,N,D,C,A,A,H,-,C,D,0,,,Y,,Y,,A,01,1,0,0,0,0,0,0,0,1,"- ","- ",,,ORANGE,"YORBA LINDA",-117.83868408203125,33.902572631835938
9656388,2023,2024-03-08,3000,2023-12-12,1405,1920,797J6,2,5,4,3021,0,0,0,,0,721,"STANFORD AV","BEACH BL",0.00,,Y,A,-,Y,ORA,12,39,-,-,8.917,I,5,S,Y,3,0,1,2,A,-,17,21451,A,N,A,C,A,A,H,-,A,A,0,,,Y,,Y,,A,01,0,1,0,0,0,0,0,0,1,"- ","- ",,,ORANGE,STANTON,-117.99295806884766,33.777477264404297
9657074,2023,2024-02-02,3000,2023-11-23,1346,5377,951J4,4,5,5,3040,0,0,0,,0,741,"GOLDEN LANTERN","VIA DE ANZA",0.00,,Y,B,-,N,,,,,,,,,,Y,3,0,1,2,A,-,09,21801,A,N,D,C,A,A,H,-,A,D,0,,,Y,,Y,,A,01,0,1,0,0,0,0,0,0,1,"- ","- ",,,ORANGE,"LAGUNA NIGUEL",-117.68508148193359,33.533405303955078
9657111,2023,2024-02-02,3000,2023-10-08,1402,12043,951G1,7,5,5,3040,0,0,0,,0,741,"ALISO CREEK RD","LA PAZ RD",169.00,W,N,A,-,N,,,,,,,,,,Y,3,0,1,2,A,-,03,22350,,N,F,A,A,A,H,-,A,A,0,,,Y,,Y,,C,02,0,1,0,0,0,0,0,0,1,"- ","- ",,,ORANGE,"LAGUNA NIGUEL",-117.71058654785156,33.555469512939453
9657464,2023,2024-02-06,3009,2023-12-28,1738,4661,135,4,5,6,3009,0,0,0,,0,023,"FLAGSTONE AV","HARBOR BL",0.00,,Y,A,-,N,,,,,,,,,,N,4,0,1,2,A,-,09,21801,A,N,D,C,A,A,H,-,C,D,0,,,Y,,Y,,A,01,0,0,1,0,0,0,0,0,1,"- ","- ",,,ORANGE,"GARDEN GROVE",-117.92047119140625,33.770267486572266
9657747,2023,2024-02-08,3000,2023-12-15,"630 ",8213,892A2,5,5,4,3048,0,0,0,,0,668,"SANTA MARGARITA PKWY","AVENIDA DE LAS FLORES",55.00,W,N,A,-,N,,,,,,,,,,Y,2,0,1,1,A,-,08,22107,,N,F,A,A,A,H,-,A,A,0,,,Y,,Y,,C,02,1,0,0,0,0,0,0,0,1,"- ","- ",33.643730163574219,-117.59883880615234,ORANGE,"RANCHO SANTA MARGARITA",-117.59877777099609,33.643562316894531
9660826,2023,2024-01-19,3000,2023-11-13,1520,5013,971H3,1,5,4,3029,0,0,0,,0,736,"STREET OF THE GOLDEN LANTERN","CAMINO DEL AVION",219.00,S,N,A,-,N,,,,,,,,,,N,2,0,1,2,A,-,03,22350,,N,A,C,A,A,H,-,A,A,0,,,Y,,Y,,C,02,1,0,0,0,0,0,0,0,1,"- ","- ",,,ORANGE,"DANA POINT",-117.69759368896484,33.490390777587891
9661617,2023,2024-03-08,3000,2023-11-04,1735,10820,797J6,6,5,4,3021,0,0,0,,0,023,"BEACH BL","STANFORD AV",0.00,,Y,A,-,Y,ORA,12,39,-,-,9.000,H,-,N,Y,2,0,1,2,A,-,08,22107,,N,B,C,A,A,H,-,B,D,0,,,Y,,Y,,A,01,1,0,0,0,0,0,0,0,1,"- ","- ",,,ORANGE,STANTON,-117.99275207519531,33.778656005859375
9661621,2023,2024-02-06,3000,2023-11-10,1050,6532,971H6,5,5,4,3029,0,0,0,,0,734,"DEL PRADO AV","AMBER LANTERN",135.00,S,N,A,-,N,,,,,,,,,,N,2,0,1,2,A,-,17,21209,A,N,D,C,A,A,H,-,A,D,0,,,Y,,Y,,C,02,1,0,0,0,0,0,0,0,1,"- ","- ",,,ORANGE,"DANA POINT",-117.70226287841797,33.465480804443359
9751411,2023,2025-07-23,3010,2023-10-29,1903,2166,474,7,5,6,3010,0,0,0,,0,002,"HAMILTON AV","MAGNOLIA ST",0.00,,Y,G,-,N,,,,,,,,,,Y,1,1,0,2,A,-,09,21801,A,N,D,C,A,A,H,-,C,A,0,,,Y,,Y,Y,A,07,0,0,0,0,0,0,0,1,0,"- ","- ",33.65045166015625,-117.97090148925781,ORANGE,"HUNTINGTON BEACH",-117.97091674804688,33.650485992431641
9751466,2023,2025-02-11,3000,2023-12-03,1645,70616,,7,5,5,3050,0,0,0,,0,,"SANTIAGO CANYON RD","SADDLE CREST",29.00,S,N,A,-,N,,,,,,,,,,Y,1,1,1,2,A,-,09,21802,A,N,A,D,A,A,H,-,B,A,0,,,Y,,Y,,A,01,1,0,0,0,0,0,0,1,1,"- ","- ",,,ORANGE,"LAKE FOREST",,
9751508,2023,2025-07-23,3010,2023-03-08,"203 ",1192,435,3,5,6,3010,0,0,0,,0,003,YORKTOWN,"WATERBURY CT",216.00,W,N,B,-,N,,,,,,,,,,Y,1,1,0,1,A,-,01,23152,A,N,B,I,A,A,H,-,C,D,0,,,Y,,Y,Y,C,02,0,0,0,0,0,0,0,1,0,"- ","- ",,,ORANGE,"HUNTINGTON BEACH",-117.96704864501953,33.679519653320312
9751512,2023,2025-02-25,3019,2023-06-18,"753 ",3692,SE,7,5,7,3019,0,0,0,,0,003,"DYER RD","BRADFORD PL",120.00,W,N,B,-,N,,,,,,,,,,Y,1,1,0,1,A,-,03,22350,,N,E,I,A,A,H,-,A,D,0,,,Y,,Y,,C,02,0,0,0,0,0,0,0,1,0,"- ","- ",33.708610534667969,-117.87270355224609,ORANGE,"SANTA ANA",-117.87335205078125,33.708759307861328
9786096,2023,2025-04-15,3008,2023-04-09,"919 ",1479,ZONE1,7,5,6,3008,0,0,0,,0,,"MAGNOLIA AV","FLOWER AV",0.00,,Y,A,-,N,,,,,,,,,,Y,1,2,4,5,A,-,09,21801,B,N,D,C,-,A,H,-,A,D,0,Y,Y,Y,,Y,,A,01,0,1,3,1,0,0,1,1,0,"- ","- ",,,ORANGE,FULLERTON,-117.97630310058594,33.863147735595703
